Copyright 1986-2022 Xilinx, Inc. All Rights Reserved. Copyright 2022-2024 Advanced Micro Devices, Inc. All Rights Reserved.
-----------------------------------------------------------------------------------------------------------------------------------------------------------------------------------------------------------------------------------------------------------------
| Tool Version      : Vivado v.2024.1 (lin64) Build 5076996 Wed May 22 18:36:09 MDT 2024
| Date              : Wed Aug 26 10:11:27 2026
| Host              : ece006.ece.local.cmu.edu running 64-bit Red Hat Enterprise Linux release 8.10 (Ootpa)
| Command           : report_timing_summary -max_paths 10 -report_unconstrained -file tick2trade_bd_wrapper_timing_summary_routed.rpt -pb tick2trade_bd_wrapper_timing_summary_routed.pb -rpx tick2trade_bd_wrapper_timing_summary_routed.rpx -warn_on_violation
| Design            : tick2trade_bd_wrapper
| Device            : xczu7ev-ffvc1156
| Speed File        : -2  PRODUCTION 1.30 05-15-2022
| Design State      : Routed
| Temperature Grade : E
-----------------------------------------------------------------------------------------------------------------------------------------------------------------------------------------------------------------------------------------------------------------

Timing Summary Report

------------------------------------------------------------------------------------------------
| Timer Settings
| --------------
------------------------------------------------------------------------------------------------

  Enable Multi Corner Analysis               :  Yes
  Enable Pessimism Removal                   :  Yes
  Pessimism Removal Resolution               :  Nearest Common Node
  Enable Input Delay Default Clock           :  No
  Enable Preset / Clear Arcs                 :  No
  Disable Flight Delays                      :  No
  Ignore I/O Paths                           :  No
  Timing Early Launch at Borrowing Latches   :  No
  Borrow Time for Max Delay Exceptions       :  Yes
  Merge Timing Exceptions                    :  Yes
  Inter-SLR Compensation                     :  Conservative

  Corner  Analyze    Analyze    
  Name    Max Paths  Min Paths  
  ------  ---------  ---------  
  Slow    Yes        Yes        
  Fast    Yes        Yes        


------------------------------------------------------------------------------------------------
| Report Methodology
| ------------------
------------------------------------------------------------------------------------------------

Rule       Severity  Description                         Violations  
---------  --------  ----------------------------------  ----------  
TIMING-9   Warning   Unknown CDC Logic                   1           
TIMING-24  Warning   Overridden Max delay datapath only  5           

Note: This report is based on the most recent report_methodology run and may not be up-to-date. Run report_methodology on the current design for the latest report.



check_timing report

Table of Contents
-----------------
1. checking no_clock (0)
2. checking constant_clock (0)
3. checking pulse_width_clock (0)
4. checking unconstrained_internal_endpoints (0)
5. checking no_input_delay (0)
6. checking no_output_delay (0)
7. checking multiple_clock (0)
8. checking generated_clocks (0)
9. checking loops (0)
10. checking partial_input_delay (0)
11. checking partial_output_delay (0)
12. checking latch_loops (0)

1. checking no_clock (0)
------------------------
 There are 0 register/latch pins with no clock.


2. checking constant_clock (0)
------------------------------
 There are 0 register/latch pins with constant_clock.


3. checking pulse_width_clock (0)
---------------------------------
 There are 0 register/latch pins which need pulse_width check


4. checking unconstrained_internal_endpoints (0)
------------------------------------------------
 There are 0 pins that are not constrained for maximum delay.

 There are 0 pins that are not constrained for maximum delay due to constant clock.


5. checking no_input_delay (0)
------------------------------
 There are 0 input ports with no input delay specified.

 There are 0 input ports with no input delay but user has a false path constraint.


6. checking no_output_delay (0)
-------------------------------
 There are 0 ports with no output delay specified.

 There are 0 ports with no output delay but user has a false path constraint

 There are 0 ports with no output delay but with a timing clock defined on it or propagating through it


7. checking multiple_clock (0)
------------------------------
 There are 0 register/latch pins with multiple clocks.


8. checking generated_clocks (0)
--------------------------------
 There are 0 generated clocks that are not connected to a clock source.


9. checking loops (0)
---------------------
 There are 0 combinational loops in the design.


10. checking partial_input_delay (0)
------------------------------------
 There are 0 input ports with partial input delay specified.


11. checking partial_output_delay (0)
-------------------------------------
 There are 0 ports with partial output delay specified.


12. checking latch_loops (0)
----------------------------
 There are 0 combinational latch loops in the design through latch input



------------------------------------------------------------------------------------------------
| Design Timing Summary
| ---------------------
------------------------------------------------------------------------------------------------

    WNS(ns)      TNS(ns)  TNS Failing Endpoints  TNS Total Endpoints      WHS(ns)      THS(ns)  THS Failing Endpoints  THS Total Endpoints     WPWS(ns)     TPWS(ns)  TPWS Failing Endpoints  TPWS Total Endpoints  
    -------      -------  ---------------------  -------------------      -------      -------  ---------------------  -------------------     --------     --------  ----------------------  --------------------  
      0.129        0.000                      0               179148        0.010        0.000                      0               179148        1.551        0.000                       0                 21763  


All user specified timing constraints are met.


------------------------------------------------------------------------------------------------
| Clock Summary
| -------------
------------------------------------------------------------------------------------------------

Clock     Waveform(ns)         Period(ns)      Frequency(MHz)
-----     ------------         ----------      --------------
clk_pl_0  {0.000 5.000}        10.000          100.000         
clk_pl_1  {0.000 2.083}        4.166           240.038         


------------------------------------------------------------------------------------------------
| Intra Clock Table
| -----------------
------------------------------------------------------------------------------------------------

Clock             WNS(ns)      TNS(ns)  TNS Failing Endpoints  TNS Total Endpoints      WHS(ns)      THS(ns)  THS Failing Endpoints  THS Total Endpoints     WPWS(ns)     TPWS(ns)  TPWS Failing Endpoints  TPWS Total Endpoints  
-----             -------      -------  ---------------------  -------------------      -------      -------  ---------------------  -------------------     --------     --------  ----------------------  --------------------  
clk_pl_0            2.925        0.000                      0                 4748        0.017        0.000                      0                 4748        3.500        0.000                       0                  2122  
clk_pl_1            0.129        0.000                      0               174400        0.010        0.000                      0               174400        1.551        0.000                       0                 19641  


------------------------------------------------------------------------------------------------
| Inter Clock Table
| -----------------
------------------------------------------------------------------------------------------------

From Clock    To Clock          WNS(ns)      TNS(ns)  TNS Failing Endpoints  TNS Total Endpoints      WHS(ns)      THS(ns)  THS Failing Endpoints  THS Total Endpoints  
----------    --------          -------      -------  ---------------------  -------------------      -------      -------  ---------------------  -------------------  


------------------------------------------------------------------------------------------------
| Other Path Groups Table
| -----------------------
------------------------------------------------------------------------------------------------

Path Group    From Clock    To Clock          WNS(ns)      TNS(ns)  TNS Failing Endpoints  TNS Total Endpoints      WHS(ns)      THS(ns)  THS Failing Endpoints  THS Total Endpoints  
----------    ----------    --------          -------      -------  ---------------------  -------------------      -------      -------  ---------------------  -------------------  


------------------------------------------------------------------------------------------------
| User Ignored Path Table
| -----------------------
------------------------------------------------------------------------------------------------

Path Group    From Clock    To Clock    
----------    ----------    --------    
(none)                      clk_pl_0      
(none)        clk_pl_0      clk_pl_0      
(none)        clk_pl_1      clk_pl_0      
(none)                      clk_pl_1      
(none)        clk_pl_0      clk_pl_1      


------------------------------------------------------------------------------------------------
| Unconstrained Path Table
| ------------------------
------------------------------------------------------------------------------------------------

Path Group    From Clock    To Clock    
----------    ----------    --------    


------------------------------------------------------------------------------------------------
| Timing Details
| --------------
------------------------------------------------------------------------------------------------


---------------------------------------------------------------------------------------------------
From Clock:  clk_pl_0
  To Clock:  clk_pl_0

Setup :            0  Failing Endpoints,  Worst Slack        2.925ns,  Total Violation        0.000ns
Hold  :            0  Failing Endpoints,  Worst Slack        0.017ns,  Total Violation        0.000ns
PW    :            0  Failing Endpoints,  Worst Slack        3.500ns,  Total Violation        0.000ns
---------------------------------------------------------------------------------------------------


Max Delay Paths
--------------------------------------------------------------------------------------
Slack (MET) :             2.925ns  (required time - arrival time)
  Source:                 tick2trade_bd_i/axi_mem_intercon/s00_couplers/auto_us/inst/gen_upsizer.gen_full_upsizer.axi_upsizer_inst/USE_READ.gen_non_fifo_r_upsizer.read_data_inst/first_word_reg/C
                            (rising edge-triggered cell FDSE clocked by clk_pl_0  {rise@0.000ns fall@5.000ns period=10.000ns})
  Destination:            tick2trade_bd_i/axi_dma/U0/I_PRMRY_DATAMOVER/GEN_MM2S_FULL.I_MM2S_FULL_WRAPPER/GEN_INCLUDE_MM2S_SF.I_RD_SF/I_DATA_FIFO/BLK_MEM.I_SYNC_FIFOGEN_FIFO/xpm_fifo_instance.xpm_fifo_sync_inst/xpm_fifo_base_inst/gen_sdpram.xpm_memory_base_inst/gen_wr_a.gen_word_narrow.mem_reg/DINADIN[28]
                            (rising edge-triggered cell RAMB36E2 clocked by clk_pl_0  {rise@0.000ns fall@5.000ns period=10.000ns})
  Path Group:             clk_pl_0
  Path Type:              Setup (Max at Slow Process Corner)
  Requirement:            10.000ns  (clk_pl_0 rise@10.000ns - clk_pl_0 rise@0.000ns)
  Data Path Delay:        6.611ns  (logic 0.364ns (5.506%)  route 6.247ns (94.494%))
  Logic Levels:           3  (LUT4=1 LUT6=1 MUXF7=1)
  Clock Path Skew:        -0.079ns (DCD - SCD + CPR)
    Destination Clock Delay (DCD):    1.765ns = ( 11.765 - 10.000 ) 
    Source Clock Delay      (SCD):    1.945ns
    Clock Pessimism Removal (CPR):    0.101ns
  Clock Uncertainty:      0.130ns  ((TSJ^2 + DJ^2)^1/2) / 2 + PE
    Total System Jitter     (TSJ):    0.071ns
    Discrete Jitter          (DJ):    0.250ns
    Phase Error              (PE):    0.000ns
  Clock Net Delay (Source):      1.737ns (routing 0.569ns, distribution 1.168ns)
  Clock Net Delay (Destination): 1.597ns (routing 0.512ns, distribution 1.085ns)

    Location             Delay type                Incr(ns)  Path(ns)    Netlist Resource(s)
  -------------------------------------------------------------------    -------------------
                         (clock clk_pl_0 rise edge)
                                                      0.000     0.000 r  
    PS8_X0Y0             PS8                          0.000     0.000 r  tick2trade_bd_i/zynq_ps/inst/PS8_i/PLCLK[0]
                         net (fo=1, routed)           0.180     0.180    tick2trade_bd_i/zynq_ps/inst/pl_clk_unbuffered[0]
    BUFG_PS_X0Y80        BUFG_PS (Prop_BUFG_PS_I_O)
                                                      0.028     0.208 r  tick2trade_bd_i/zynq_ps/inst/buffer_pl_clk_0.PL_CLK_0_BUFG/O
    X1Y2 (CLOCK_ROOT)    net (fo=2122, routed)        1.737     1.945    tick2trade_bd_i/axi_mem_intercon/s00_couplers/auto_us/inst/gen_upsizer.gen_full_upsizer.axi_upsizer_inst/USE_READ.gen_non_fifo_r_upsizer.read_data_inst/out
    SLICE_X50Y126        FDSE                                         r  tick2trade_bd_i/axi_mem_intercon/s00_couplers/auto_us/inst/gen_upsizer.gen_full_upsizer.axi_upsizer_inst/USE_READ.gen_non_fifo_r_upsizer.read_data_inst/first_word_reg/C
  -------------------------------------------------------------------    -------------------
    SLICE_X50Y126        FDSE (Prop_DFF2_SLICEM_C_Q)
                                                      0.080     2.025 r  tick2trade_bd_i/axi_mem_intercon/s00_couplers/auto_us/inst/gen_upsizer.gen_full_upsizer.axi_upsizer_inst/USE_READ.gen_non_fifo_r_upsizer.read_data_inst/first_word_reg/Q
                         net (fo=17, routed)          0.968     2.993    tick2trade_bd_i/axi_mem_intercon/s00_couplers/auto_us/inst/gen_upsizer.gen_full_upsizer.axi_upsizer_inst/USE_READ.read_addr_inst/GEN_CMD_QUEUE.cmd_queue/first_word
    SLICE_X51Y54         LUT4 (Prop_D6LUT_SLICEL_I1_O)
                                                      0.099     3.092 r  tick2trade_bd_i/axi_mem_intercon/s00_couplers/auto_us/inst/gen_upsizer.gen_full_upsizer.axi_upsizer_inst/USE_READ.read_addr_inst/GEN_CMD_QUEUE.cmd_queue/s_axi_rdata[31]_INST_0_i_4/O
                         net (fo=32, routed)          3.013     6.105    tick2trade_bd_i/axi_mem_intercon/s00_couplers/auto_us/inst/gen_upsizer.gen_full_upsizer.axi_upsizer_inst/USE_READ.gen_non_fifo_r_upsizer.mi_register_slice_inst/r.r_pipe/s_axi_rdata[31]
    SLICE_X20Y242        LUT6 (Prop_D6LUT_SLICEL_I3_O)
                                                      0.122     6.227 r  tick2trade_bd_i/axi_mem_intercon/s00_couplers/auto_us/inst/gen_upsizer.gen_full_upsizer.axi_upsizer_inst/USE_READ.gen_non_fifo_r_upsizer.mi_register_slice_inst/r.r_pipe/s_axi_rdata[28]_INST_0_i_1/O
                         net (fo=1, routed)           0.009     6.236    tick2trade_bd_i/axi_mem_intercon/s00_couplers/auto_us/inst/gen_upsizer.gen_full_upsizer.axi_upsizer_inst/USE_READ.gen_non_fifo_r_upsizer.read_data_inst/s_axi_rdata_28_sn_1
    SLICE_X20Y242        MUXF7 (Prop_F7MUX_CD_SLICEL_I0_O)
                                                      0.063     6.299 r  tick2trade_bd_i/axi_mem_intercon/s00_couplers/auto_us/inst/gen_upsizer.gen_full_upsizer.axi_upsizer_inst/USE_READ.gen_non_fifo_r_upsizer.read_data_inst/s_axi_rdata[28]_INST_0/O
                         net (fo=1, routed)           2.257     8.556    tick2trade_bd_i/axi_dma/U0/I_PRMRY_DATAMOVER/GEN_MM2S_FULL.I_MM2S_FULL_WRAPPER/GEN_INCLUDE_MM2S_SF.I_RD_SF/I_DATA_FIFO/BLK_MEM.I_SYNC_FIFOGEN_FIFO/xpm_fifo_instance.xpm_fifo_sync_inst/xpm_fifo_base_inst/gen_sdpram.xpm_memory_base_inst/dina[28]
    RAMB36_X1Y7          RAMB36E2                                     r  tick2trade_bd_i/axi_dma/U0/I_PRMRY_DATAMOVER/GEN_MM2S_FULL.I_MM2S_FULL_WRAPPER/GEN_INCLUDE_MM2S_SF.I_RD_SF/I_DATA_FIFO/BLK_MEM.I_SYNC_FIFOGEN_FIFO/xpm_fifo_instance.xpm_fifo_sync_inst/xpm_fifo_base_inst/gen_sdpram.xpm_memory_base_inst/gen_wr_a.gen_word_narrow.mem_reg/DINADIN[28]
  -------------------------------------------------------------------    -------------------

                         (clock clk_pl_0 rise edge)
                                                     10.000    10.000 r  
    PS8_X0Y0             PS8                          0.000    10.000 r  tick2trade_bd_i/zynq_ps/inst/PS8_i/PLCLK[0]
                         net (fo=1, routed)           0.143    10.143    tick2trade_bd_i/zynq_ps/inst/pl_clk_unbuffered[0]
    BUFG_PS_X0Y80        BUFG_PS (Prop_BUFG_PS_I_O)
                                                      0.025    10.168 r  tick2trade_bd_i/zynq_ps/inst/buffer_pl_clk_0.PL_CLK_0_BUFG/O
    X1Y2 (CLOCK_ROOT)    net (fo=2122, routed)        1.597    11.765    tick2trade_bd_i/axi_dma/U0/I_PRMRY_DATAMOVER/GEN_MM2S_FULL.I_MM2S_FULL_WRAPPER/GEN_INCLUDE_MM2S_SF.I_RD_SF/I_DATA_FIFO/BLK_MEM.I_SYNC_FIFOGEN_FIFO/xpm_fifo_instance.xpm_fifo_sync_inst/xpm_fifo_base_inst/gen_sdpram.xpm_memory_base_inst/clka
    RAMB36_X1Y7          RAMB36E2                                     r  tick2trade_bd_i/axi_dma/U0/I_PRMRY_DATAMOVER/GEN_MM2S_FULL.I_MM2S_FULL_WRAPPER/GEN_INCLUDE_MM2S_SF.I_RD_SF/I_DATA_FIFO/BLK_MEM.I_SYNC_FIFOGEN_FIFO/xpm_fifo_instance.xpm_fifo_sync_inst/xpm_fifo_base_inst/gen_sdpram.xpm_memory_base_inst/gen_wr_a.gen_word_narrow.mem_reg/CLKBWRCLK
                         clock pessimism              0.101    11.866    
                         clock uncertainty           -0.130    11.736    
    RAMB36_X1Y7          RAMB36E2 (Setup_RAMB36E2_RAMB36_CLKBWRCLK_DINADIN[28])
                                                     -0.255    11.481    tick2trade_bd_i/axi_dma/U0/I_PRMRY_DATAMOVER/GEN_MM2S_FULL.I_MM2S_FULL_WRAPPER/GEN_INCLUDE_MM2S_SF.I_RD_SF/I_DATA_FIFO/BLK_MEM.I_SYNC_FIFOGEN_FIFO/xpm_fifo_instance.xpm_fifo_sync_inst/xpm_fifo_base_inst/gen_sdpram.xpm_memory_base_inst/gen_wr_a.gen_word_narrow.mem_reg
  -------------------------------------------------------------------
                         required time                         11.481    
                         arrival time                          -8.556    
  -------------------------------------------------------------------
                         slack                                  2.925    

Slack (MET) :             3.106ns  (required time - arrival time)
  Source:                 tick2trade_bd_i/axi_mem_intercon/s00_couplers/auto_us/inst/gen_upsizer.gen_full_upsizer.axi_upsizer_inst/USE_READ.gen_non_fifo_r_upsizer.read_data_inst/first_word_reg/C
                            (rising edge-triggered cell FDSE clocked by clk_pl_0  {rise@0.000ns fall@5.000ns period=10.000ns})
  Destination:            tick2trade_bd_i/axi_dma/U0/I_PRMRY_DATAMOVER/GEN_MM2S_FULL.I_MM2S_FULL_WRAPPER/GEN_INCLUDE_MM2S_SF.I_RD_SF/I_DATA_FIFO/BLK_MEM.I_SYNC_FIFOGEN_FIFO/xpm_fifo_instance.xpm_fifo_sync_inst/xpm_fifo_base_inst/gen_sdpram.xpm_memory_base_inst/gen_wr_a.gen_word_narrow.mem_reg/DINADIN[8]
                            (rising edge-triggered cell RAMB36E2 clocked by clk_pl_0  {rise@0.000ns fall@5.000ns period=10.000ns})
  Path Group:             clk_pl_0
  Path Type:              Setup (Max at Slow Process Corner)
  Requirement:            10.000ns  (clk_pl_0 rise@10.000ns - clk_pl_0 rise@0.000ns)
  Data Path Delay:        6.410ns  (logic 0.298ns (4.649%)  route 6.112ns (95.351%))
  Logic Levels:           3  (LUT4=1 LUT6=1 MUXF7=1)
  Clock Path Skew:        -0.079ns (DCD - SCD + CPR)
    Destination Clock Delay (DCD):    1.765ns = ( 11.765 - 10.000 ) 
    Source Clock Delay      (SCD):    1.945ns
    Clock Pessimism Removal (CPR):    0.101ns
  Clock Uncertainty:      0.130ns  ((TSJ^2 + DJ^2)^1/2) / 2 + PE
    Total System Jitter     (TSJ):    0.071ns
    Discrete Jitter          (DJ):    0.250ns
    Phase Error              (PE):    0.000ns
  Clock Net Delay (Source):      1.737ns (routing 0.569ns, distribution 1.168ns)
  Clock Net Delay (Destination): 1.597ns (routing 0.512ns, distribution 1.085ns)

    Location             Delay type                Incr(ns)  Path(ns)    Netlist Resource(s)
  -------------------------------------------------------------------    -------------------
                         (clock clk_pl_0 rise edge)
                                                      0.000     0.000 r  
    PS8_X0Y0             PS8                          0.000     0.000 r  tick2trade_bd_i/zynq_ps/inst/PS8_i/PLCLK[0]
                         net (fo=1, routed)           0.180     0.180    tick2trade_bd_i/zynq_ps/inst/pl_clk_unbuffered[0]
    BUFG_PS_X0Y80        BUFG_PS (Prop_BUFG_PS_I_O)
                                                      0.028     0.208 r  tick2trade_bd_i/zynq_ps/inst/buffer_pl_clk_0.PL_CLK_0_BUFG/O
    X1Y2 (CLOCK_ROOT)    net (fo=2122, routed)        1.737     1.945    tick2trade_bd_i/axi_mem_intercon/s00_couplers/auto_us/inst/gen_upsizer.gen_full_upsizer.axi_upsizer_inst/USE_READ.gen_non_fifo_r_upsizer.read_data_inst/out
    SLICE_X50Y126        FDSE                                         r  tick2trade_bd_i/axi_mem_intercon/s00_couplers/auto_us/inst/gen_upsizer.gen_full_upsizer.axi_upsizer_inst/USE_READ.gen_non_fifo_r_upsizer.read_data_inst/first_word_reg/C
  -------------------------------------------------------------------    -------------------
    SLICE_X50Y126        FDSE (Prop_DFF2_SLICEM_C_Q)
                                                      0.080     2.025 r  tick2trade_bd_i/axi_mem_intercon/s00_couplers/auto_us/inst/gen_upsizer.gen_full_upsizer.axi_upsizer_inst/USE_READ.gen_non_fifo_r_upsizer.read_data_inst/first_word_reg/Q
                         net (fo=17, routed)          0.968     2.993    tick2trade_bd_i/axi_mem_intercon/s00_couplers/auto_us/inst/gen_upsizer.gen_full_upsizer.axi_upsizer_inst/USE_READ.read_addr_inst/GEN_CMD_QUEUE.cmd_queue/first_word
    SLICE_X51Y54         LUT4 (Prop_D6LUT_SLICEL_I1_O)
                                                      0.099     3.092 r  tick2trade_bd_i/axi_mem_intercon/s00_couplers/auto_us/inst/gen_upsizer.gen_full_upsizer.axi_upsizer_inst/USE_READ.read_addr_inst/GEN_CMD_QUEUE.cmd_queue/s_axi_rdata[31]_INST_0_i_4/O
                         net (fo=32, routed)          2.748     5.840    tick2trade_bd_i/axi_mem_intercon/s00_couplers/auto_us/inst/gen_upsizer.gen_full_upsizer.axi_upsizer_inst/USE_READ.gen_non_fifo_r_upsizer.mi_register_slice_inst/r.r_pipe/s_axi_rdata[31]
    SLICE_X15Y242        LUT6 (Prop_H6LUT_SLICEM_I4_O)
                                                      0.053     5.893 r  tick2trade_bd_i/axi_mem_intercon/s00_couplers/auto_us/inst/gen_upsizer.gen_full_upsizer.axi_upsizer_inst/USE_READ.gen_non_fifo_r_upsizer.mi_register_slice_inst/r.r_pipe/s_axi_rdata[8]_INST_0_i_1/O
                         net (fo=1, routed)           0.014     5.907    tick2trade_bd_i/axi_mem_intercon/s00_couplers/auto_us/inst/gen_upsizer.gen_full_upsizer.axi_upsizer_inst/USE_READ.gen_non_fifo_r_upsizer.read_data_inst/s_axi_rdata_8_sn_1
    SLICE_X15Y242        MUXF7 (Prop_F7MUX_GH_SLICEM_I0_O)
                                                      0.066     5.973 r  tick2trade_bd_i/axi_mem_intercon/s00_couplers/auto_us/inst/gen_upsizer.gen_full_upsizer.axi_upsizer_inst/USE_READ.gen_non_fifo_r_upsizer.read_data_inst/s_axi_rdata[8]_INST_0/O
                         net (fo=1, routed)           2.382     8.355    tick2trade_bd_i/axi_dma/U0/I_PRMRY_DATAMOVER/GEN_MM2S_FULL.I_MM2S_FULL_WRAPPER/GEN_INCLUDE_MM2S_SF.I_RD_SF/I_DATA_FIFO/BLK_MEM.I_SYNC_FIFOGEN_FIFO/xpm_fifo_instance.xpm_fifo_sync_inst/xpm_fifo_base_inst/gen_sdpram.xpm_memory_base_inst/dina[8]
    RAMB36_X1Y7          RAMB36E2                                     r  tick2trade_bd_i/axi_dma/U0/I_PRMRY_DATAMOVER/GEN_MM2S_FULL.I_MM2S_FULL_WRAPPER/GEN_INCLUDE_MM2S_SF.I_RD_SF/I_DATA_FIFO/BLK_MEM.I_SYNC_FIFOGEN_FIFO/xpm_fifo_instance.xpm_fifo_sync_inst/xpm_fifo_base_inst/gen_sdpram.xpm_memory_base_inst/gen_wr_a.gen_word_narrow.mem_reg/DINADIN[8]
  -------------------------------------------------------------------    -------------------

                         (clock clk_pl_0 rise edge)
                                                     10.000    10.000 r  
    PS8_X0Y0             PS8                          0.000    10.000 r  tick2trade_bd_i/zynq_ps/inst/PS8_i/PLCLK[0]
                         net (fo=1, routed)           0.143    10.143    tick2trade_bd_i/zynq_ps/inst/pl_clk_unbuffered[0]
    BUFG_PS_X0Y80        BUFG_PS (Prop_BUFG_PS_I_O)
                                                      0.025    10.168 r  tick2trade_bd_i/zynq_ps/inst/buffer_pl_clk_0.PL_CLK_0_BUFG/O
    X1Y2 (CLOCK_ROOT)    net (fo=2122, routed)        1.597    11.765    tick2trade_bd_i/axi_dma/U0/I_PRMRY_DATAMOVER/GEN_MM2S_FULL.I_MM2S_FULL_WRAPPER/GEN_INCLUDE_MM2S_SF.I_RD_SF/I_DATA_FIFO/BLK_MEM.I_SYNC_FIFOGEN_FIFO/xpm_fifo_instance.xpm_fifo_sync_inst/xpm_fifo_base_inst/gen_sdpram.xpm_memory_base_inst/clka
    RAMB36_X1Y7          RAMB36E2                                     r  tick2trade_bd_i/axi_dma/U0/I_PRMRY_DATAMOVER/GEN_MM2S_FULL.I_MM2S_FULL_WRAPPER/GEN_INCLUDE_MM2S_SF.I_RD_SF/I_DATA_FIFO/BLK_MEM.I_SYNC_FIFOGEN_FIFO/xpm_fifo_instance.xpm_fifo_sync_inst/xpm_fifo_base_inst/gen_sdpram.xpm_memory_base_inst/gen_wr_a.gen_word_narrow.mem_reg/CLKBWRCLK
                         clock pessimism              0.101    11.866    
                         clock uncertainty           -0.130    11.736    
    RAMB36_X1Y7          RAMB36E2 (Setup_RAMB36E2_RAMB36_CLKBWRCLK_DINADIN[8])
                                                     -0.275    11.461    tick2trade_bd_i/axi_dma/U0/I_PRMRY_DATAMOVER/GEN_MM2S_FULL.I_MM2S_FULL_WRAPPER/GEN_INCLUDE_MM2S_SF.I_RD_SF/I_DATA_FIFO/BLK_MEM.I_SYNC_FIFOGEN_FIFO/xpm_fifo_instance.xpm_fifo_sync_inst/xpm_fifo_base_inst/gen_sdpram.xpm_memory_base_inst/gen_wr_a.gen_word_narrow.mem_reg
  -------------------------------------------------------------------
                         required time                         11.461    
                         arrival time                          -8.355    
  -------------------------------------------------------------------
                         slack                                  3.106    

Slack (MET) :             3.151ns  (required time - arrival time)
  Source:                 tick2trade_bd_i/axi_mem_intercon/s00_couplers/auto_us/inst/gen_upsizer.gen_full_upsizer.axi_upsizer_inst/USE_READ.gen_non_fifo_r_upsizer.read_data_inst/first_word_reg/C
                            (rising edge-triggered cell FDSE clocked by clk_pl_0  {rise@0.000ns fall@5.000ns period=10.000ns})
  Destination:            tick2trade_bd_i/axi_dma/U0/I_PRMRY_DATAMOVER/GEN_MM2S_FULL.I_MM2S_FULL_WRAPPER/GEN_INCLUDE_MM2S_SF.I_RD_SF/I_DATA_FIFO/BLK_MEM.I_SYNC_FIFOGEN_FIFO/xpm_fifo_instance.xpm_fifo_sync_inst/xpm_fifo_base_inst/gen_sdpram.xpm_memory_base_inst/gen_wr_a.gen_word_narrow.mem_reg/DINADIN[27]
                            (rising edge-triggered cell RAMB36E2 clocked by clk_pl_0  {rise@0.000ns fall@5.000ns period=10.000ns})
  Path Group:             clk_pl_0
  Path Type:              Setup (Max at Slow Process Corner)
  Requirement:            10.000ns  (clk_pl_0 rise@10.000ns - clk_pl_0 rise@0.000ns)
  Data Path Delay:        6.363ns  (logic 0.279ns (4.385%)  route 6.084ns (95.615%))
  Logic Levels:           3  (LUT4=1 LUT6=1 MUXF7=1)
  Clock Path Skew:        -0.079ns (DCD - SCD + CPR)
    Destination Clock Delay (DCD):    1.765ns = ( 11.765 - 10.000 ) 
    Source Clock Delay      (SCD):    1.945ns
    Clock Pessimism Removal (CPR):    0.101ns
  Clock Uncertainty:      0.130ns  ((TSJ^2 + DJ^2)^1/2) / 2 + PE
    Total System Jitter     (TSJ):    0.071ns
    Discrete Jitter          (DJ):    0.250ns
    Phase Error              (PE):    0.000ns
  Clock Net Delay (Source):      1.737ns (routing 0.569ns, distribution 1.168ns)
  Clock Net Delay (Destination): 1.597ns (routing 0.512ns, distribution 1.085ns)

    Location             Delay type                Incr(ns)  Path(ns)    Netlist Resource(s)
  -------------------------------------------------------------------    -------------------
                         (clock clk_pl_0 rise edge)
                                                      0.000     0.000 r  
    PS8_X0Y0             PS8                          0.000     0.000 r  tick2trade_bd_i/zynq_ps/inst/PS8_i/PLCLK[0]
                         net (fo=1, routed)           0.180     0.180    tick2trade_bd_i/zynq_ps/inst/pl_clk_unbuffered[0]
    BUFG_PS_X0Y80        BUFG_PS (Prop_BUFG_PS_I_O)
                                                      0.028     0.208 r  tick2trade_bd_i/zynq_ps/inst/buffer_pl_clk_0.PL_CLK_0_BUFG/O
    X1Y2 (CLOCK_ROOT)    net (fo=2122, routed)        1.737     1.945    tick2trade_bd_i/axi_mem_intercon/s00_couplers/auto_us/inst/gen_upsizer.gen_full_upsizer.axi_upsizer_inst/USE_READ.gen_non_fifo_r_upsizer.read_data_inst/out
    SLICE_X50Y126        FDSE                                         r  tick2trade_bd_i/axi_mem_intercon/s00_couplers/auto_us/inst/gen_upsizer.gen_full_upsizer.axi_upsizer_inst/USE_READ.gen_non_fifo_r_upsizer.read_data_inst/first_word_reg/C
  -------------------------------------------------------------------    -------------------
    SLICE_X50Y126        FDSE (Prop_DFF2_SLICEM_C_Q)
                                                      0.080     2.025 r  tick2trade_bd_i/axi_mem_intercon/s00_couplers/auto_us/inst/gen_upsizer.gen_full_upsizer.axi_upsizer_inst/USE_READ.gen_non_fifo_r_upsizer.read_data_inst/first_word_reg/Q
                         net (fo=17, routed)          0.968     2.993    tick2trade_bd_i/axi_mem_intercon/s00_couplers/auto_us/inst/gen_upsizer.gen_full_upsizer.axi_upsizer_inst/USE_READ.read_addr_inst/GEN_CMD_QUEUE.cmd_queue/first_word
    SLICE_X51Y54         LUT4 (Prop_D6LUT_SLICEL_I1_O)
                                                      0.099     3.092 r  tick2trade_bd_i/axi_mem_intercon/s00_couplers/auto_us/inst/gen_upsizer.gen_full_upsizer.axi_upsizer_inst/USE_READ.read_addr_inst/GEN_CMD_QUEUE.cmd_queue/s_axi_rdata[31]_INST_0_i_4/O
                         net (fo=32, routed)          3.006     6.098    tick2trade_bd_i/axi_mem_intercon/s00_couplers/auto_us/inst/gen_upsizer.gen_full_upsizer.axi_upsizer_inst/USE_READ.gen_non_fifo_r_upsizer.mi_register_slice_inst/r.r_pipe/s_axi_rdata[31]
    SLICE_X20Y242        LUT6 (Prop_H6LUT_SLICEL_I4_O)
                                                      0.036     6.134 r  tick2trade_bd_i/axi_mem_intercon/s00_couplers/auto_us/inst/gen_upsizer.gen_full_upsizer.axi_upsizer_inst/USE_READ.gen_non_fifo_r_upsizer.mi_register_slice_inst/r.r_pipe/s_axi_rdata[27]_INST_0_i_1/O
                         net (fo=1, routed)           0.010     6.144    tick2trade_bd_i/axi_mem_intercon/s00_couplers/auto_us/inst/gen_upsizer.gen_full_upsizer.axi_upsizer_inst/USE_READ.gen_non_fifo_r_upsizer.read_data_inst/s_axi_rdata_27_sn_1
    SLICE_X20Y242        MUXF7 (Prop_F7MUX_GH_SLICEL_I0_O)
                                                      0.064     6.208 r  tick2trade_bd_i/axi_mem_intercon/s00_couplers/auto_us/inst/gen_upsizer.gen_full_upsizer.axi_upsizer_inst/USE_READ.gen_non_fifo_r_upsizer.read_data_inst/s_axi_rdata[27]_INST_0/O
                         net (fo=1, routed)           2.100     8.308    tick2trade_bd_i/axi_dma/U0/I_PRMRY_DATAMOVER/GEN_MM2S_FULL.I_MM2S_FULL_WRAPPER/GEN_INCLUDE_MM2S_SF.I_RD_SF/I_DATA_FIFO/BLK_MEM.I_SYNC_FIFOGEN_FIFO/xpm_fifo_instance.xpm_fifo_sync_inst/xpm_fifo_base_inst/gen_sdpram.xpm_memory_base_inst/dina[27]
    RAMB36_X1Y7          RAMB36E2                                     r  tick2trade_bd_i/axi_dma/U0/I_PRMRY_DATAMOVER/GEN_MM2S_FULL.I_MM2S_FULL_WRAPPER/GEN_INCLUDE_MM2S_SF.I_RD_SF/I_DATA_FIFO/BLK_MEM.I_SYNC_FIFOGEN_FIFO/xpm_fifo_instance.xpm_fifo_sync_inst/xpm_fifo_base_inst/gen_sdpram.xpm_memory_base_inst/gen_wr_a.gen_word_narrow.mem_reg/DINADIN[27]
  -------------------------------------------------------------------    -------------------

                         (clock clk_pl_0 rise edge)
                                                     10.000    10.000 r  
    PS8_X0Y0             PS8                          0.000    10.000 r  tick2trade_bd_i/zynq_ps/inst/PS8_i/PLCLK[0]
                         net (fo=1, routed)           0.143    10.143    tick2trade_bd_i/zynq_ps/inst/pl_clk_unbuffered[0]
    BUFG_PS_X0Y80        BUFG_PS (Prop_BUFG_PS_I_O)
                                                      0.025    10.168 r  tick2trade_bd_i/zynq_ps/inst/buffer_pl_clk_0.PL_CLK_0_BUFG/O
    X1Y2 (CLOCK_ROOT)    net (fo=2122, routed)        1.597    11.765    tick2trade_bd_i/axi_dma/U0/I_PRMRY_DATAMOVER/GEN_MM2S_FULL.I_MM2S_FULL_WRAPPER/GEN_INCLUDE_MM2S_SF.I_RD_SF/I_DATA_FIFO/BLK_MEM.I_SYNC_FIFOGEN_FIFO/xpm_fifo_instance.xpm_fifo_sync_inst/xpm_fifo_base_inst/gen_sdpram.xpm_memory_base_inst/clka
    RAMB36_X1Y7          RAMB36E2                                     r  tick2trade_bd_i/axi_dma/U0/I_PRMRY_DATAMOVER/GEN_MM2S_FULL.I_MM2S_FULL_WRAPPER/GEN_INCLUDE_MM2S_SF.I_RD_SF/I_DATA_FIFO/BLK_MEM.I_SYNC_FIFOGEN_FIFO/xpm_fifo_instance.xpm_fifo_sync_inst/xpm_fifo_base_inst/gen_sdpram.xpm_memory_base_inst/gen_wr_a.gen_word_narrow.mem_reg/CLKBWRCLK
                         clock pessimism              0.101    11.866    
                         clock uncertainty           -0.130    11.736    
    RAMB36_X1Y7          RAMB36E2 (Setup_RAMB36E2_RAMB36_CLKBWRCLK_DINADIN[27])
                                                     -0.277    11.459    tick2trade_bd_i/axi_dma/U0/I_PRMRY_DATAMOVER/GEN_MM2S_FULL.I_MM2S_FULL_WRAPPER/GEN_INCLUDE_MM2S_SF.I_RD_SF/I_DATA_FIFO/BLK_MEM.I_SYNC_FIFOGEN_FIFO/xpm_fifo_instance.xpm_fifo_sync_inst/xpm_fifo_base_inst/gen_sdpram.xpm_memory_base_inst/gen_wr_a.gen_word_narrow.mem_reg
  -------------------------------------------------------------------
                         required time                         11.459    
                         arrival time                          -8.308    
  -------------------------------------------------------------------
                         slack                                  3.151    

Slack (MET) :             3.200ns  (required time - arrival time)
  Source:                 tick2trade_bd_i/axi_mem_intercon/s00_couplers/auto_us/inst/gen_upsizer.gen_full_upsizer.axi_upsizer_inst/USE_READ.gen_non_fifo_r_upsizer.read_data_inst/first_word_reg/C
                            (rising edge-triggered cell FDSE clocked by clk_pl_0  {rise@0.000ns fall@5.000ns period=10.000ns})
  Destination:            tick2trade_bd_i/axi_dma/U0/I_PRMRY_DATAMOVER/GEN_MM2S_FULL.I_MM2S_FULL_WRAPPER/GEN_INCLUDE_MM2S_SF.I_RD_SF/I_DATA_FIFO/BLK_MEM.I_SYNC_FIFOGEN_FIFO/xpm_fifo_instance.xpm_fifo_sync_inst/xpm_fifo_base_inst/gen_sdpram.xpm_memory_base_inst/gen_wr_a.gen_word_narrow.mem_reg/DINADIN[9]
                            (rising edge-triggered cell RAMB36E2 clocked by clk_pl_0  {rise@0.000ns fall@5.000ns period=10.000ns})
  Path Group:             clk_pl_0
  Path Type:              Setup (Max at Slow Process Corner)
  Requirement:            10.000ns  (clk_pl_0 rise@10.000ns - clk_pl_0 rise@0.000ns)
  Data Path Delay:        6.319ns  (logic 0.417ns (6.599%)  route 5.902ns (93.401%))
  Logic Levels:           3  (LUT4=1 LUT6=1 MUXF7=1)
  Clock Path Skew:        -0.079ns (DCD - SCD + CPR)
    Destination Clock Delay (DCD):    1.765ns = ( 11.765 - 10.000 ) 
    Source Clock Delay      (SCD):    1.945ns
    Clock Pessimism Removal (CPR):    0.101ns
  Clock Uncertainty:      0.130ns  ((TSJ^2 + DJ^2)^1/2) / 2 + PE
    Total System Jitter     (TSJ):    0.071ns
    Discrete Jitter          (DJ):    0.250ns
    Phase Error              (PE):    0.000ns
  Clock Net Delay (Source):      1.737ns (routing 0.569ns, distribution 1.168ns)
  Clock Net Delay (Destination): 1.597ns (routing 0.512ns, distribution 1.085ns)

    Location             Delay type                Incr(ns)  Path(ns)    Netlist Resource(s)
  -------------------------------------------------------------------    -------------------
                         (clock clk_pl_0 rise edge)
                                                      0.000     0.000 r  
    PS8_X0Y0             PS8                          0.000     0.000 r  tick2trade_bd_i/zynq_ps/inst/PS8_i/PLCLK[0]
                         net (fo=1, routed)           0.180     0.180    tick2trade_bd_i/zynq_ps/inst/pl_clk_unbuffered[0]
    BUFG_PS_X0Y80        BUFG_PS (Prop_BUFG_PS_I_O)
                                                      0.028     0.208 r  tick2trade_bd_i/zynq_ps/inst/buffer_pl_clk_0.PL_CLK_0_BUFG/O
    X1Y2 (CLOCK_ROOT)    net (fo=2122, routed)        1.737     1.945    tick2trade_bd_i/axi_mem_intercon/s00_couplers/auto_us/inst/gen_upsizer.gen_full_upsizer.axi_upsizer_inst/USE_READ.gen_non_fifo_r_upsizer.read_data_inst/out
    SLICE_X50Y126        FDSE                                         r  tick2trade_bd_i/axi_mem_intercon/s00_couplers/auto_us/inst/gen_upsizer.gen_full_upsizer.axi_upsizer_inst/USE_READ.gen_non_fifo_r_upsizer.read_data_inst/first_word_reg/C
  -------------------------------------------------------------------    -------------------
    SLICE_X50Y126        FDSE (Prop_DFF2_SLICEM_C_Q)
                                                      0.080     2.025 r  tick2trade_bd_i/axi_mem_intercon/s00_couplers/auto_us/inst/gen_upsizer.gen_full_upsizer.axi_upsizer_inst/USE_READ.gen_non_fifo_r_upsizer.read_data_inst/first_word_reg/Q
                         net (fo=17, routed)          0.939     2.964    tick2trade_bd_i/axi_mem_intercon/s00_couplers/auto_us/inst/gen_upsizer.gen_full_upsizer.axi_upsizer_inst/USE_READ.read_addr_inst/GEN_CMD_QUEUE.cmd_queue/first_word
    SLICE_X50Y54         LUT4 (Prop_C6LUT_SLICEM_I1_O)
                                                      0.123     3.087 r  tick2trade_bd_i/axi_mem_intercon/s00_couplers/auto_us/inst/gen_upsizer.gen_full_upsizer.axi_upsizer_inst/USE_READ.read_addr_inst/GEN_CMD_QUEUE.cmd_queue/s_axi_rdata[31]_INST_0_i_3/O
                         net (fo=32, routed)          2.862     5.949    tick2trade_bd_i/axi_mem_intercon/s00_couplers/auto_us/inst/gen_upsizer.gen_full_upsizer.axi_upsizer_inst/USE_READ.gen_non_fifo_r_upsizer.mi_register_slice_inst/r.r_pipe/s_axi_rdata[31]_0
    SLICE_X18Y241        LUT6 (Prop_H6LUT_SLICEL_I3_O)
                                                      0.150     6.099 r  tick2trade_bd_i/axi_mem_intercon/s00_couplers/auto_us/inst/gen_upsizer.gen_full_upsizer.axi_upsizer_inst/USE_READ.gen_non_fifo_r_upsizer.mi_register_slice_inst/r.r_pipe/s_axi_rdata[9]_INST_0_i_1/O
                         net (fo=1, routed)           0.010     6.109    tick2trade_bd_i/axi_mem_intercon/s00_couplers/auto_us/inst/gen_upsizer.gen_full_upsizer.axi_upsizer_inst/USE_READ.gen_non_fifo_r_upsizer.read_data_inst/s_axi_rdata_9_sn_1
    SLICE_X18Y241        MUXF7 (Prop_F7MUX_GH_SLICEL_I0_O)
                                                      0.064     6.173 r  tick2trade_bd_i/axi_mem_intercon/s00_couplers/auto_us/inst/gen_upsizer.gen_full_upsizer.axi_upsizer_inst/USE_READ.gen_non_fifo_r_upsizer.read_data_inst/s_axi_rdata[9]_INST_0/O
                         net (fo=1, routed)           2.091     8.264    tick2trade_bd_i/axi_dma/U0/I_PRMRY_DATAMOVER/GEN_MM2S_FULL.I_MM2S_FULL_WRAPPER/GEN_INCLUDE_MM2S_SF.I_RD_SF/I_DATA_FIFO/BLK_MEM.I_SYNC_FIFOGEN_FIFO/xpm_fifo_instance.xpm_fifo_sync_inst/xpm_fifo_base_inst/gen_sdpram.xpm_memory_base_inst/dina[9]
    RAMB36_X1Y7          RAMB36E2                                     r  tick2trade_bd_i/axi_dma/U0/I_PRMRY_DATAMOVER/GEN_MM2S_FULL.I_MM2S_FULL_WRAPPER/GEN_INCLUDE_MM2S_SF.I_RD_SF/I_DATA_FIFO/BLK_MEM.I_SYNC_FIFOGEN_FIFO/xpm_fifo_instance.xpm_fifo_sync_inst/xpm_fifo_base_inst/gen_sdpram.xpm_memory_base_inst/gen_wr_a.gen_word_narrow.mem_reg/DINADIN[9]
  -------------------------------------------------------------------    -------------------

                         (clock clk_pl_0 rise edge)
                                                     10.000    10.000 r  
    PS8_X0Y0             PS8                          0.000    10.000 r  tick2trade_bd_i/zynq_ps/inst/PS8_i/PLCLK[0]
                         net (fo=1, routed)           0.143    10.143    tick2trade_bd_i/zynq_ps/inst/pl_clk_unbuffered[0]
    BUFG_PS_X0Y80        BUFG_PS (Prop_BUFG_PS_I_O)
                                                      0.025    10.168 r  tick2trade_bd_i/zynq_ps/inst/buffer_pl_clk_0.PL_CLK_0_BUFG/O
    X1Y2 (CLOCK_ROOT)    net (fo=2122, routed)        1.597    11.765    tick2trade_bd_i/axi_dma/U0/I_PRMRY_DATAMOVER/GEN_MM2S_FULL.I_MM2S_FULL_WRAPPER/GEN_INCLUDE_MM2S_SF.I_RD_SF/I_DATA_FIFO/BLK_MEM.I_SYNC_FIFOGEN_FIFO/xpm_fifo_instance.xpm_fifo_sync_inst/xpm_fifo_base_inst/gen_sdpram.xpm_memory_base_inst/clka
    RAMB36_X1Y7          RAMB36E2                                     r  tick2trade_bd_i/axi_dma/U0/I_PRMRY_DATAMOVER/GEN_MM2S_FULL.I_MM2S_FULL_WRAPPER/GEN_INCLUDE_MM2S_SF.I_RD_SF/I_DATA_FIFO/BLK_MEM.I_SYNC_FIFOGEN_FIFO/xpm_fifo_instance.xpm_fifo_sync_inst/xpm_fifo_base_inst/gen_sdpram.xpm_memory_base_inst/gen_wr_a.gen_word_narrow.mem_reg/CLKBWRCLK
                         clock pessimism              0.101    11.866    
                         clock uncertainty           -0.130    11.736    
    RAMB36_X1Y7          RAMB36E2 (Setup_RAMB36E2_RAMB36_CLKBWRCLK_DINADIN[9])
                                                     -0.272    11.464    tick2trade_bd_i/axi_dma/U0/I_PRMRY_DATAMOVER/GEN_MM2S_FULL.I_MM2S_FULL_WRAPPER/GEN_INCLUDE_MM2S_SF.I_RD_SF/I_DATA_FIFO/BLK_MEM.I_SYNC_FIFOGEN_FIFO/xpm_fifo_instance.xpm_fifo_sync_inst/xpm_fifo_base_inst/gen_sdpram.xpm_memory_base_inst/gen_wr_a.gen_word_narrow.mem_reg
  -------------------------------------------------------------------
                         required time                         11.464    
                         arrival time                          -8.264    
  -------------------------------------------------------------------
                         slack                                  3.200    

Slack (MET) :             3.230ns  (required time - arrival time)
  Source:                 tick2trade_bd_i/axi_mem_intercon/s00_couplers/auto_us/inst/gen_upsizer.gen_full_upsizer.axi_upsizer_inst/USE_READ.gen_non_fifo_r_upsizer.read_data_inst/first_word_reg/C
                            (rising edge-triggered cell FDSE clocked by clk_pl_0  {rise@0.000ns fall@5.000ns period=10.000ns})
  Destination:            tick2trade_bd_i/axi_dma/U0/I_PRMRY_DATAMOVER/GEN_MM2S_FULL.I_MM2S_FULL_WRAPPER/GEN_INCLUDE_MM2S_SF.I_RD_SF/I_DATA_FIFO/BLK_MEM.I_SYNC_FIFOGEN_FIFO/xpm_fifo_instance.xpm_fifo_sync_inst/xpm_fifo_base_inst/gen_sdpram.xpm_memory_base_inst/gen_wr_a.gen_word_narrow.mem_reg/DINADIN[6]
                            (rising edge-triggered cell RAMB36E2 clocked by clk_pl_0  {rise@0.000ns fall@5.000ns period=10.000ns})
  Path Group:             clk_pl_0
  Path Type:              Setup (Max at Slow Process Corner)
  Requirement:            10.000ns  (clk_pl_0 rise@10.000ns - clk_pl_0 rise@0.000ns)
  Data Path Delay:        6.304ns  (logic 0.294ns (4.664%)  route 6.010ns (95.336%))
  Logic Levels:           3  (LUT4=1 LUT6=1 MUXF7=1)
  Clock Path Skew:        -0.079ns (DCD - SCD + CPR)
    Destination Clock Delay (DCD):    1.765ns = ( 11.765 - 10.000 ) 
    Source Clock Delay      (SCD):    1.945ns
    Clock Pessimism Removal (CPR):    0.101ns
  Clock Uncertainty:      0.130ns  ((TSJ^2 + DJ^2)^1/2) / 2 + PE
    Total System Jitter     (TSJ):    0.071ns
    Discrete Jitter          (DJ):    0.250ns
    Phase Error              (PE):    0.000ns
  Clock Net Delay (Source):      1.737ns (routing 0.569ns, distribution 1.168ns)
  Clock Net Delay (Destination): 1.597ns (routing 0.512ns, distribution 1.085ns)

    Location             Delay type                Incr(ns)  Path(ns)    Netlist Resource(s)
  -------------------------------------------------------------------    -------------------
                         (clock clk_pl_0 rise edge)
                                                      0.000     0.000 r  
    PS8_X0Y0             PS8                          0.000     0.000 r  tick2trade_bd_i/zynq_ps/inst/PS8_i/PLCLK[0]
                         net (fo=1, routed)           0.180     0.180    tick2trade_bd_i/zynq_ps/inst/pl_clk_unbuffered[0]
    BUFG_PS_X0Y80        BUFG_PS (Prop_BUFG_PS_I_O)
                                                      0.028     0.208 r  tick2trade_bd_i/zynq_ps/inst/buffer_pl_clk_0.PL_CLK_0_BUFG/O
    X1Y2 (CLOCK_ROOT)    net (fo=2122, routed)        1.737     1.945    tick2trade_bd_i/axi_mem_intercon/s00_couplers/auto_us/inst/gen_upsizer.gen_full_upsizer.axi_upsizer_inst/USE_READ.gen_non_fifo_r_upsizer.read_data_inst/out
    SLICE_X50Y126        FDSE                                         r  tick2trade_bd_i/axi_mem_intercon/s00_couplers/auto_us/inst/gen_upsizer.gen_full_upsizer.axi_upsizer_inst/USE_READ.gen_non_fifo_r_upsizer.read_data_inst/first_word_reg/C
  -------------------------------------------------------------------    -------------------
    SLICE_X50Y126        FDSE (Prop_DFF2_SLICEM_C_Q)
                                                      0.080     2.025 r  tick2trade_bd_i/axi_mem_intercon/s00_couplers/auto_us/inst/gen_upsizer.gen_full_upsizer.axi_upsizer_inst/USE_READ.gen_non_fifo_r_upsizer.read_data_inst/first_word_reg/Q
                         net (fo=17, routed)          0.968     2.993    tick2trade_bd_i/axi_mem_intercon/s00_couplers/auto_us/inst/gen_upsizer.gen_full_upsizer.axi_upsizer_inst/USE_READ.read_addr_inst/GEN_CMD_QUEUE.cmd_queue/first_word
    SLICE_X51Y54         LUT4 (Prop_D6LUT_SLICEL_I1_O)
                                                      0.099     3.092 r  tick2trade_bd_i/axi_mem_intercon/s00_couplers/auto_us/inst/gen_upsizer.gen_full_upsizer.axi_upsizer_inst/USE_READ.read_addr_inst/GEN_CMD_QUEUE.cmd_queue/s_axi_rdata[31]_INST_0_i_4/O
                         net (fo=32, routed)          2.782     5.874    tick2trade_bd_i/axi_mem_intercon/s00_couplers/auto_us/inst/gen_upsizer.gen_full_upsizer.axi_upsizer_inst/USE_READ.gen_non_fifo_r_upsizer.mi_register_slice_inst/r.r_pipe/s_axi_rdata[31]
    SLICE_X16Y241        LUT6 (Prop_H6LUT_SLICEL_I3_O)
                                                      0.051     5.925 r  tick2trade_bd_i/axi_mem_intercon/s00_couplers/auto_us/inst/gen_upsizer.gen_full_upsizer.axi_upsizer_inst/USE_READ.gen_non_fifo_r_upsizer.mi_register_slice_inst/r.r_pipe/s_axi_rdata[6]_INST_0_i_1/O
                         net (fo=1, routed)           0.010     5.935    tick2trade_bd_i/axi_mem_intercon/s00_couplers/auto_us/inst/gen_upsizer.gen_full_upsizer.axi_upsizer_inst/USE_READ.gen_non_fifo_r_upsizer.read_data_inst/s_axi_rdata_6_sn_1
    SLICE_X16Y241        MUXF7 (Prop_F7MUX_GH_SLICEL_I0_O)
                                                      0.064     5.999 r  tick2trade_bd_i/axi_mem_intercon/s00_couplers/auto_us/inst/gen_upsizer.gen_full_upsizer.axi_upsizer_inst/USE_READ.gen_non_fifo_r_upsizer.read_data_inst/s_axi_rdata[6]_INST_0/O
                         net (fo=1, routed)           2.250     8.249    tick2trade_bd_i/axi_dma/U0/I_PRMRY_DATAMOVER/GEN_MM2S_FULL.I_MM2S_FULL_WRAPPER/GEN_INCLUDE_MM2S_SF.I_RD_SF/I_DATA_FIFO/BLK_MEM.I_SYNC_FIFOGEN_FIFO/xpm_fifo_instance.xpm_fifo_sync_inst/xpm_fifo_base_inst/gen_sdpram.xpm_memory_base_inst/dina[6]
    RAMB36_X1Y7          RAMB36E2                                     r  tick2trade_bd_i/axi_dma/U0/I_PRMRY_DATAMOVER/GEN_MM2S_FULL.I_MM2S_FULL_WRAPPER/GEN_INCLUDE_MM2S_SF.I_RD_SF/I_DATA_FIFO/BLK_MEM.I_SYNC_FIFOGEN_FIFO/xpm_fifo_instance.xpm_fifo_sync_inst/xpm_fifo_base_inst/gen_sdpram.xpm_memory_base_inst/gen_wr_a.gen_word_narrow.mem_reg/DINADIN[6]
  -------------------------------------------------------------------    -------------------

                         (clock clk_pl_0 rise edge)
                                                     10.000    10.000 r  
    PS8_X0Y0             PS8                          0.000    10.000 r  tick2trade_bd_i/zynq_ps/inst/PS8_i/PLCLK[0]
                         net (fo=1, routed)           0.143    10.143    tick2trade_bd_i/zynq_ps/inst/pl_clk_unbuffered[0]
    BUFG_PS_X0Y80        BUFG_PS (Prop_BUFG_PS_I_O)
                                                      0.025    10.168 r  tick2trade_bd_i/zynq_ps/inst/buffer_pl_clk_0.PL_CLK_0_BUFG/O
    X1Y2 (CLOCK_ROOT)    net (fo=2122, routed)        1.597    11.765    tick2trade_bd_i/axi_dma/U0/I_PRMRY_DATAMOVER/GEN_MM2S_FULL.I_MM2S_FULL_WRAPPER/GEN_INCLUDE_MM2S_SF.I_RD_SF/I_DATA_FIFO/BLK_MEM.I_SYNC_FIFOGEN_FIFO/xpm_fifo_instance.xpm_fifo_sync_inst/xpm_fifo_base_inst/gen_sdpram.xpm_memory_base_inst/clka
    RAMB36_X1Y7          RAMB36E2                                     r  tick2trade_bd_i/axi_dma/U0/I_PRMRY_DATAMOVER/GEN_MM2S_FULL.I_MM2S_FULL_WRAPPER/GEN_INCLUDE_MM2S_SF.I_RD_SF/I_DATA_FIFO/BLK_MEM.I_SYNC_FIFOGEN_FIFO/xpm_fifo_instance.xpm_fifo_sync_inst/xpm_fifo_base_inst/gen_sdpram.xpm_memory_base_inst/gen_wr_a.gen_word_narrow.mem_reg/CLKBWRCLK
                         clock pessimism              0.101    11.866    
                         clock uncertainty           -0.130    11.736    
    RAMB36_X1Y7          RAMB36E2 (Setup_RAMB36E2_RAMB36_CLKBWRCLK_DINADIN[6])
                                                     -0.257    11.479    tick2trade_bd_i/axi_dma/U0/I_PRMRY_DATAMOVER/GEN_MM2S_FULL.I_MM2S_FULL_WRAPPER/GEN_INCLUDE_MM2S_SF.I_RD_SF/I_DATA_FIFO/BLK_MEM.I_SYNC_FIFOGEN_FIFO/xpm_fifo_instance.xpm_fifo_sync_inst/xpm_fifo_base_inst/gen_sdpram.xpm_memory_base_inst/gen_wr_a.gen_word_narrow.mem_reg
  -------------------------------------------------------------------
                         required time                         11.479    
                         arrival time                          -8.249    
  -------------------------------------------------------------------
                         slack                                  3.230    

Slack (MET) :             3.231ns  (required time - arrival time)
  Source:                 tick2trade_bd_i/axi_mem_intercon/s00_couplers/auto_us/inst/gen_upsizer.gen_full_upsizer.axi_upsizer_inst/USE_READ.gen_non_fifo_r_upsizer.read_data_inst/first_word_reg/C
                            (rising edge-triggered cell FDSE clocked by clk_pl_0  {rise@0.000ns fall@5.000ns period=10.000ns})
  Destination:            tick2trade_bd_i/axi_dma/U0/I_PRMRY_DATAMOVER/GEN_MM2S_FULL.I_MM2S_FULL_WRAPPER/GEN_INCLUDE_MM2S_SF.I_RD_SF/I_DATA_FIFO/BLK_MEM.I_SYNC_FIFOGEN_FIFO/xpm_fifo_instance.xpm_fifo_sync_inst/xpm_fifo_base_inst/gen_sdpram.xpm_memory_base_inst/gen_wr_a.gen_word_narrow.mem_reg/DINADIN[4]
                            (rising edge-triggered cell RAMB36E2 clocked by clk_pl_0  {rise@0.000ns fall@5.000ns period=10.000ns})
  Path Group:             clk_pl_0
  Path Type:              Setup (Max at Slow Process Corner)
  Requirement:            10.000ns  (clk_pl_0 rise@10.000ns - clk_pl_0 rise@0.000ns)
  Data Path Delay:        6.260ns  (logic 0.393ns (6.278%)  route 5.867ns (93.722%))
  Logic Levels:           3  (LUT4=1 LUT6=1 MUXF7=1)
  Clock Path Skew:        -0.079ns (DCD - SCD + CPR)
    Destination Clock Delay (DCD):    1.765ns = ( 11.765 - 10.000 ) 
    Source Clock Delay      (SCD):    1.945ns
    Clock Pessimism Removal (CPR):    0.101ns
  Clock Uncertainty:      0.130ns  ((TSJ^2 + DJ^2)^1/2) / 2 + PE
    Total System Jitter     (TSJ):    0.071ns
    Discrete Jitter          (DJ):    0.250ns
    Phase Error              (PE):    0.000ns
  Clock Net Delay (Source):      1.737ns (routing 0.569ns, distribution 1.168ns)
  Clock Net Delay (Destination): 1.597ns (routing 0.512ns, distribution 1.085ns)

    Location             Delay type                Incr(ns)  Path(ns)    Netlist Resource(s)
  -------------------------------------------------------------------    -------------------
                         (clock clk_pl_0 rise edge)
                                                      0.000     0.000 r  
    PS8_X0Y0             PS8                          0.000     0.000 r  tick2trade_bd_i/zynq_ps/inst/PS8_i/PLCLK[0]
                         net (fo=1, routed)           0.180     0.180    tick2trade_bd_i/zynq_ps/inst/pl_clk_unbuffered[0]
    BUFG_PS_X0Y80        BUFG_PS (Prop_BUFG_PS_I_O)
                                                      0.028     0.208 r  tick2trade_bd_i/zynq_ps/inst/buffer_pl_clk_0.PL_CLK_0_BUFG/O
    X1Y2 (CLOCK_ROOT)    net (fo=2122, routed)        1.737     1.945    tick2trade_bd_i/axi_mem_intercon/s00_couplers/auto_us/inst/gen_upsizer.gen_full_upsizer.axi_upsizer_inst/USE_READ.gen_non_fifo_r_upsizer.read_data_inst/out
    SLICE_X50Y126        FDSE                                         r  tick2trade_bd_i/axi_mem_intercon/s00_couplers/auto_us/inst/gen_upsizer.gen_full_upsizer.axi_upsizer_inst/USE_READ.gen_non_fifo_r_upsizer.read_data_inst/first_word_reg/C
  -------------------------------------------------------------------    -------------------
    SLICE_X50Y126        FDSE (Prop_DFF2_SLICEM_C_Q)
                                                      0.080     2.025 r  tick2trade_bd_i/axi_mem_intercon/s00_couplers/auto_us/inst/gen_upsizer.gen_full_upsizer.axi_upsizer_inst/USE_READ.gen_non_fifo_r_upsizer.read_data_inst/first_word_reg/Q
                         net (fo=17, routed)          0.968     2.993    tick2trade_bd_i/axi_mem_intercon/s00_couplers/auto_us/inst/gen_upsizer.gen_full_upsizer.axi_upsizer_inst/USE_READ.read_addr_inst/GEN_CMD_QUEUE.cmd_queue/first_word
    SLICE_X51Y54         LUT4 (Prop_D6LUT_SLICEL_I1_O)
                                                      0.099     3.092 r  tick2trade_bd_i/axi_mem_intercon/s00_couplers/auto_us/inst/gen_upsizer.gen_full_upsizer.axi_upsizer_inst/USE_READ.read_addr_inst/GEN_CMD_QUEUE.cmd_queue/s_axi_rdata[31]_INST_0_i_4/O
                         net (fo=32, routed)          2.696     5.788    tick2trade_bd_i/axi_mem_intercon/s00_couplers/auto_us/inst/gen_upsizer.gen_full_upsizer.axi_upsizer_inst/USE_READ.gen_non_fifo_r_upsizer.mi_register_slice_inst/r.r_pipe/s_axi_rdata[31]
    SLICE_X15Y240        LUT6 (Prop_D6LUT_SLICEM_I3_O)
                                                      0.145     5.933 r  tick2trade_bd_i/axi_mem_intercon/s00_couplers/auto_us/inst/gen_upsizer.gen_full_upsizer.axi_upsizer_inst/USE_READ.gen_non_fifo_r_upsizer.mi_register_slice_inst/r.r_pipe/s_axi_rdata[4]_INST_0_i_1/O
                         net (fo=1, routed)           0.025     5.958    tick2trade_bd_i/axi_mem_intercon/s00_couplers/auto_us/inst/gen_upsizer.gen_full_upsizer.axi_upsizer_inst/USE_READ.gen_non_fifo_r_upsizer.read_data_inst/s_axi_rdata_4_sn_1
    SLICE_X15Y240        MUXF7 (Prop_F7MUX_CD_SLICEM_I0_O)
                                                      0.069     6.027 r  tick2trade_bd_i/axi_mem_intercon/s00_couplers/auto_us/inst/gen_upsizer.gen_full_upsizer.axi_upsizer_inst/USE_READ.gen_non_fifo_r_upsizer.read_data_inst/s_axi_rdata[4]_INST_0/O
                         net (fo=1, routed)           2.178     8.205    tick2trade_bd_i/axi_dma/U0/I_PRMRY_DATAMOVER/GEN_MM2S_FULL.I_MM2S_FULL_WRAPPER/GEN_INCLUDE_MM2S_SF.I_RD_SF/I_DATA_FIFO/BLK_MEM.I_SYNC_FIFOGEN_FIFO/xpm_fifo_instance.xpm_fifo_sync_inst/xpm_fifo_base_inst/gen_sdpram.xpm_memory_base_inst/dina[4]
    RAMB36_X1Y7          RAMB36E2                                     r  tick2trade_bd_i/axi_dma/U0/I_PRMRY_DATAMOVER/GEN_MM2S_FULL.I_MM2S_FULL_WRAPPER/GEN_INCLUDE_MM2S_SF.I_RD_SF/I_DATA_FIFO/BLK_MEM.I_SYNC_FIFOGEN_FIFO/xpm_fifo_instance.xpm_fifo_sync_inst/xpm_fifo_base_inst/gen_sdpram.xpm_memory_base_inst/gen_wr_a.gen_word_narrow.mem_reg/DINADIN[4]
  -------------------------------------------------------------------    -------------------

                         (clock clk_pl_0 rise edge)
                                                     10.000    10.000 r  
    PS8_X0Y0             PS8                          0.000    10.000 r  tick2trade_bd_i/zynq_ps/inst/PS8_i/PLCLK[0]
                         net (fo=1, routed)           0.143    10.143    tick2trade_bd_i/zynq_ps/inst/pl_clk_unbuffered[0]
    BUFG_PS_X0Y80        BUFG_PS (Prop_BUFG_PS_I_O)
                                                      0.025    10.168 r  tick2trade_bd_i/zynq_ps/inst/buffer_pl_clk_0.PL_CLK_0_BUFG/O
    X1Y2 (CLOCK_ROOT)    net (fo=2122, routed)        1.597    11.765    tick2trade_bd_i/axi_dma/U0/I_PRMRY_DATAMOVER/GEN_MM2S_FULL.I_MM2S_FULL_WRAPPER/GEN_INCLUDE_MM2S_SF.I_RD_SF/I_DATA_FIFO/BLK_MEM.I_SYNC_FIFOGEN_FIFO/xpm_fifo_instance.xpm_fifo_sync_inst/xpm_fifo_base_inst/gen_sdpram.xpm_memory_base_inst/clka
    RAMB36_X1Y7          RAMB36E2                                     r  tick2trade_bd_i/axi_dma/U0/I_PRMRY_DATAMOVER/GEN_MM2S_FULL.I_MM2S_FULL_WRAPPER/GEN_INCLUDE_MM2S_SF.I_RD_SF/I_DATA_FIFO/BLK_MEM.I_SYNC_FIFOGEN_FIFO/xpm_fifo_instance.xpm_fifo_sync_inst/xpm_fifo_base_inst/gen_sdpram.xpm_memory_base_inst/gen_wr_a.gen_word_narrow.mem_reg/CLKBWRCLK
                         clock pessimism              0.101    11.866    
                         clock uncertainty           -0.130    11.736    
    RAMB36_X1Y7          RAMB36E2 (Setup_RAMB36E2_RAMB36_CLKBWRCLK_DINADIN[4])
                                                     -0.300    11.436    tick2trade_bd_i/axi_dma/U0/I_PRMRY_DATAMOVER/GEN_MM2S_FULL.I_MM2S_FULL_WRAPPER/GEN_INCLUDE_MM2S_SF.I_RD_SF/I_DATA_FIFO/BLK_MEM.I_SYNC_FIFOGEN_FIFO/xpm_fifo_instance.xpm_fifo_sync_inst/xpm_fifo_base_inst/gen_sdpram.xpm_memory_base_inst/gen_wr_a.gen_word_narrow.mem_reg
  -------------------------------------------------------------------
                         required time                         11.436    
                         arrival time                          -8.205    
  -------------------------------------------------------------------
                         slack                                  3.231    

Slack (MET) :             3.270ns  (required time - arrival time)
  Source:                 tick2trade_bd_i/axi_mem_intercon/s00_couplers/auto_us/inst/gen_upsizer.gen_full_upsizer.axi_upsizer_inst/USE_READ.gen_non_fifo_r_upsizer.read_data_inst/first_word_reg/C
                            (rising edge-triggered cell FDSE clocked by clk_pl_0  {rise@0.000ns fall@5.000ns period=10.000ns})
  Destination:            tick2trade_bd_i/axi_dma/U0/I_PRMRY_DATAMOVER/GEN_MM2S_FULL.I_MM2S_FULL_WRAPPER/GEN_INCLUDE_MM2S_SF.I_RD_SF/I_DATA_FIFO/BLK_MEM.I_SYNC_FIFOGEN_FIFO/xpm_fifo_instance.xpm_fifo_sync_inst/xpm_fifo_base_inst/gen_sdpram.xpm_memory_base_inst/gen_wr_a.gen_word_narrow.mem_reg/DINADIN[3]
                            (rising edge-triggered cell RAMB36E2 clocked by clk_pl_0  {rise@0.000ns fall@5.000ns period=10.000ns})
  Path Group:             clk_pl_0
  Path Type:              Setup (Max at Slow Process Corner)
  Requirement:            10.000ns  (clk_pl_0 rise@10.000ns - clk_pl_0 rise@0.000ns)
  Data Path Delay:        6.240ns  (logic 0.366ns (5.866%)  route 5.874ns (94.134%))
  Logic Levels:           3  (LUT4=1 LUT6=1 MUXF7=1)
  Clock Path Skew:        -0.079ns (DCD - SCD + CPR)
    Destination Clock Delay (DCD):    1.765ns = ( 11.765 - 10.000 ) 
    Source Clock Delay      (SCD):    1.945ns
    Clock Pessimism Removal (CPR):    0.101ns
  Clock Uncertainty:      0.130ns  ((TSJ^2 + DJ^2)^1/2) / 2 + PE
    Total System Jitter     (TSJ):    0.071ns
    Discrete Jitter          (DJ):    0.250ns
    Phase Error              (PE):    0.000ns
  Clock Net Delay (Source):      1.737ns (routing 0.569ns, distribution 1.168ns)
  Clock Net Delay (Destination): 1.597ns (routing 0.512ns, distribution 1.085ns)

    Location             Delay type                Incr(ns)  Path(ns)    Netlist Resource(s)
  -------------------------------------------------------------------    -------------------
                         (clock clk_pl_0 rise edge)
                                                      0.000     0.000 r  
    PS8_X0Y0             PS8                          0.000     0.000 r  tick2trade_bd_i/zynq_ps/inst/PS8_i/PLCLK[0]
                         net (fo=1, routed)           0.180     0.180    tick2trade_bd_i/zynq_ps/inst/pl_clk_unbuffered[0]
    BUFG_PS_X0Y80        BUFG_PS (Prop_BUFG_PS_I_O)
                                                      0.028     0.208 r  tick2trade_bd_i/zynq_ps/inst/buffer_pl_clk_0.PL_CLK_0_BUFG/O
    X1Y2 (CLOCK_ROOT)    net (fo=2122, routed)        1.737     1.945    tick2trade_bd_i/axi_mem_intercon/s00_couplers/auto_us/inst/gen_upsizer.gen_full_upsizer.axi_upsizer_inst/USE_READ.gen_non_fifo_r_upsizer.read_data_inst/out
    SLICE_X50Y126        FDSE                                         r  tick2trade_bd_i/axi_mem_intercon/s00_couplers/auto_us/inst/gen_upsizer.gen_full_upsizer.axi_upsizer_inst/USE_READ.gen_non_fifo_r_upsizer.read_data_inst/first_word_reg/C
  -------------------------------------------------------------------    -------------------
    SLICE_X50Y126        FDSE (Prop_DFF2_SLICEM_C_Q)
                                                      0.080     2.025 r  tick2trade_bd_i/axi_mem_intercon/s00_couplers/auto_us/inst/gen_upsizer.gen_full_upsizer.axi_upsizer_inst/USE_READ.gen_non_fifo_r_upsizer.read_data_inst/first_word_reg/Q
                         net (fo=17, routed)          0.968     2.993    tick2trade_bd_i/axi_mem_intercon/s00_couplers/auto_us/inst/gen_upsizer.gen_full_upsizer.axi_upsizer_inst/USE_READ.read_addr_inst/GEN_CMD_QUEUE.cmd_queue/first_word
    SLICE_X51Y54         LUT4 (Prop_D6LUT_SLICEL_I1_O)
                                                      0.099     3.092 r  tick2trade_bd_i/axi_mem_intercon/s00_couplers/auto_us/inst/gen_upsizer.gen_full_upsizer.axi_upsizer_inst/USE_READ.read_addr_inst/GEN_CMD_QUEUE.cmd_queue/s_axi_rdata[31]_INST_0_i_4/O
                         net (fo=32, routed)          2.828     5.920    tick2trade_bd_i/axi_mem_intercon/s00_couplers/auto_us/inst/gen_upsizer.gen_full_upsizer.axi_upsizer_inst/USE_READ.gen_non_fifo_r_upsizer.mi_register_slice_inst/r.r_pipe/s_axi_rdata[31]
    SLICE_X18Y241        LUT6 (Prop_B6LUT_SLICEL_I3_O)
                                                      0.124     6.044 r  tick2trade_bd_i/axi_mem_intercon/s00_couplers/auto_us/inst/gen_upsizer.gen_full_upsizer.axi_upsizer_inst/USE_READ.gen_non_fifo_r_upsizer.mi_register_slice_inst/r.r_pipe/s_axi_rdata[3]_INST_0_i_1/O
                         net (fo=1, routed)           0.009     6.053    tick2trade_bd_i/axi_mem_intercon/s00_couplers/auto_us/inst/gen_upsizer.gen_full_upsizer.axi_upsizer_inst/USE_READ.gen_non_fifo_r_upsizer.read_data_inst/s_axi_rdata_3_sn_1
    SLICE_X18Y241        MUXF7 (Prop_F7MUX_AB_SLICEL_I0_O)
                                                      0.063     6.116 r  tick2trade_bd_i/axi_mem_intercon/s00_couplers/auto_us/inst/gen_upsizer.gen_full_upsizer.axi_upsizer_inst/USE_READ.gen_non_fifo_r_upsizer.read_data_inst/s_axi_rdata[3]_INST_0/O
                         net (fo=1, routed)           2.069     8.185    tick2trade_bd_i/axi_dma/U0/I_PRMRY_DATAMOVER/GEN_MM2S_FULL.I_MM2S_FULL_WRAPPER/GEN_INCLUDE_MM2S_SF.I_RD_SF/I_DATA_FIFO/BLK_MEM.I_SYNC_FIFOGEN_FIFO/xpm_fifo_instance.xpm_fifo_sync_inst/xpm_fifo_base_inst/gen_sdpram.xpm_memory_base_inst/dina[3]
    RAMB36_X1Y7          RAMB36E2                                     r  tick2trade_bd_i/axi_dma/U0/I_PRMRY_DATAMOVER/GEN_MM2S_FULL.I_MM2S_FULL_WRAPPER/GEN_INCLUDE_MM2S_SF.I_RD_SF/I_DATA_FIFO/BLK_MEM.I_SYNC_FIFOGEN_FIFO/xpm_fifo_instance.xpm_fifo_sync_inst/xpm_fifo_base_inst/gen_sdpram.xpm_memory_base_inst/gen_wr_a.gen_word_narrow.mem_reg/DINADIN[3]
  -------------------------------------------------------------------    -------------------

                         (clock clk_pl_0 rise edge)
                                                     10.000    10.000 r  
    PS8_X0Y0             PS8                          0.000    10.000 r  tick2trade_bd_i/zynq_ps/inst/PS8_i/PLCLK[0]
                         net (fo=1, routed)           0.143    10.143    tick2trade_bd_i/zynq_ps/inst/pl_clk_unbuffered[0]
    BUFG_PS_X0Y80        BUFG_PS (Prop_BUFG_PS_I_O)
                                                      0.025    10.168 r  tick2trade_bd_i/zynq_ps/inst/buffer_pl_clk_0.PL_CLK_0_BUFG/O
    X1Y2 (CLOCK_ROOT)    net (fo=2122, routed)        1.597    11.765    tick2trade_bd_i/axi_dma/U0/I_PRMRY_DATAMOVER/GEN_MM2S_FULL.I_MM2S_FULL_WRAPPER/GEN_INCLUDE_MM2S_SF.I_RD_SF/I_DATA_FIFO/BLK_MEM.I_SYNC_FIFOGEN_FIFO/xpm_fifo_instance.xpm_fifo_sync_inst/xpm_fifo_base_inst/gen_sdpram.xpm_memory_base_inst/clka
    RAMB36_X1Y7          RAMB36E2                                     r  tick2trade_bd_i/axi_dma/U0/I_PRMRY_DATAMOVER/GEN_MM2S_FULL.I_MM2S_FULL_WRAPPER/GEN_INCLUDE_MM2S_SF.I_RD_SF/I_DATA_FIFO/BLK_MEM.I_SYNC_FIFOGEN_FIFO/xpm_fifo_instance.xpm_fifo_sync_inst/xpm_fifo_base_inst/gen_sdpram.xpm_memory_base_inst/gen_wr_a.gen_word_narrow.mem_reg/CLKBWRCLK
                         clock pessimism              0.101    11.866    
                         clock uncertainty           -0.130    11.736    
    RAMB36_X1Y7          RAMB36E2 (Setup_RAMB36E2_RAMB36_CLKBWRCLK_DINADIN[3])
                                                     -0.281    11.455    tick2trade_bd_i/axi_dma/U0/I_PRMRY_DATAMOVER/GEN_MM2S_FULL.I_MM2S_FULL_WRAPPER/GEN_INCLUDE_MM2S_SF.I_RD_SF/I_DATA_FIFO/BLK_MEM.I_SYNC_FIFOGEN_FIFO/xpm_fifo_instance.xpm_fifo_sync_inst/xpm_fifo_base_inst/gen_sdpram.xpm_memory_base_inst/gen_wr_a.gen_word_narrow.mem_reg
  -------------------------------------------------------------------
                         required time                         11.455    
                         arrival time                          -8.185    
  -------------------------------------------------------------------
                         slack                                  3.270    

Slack (MET) :             3.278ns  (required time - arrival time)
  Source:                 tick2trade_bd_i/axi_mem_intercon/s00_couplers/auto_us/inst/gen_upsizer.gen_full_upsizer.axi_upsizer_inst/USE_READ.gen_non_fifo_r_upsizer.read_data_inst/first_word_reg/C
                            (rising edge-triggered cell FDSE clocked by clk_pl_0  {rise@0.000ns fall@5.000ns period=10.000ns})
  Destination:            tick2trade_bd_i/axi_dma/U0/I_PRMRY_DATAMOVER/GEN_MM2S_FULL.I_MM2S_FULL_WRAPPER/GEN_INCLUDE_MM2S_SF.I_RD_SF/I_DATA_FIFO/BLK_MEM.I_SYNC_FIFOGEN_FIFO/xpm_fifo_instance.xpm_fifo_sync_inst/xpm_fifo_base_inst/gen_sdpram.xpm_memory_base_inst/gen_wr_a.gen_word_narrow.mem_reg/DINADIN[5]
                            (rising edge-triggered cell RAMB36E2 clocked by clk_pl_0  {rise@0.000ns fall@5.000ns period=10.000ns})
  Path Group:             clk_pl_0
  Path Type:              Setup (Max at Slow Process Corner)
  Requirement:            10.000ns  (clk_pl_0 rise@10.000ns - clk_pl_0 rise@0.000ns)
  Data Path Delay:        6.228ns  (logic 0.292ns (4.688%)  route 5.936ns (95.312%))
  Logic Levels:           3  (LUT4=1 LUT6=1 MUXF7=1)
  Clock Path Skew:        -0.079ns (DCD - SCD + CPR)
    Destination Clock Delay (DCD):    1.765ns = ( 11.765 - 10.000 ) 
    Source Clock Delay      (SCD):    1.945ns
    Clock Pessimism Removal (CPR):    0.101ns
  Clock Uncertainty:      0.130ns  ((TSJ^2 + DJ^2)^1/2) / 2 + PE
    Total System Jitter     (TSJ):    0.071ns
    Discrete Jitter          (DJ):    0.250ns
    Phase Error              (PE):    0.000ns
  Clock Net Delay (Source):      1.737ns (routing 0.569ns, distribution 1.168ns)
  Clock Net Delay (Destination): 1.597ns (routing 0.512ns, distribution 1.085ns)

    Location             Delay type                Incr(ns)  Path(ns)    Netlist Resource(s)
  -------------------------------------------------------------------    -------------------
                         (clock clk_pl_0 rise edge)
                                                      0.000     0.000 r  
    PS8_X0Y0             PS8                          0.000     0.000 r  tick2trade_bd_i/zynq_ps/inst/PS8_i/PLCLK[0]
                         net (fo=1, routed)           0.180     0.180    tick2trade_bd_i/zynq_ps/inst/pl_clk_unbuffered[0]
    BUFG_PS_X0Y80        BUFG_PS (Prop_BUFG_PS_I_O)
                                                      0.028     0.208 r  tick2trade_bd_i/zynq_ps/inst/buffer_pl_clk_0.PL_CLK_0_BUFG/O
    X1Y2 (CLOCK_ROOT)    net (fo=2122, routed)        1.737     1.945    tick2trade_bd_i/axi_mem_intercon/s00_couplers/auto_us/inst/gen_upsizer.gen_full_upsizer.axi_upsizer_inst/USE_READ.gen_non_fifo_r_upsizer.read_data_inst/out
    SLICE_X50Y126        FDSE                                         r  tick2trade_bd_i/axi_mem_intercon/s00_couplers/auto_us/inst/gen_upsizer.gen_full_upsizer.axi_upsizer_inst/USE_READ.gen_non_fifo_r_upsizer.read_data_inst/first_word_reg/C
  -------------------------------------------------------------------    -------------------
    SLICE_X50Y126        FDSE (Prop_DFF2_SLICEM_C_Q)
                                                      0.080     2.025 r  tick2trade_bd_i/axi_mem_intercon/s00_couplers/auto_us/inst/gen_upsizer.gen_full_upsizer.axi_upsizer_inst/USE_READ.gen_non_fifo_r_upsizer.read_data_inst/first_word_reg/Q
                         net (fo=17, routed)          0.968     2.993    tick2trade_bd_i/axi_mem_intercon/s00_couplers/auto_us/inst/gen_upsizer.gen_full_upsizer.axi_upsizer_inst/USE_READ.read_addr_inst/GEN_CMD_QUEUE.cmd_queue/first_word
    SLICE_X51Y54         LUT4 (Prop_D6LUT_SLICEL_I1_O)
                                                      0.099     3.092 r  tick2trade_bd_i/axi_mem_intercon/s00_couplers/auto_us/inst/gen_upsizer.gen_full_upsizer.axi_upsizer_inst/USE_READ.read_addr_inst/GEN_CMD_QUEUE.cmd_queue/s_axi_rdata[31]_INST_0_i_4/O
                         net (fo=32, routed)          2.777     5.869    tick2trade_bd_i/axi_mem_intercon/s00_couplers/auto_us/inst/gen_upsizer.gen_full_upsizer.axi_upsizer_inst/USE_READ.gen_non_fifo_r_upsizer.mi_register_slice_inst/r.r_pipe/s_axi_rdata[31]
    SLICE_X16Y241        LUT6 (Prop_D6LUT_SLICEL_I4_O)
                                                      0.050     5.919 r  tick2trade_bd_i/axi_mem_intercon/s00_couplers/auto_us/inst/gen_upsizer.gen_full_upsizer.axi_upsizer_inst/USE_READ.gen_non_fifo_r_upsizer.mi_register_slice_inst/r.r_pipe/s_axi_rdata[5]_INST_0_i_1/O
                         net (fo=1, routed)           0.009     5.928    tick2trade_bd_i/axi_mem_intercon/s00_couplers/auto_us/inst/gen_upsizer.gen_full_upsizer.axi_upsizer_inst/USE_READ.gen_non_fifo_r_upsizer.read_data_inst/s_axi_rdata_5_sn_1
    SLICE_X16Y241        MUXF7 (Prop_F7MUX_CD_SLICEL_I0_O)
                                                      0.063     5.991 r  tick2trade_bd_i/axi_mem_intercon/s00_couplers/auto_us/inst/gen_upsizer.gen_full_upsizer.axi_upsizer_inst/USE_READ.gen_non_fifo_r_upsizer.read_data_inst/s_axi_rdata[5]_INST_0/O
                         net (fo=1, routed)           2.182     8.173    tick2trade_bd_i/axi_dma/U0/I_PRMRY_DATAMOVER/GEN_MM2S_FULL.I_MM2S_FULL_WRAPPER/GEN_INCLUDE_MM2S_SF.I_RD_SF/I_DATA_FIFO/BLK_MEM.I_SYNC_FIFOGEN_FIFO/xpm_fifo_instance.xpm_fifo_sync_inst/xpm_fifo_base_inst/gen_sdpram.xpm_memory_base_inst/dina[5]
    RAMB36_X1Y7          RAMB36E2                                     r  tick2trade_bd_i/axi_dma/U0/I_PRMRY_DATAMOVER/GEN_MM2S_FULL.I_MM2S_FULL_WRAPPER/GEN_INCLUDE_MM2S_SF.I_RD_SF/I_DATA_FIFO/BLK_MEM.I_SYNC_FIFOGEN_FIFO/xpm_fifo_instance.xpm_fifo_sync_inst/xpm_fifo_base_inst/gen_sdpram.xpm_memory_base_inst/gen_wr_a.gen_word_narrow.mem_reg/DINADIN[5]
  -------------------------------------------------------------------    -------------------

                         (clock clk_pl_0 rise edge)
                                                     10.000    10.000 r  
    PS8_X0Y0             PS8                          0.000    10.000 r  tick2trade_bd_i/zynq_ps/inst/PS8_i/PLCLK[0]
                         net (fo=1, routed)           0.143    10.143    tick2trade_bd_i/zynq_ps/inst/pl_clk_unbuffered[0]
    BUFG_PS_X0Y80        BUFG_PS (Prop_BUFG_PS_I_O)
                                                      0.025    10.168 r  tick2trade_bd_i/zynq_ps/inst/buffer_pl_clk_0.PL_CLK_0_BUFG/O
    X1Y2 (CLOCK_ROOT)    net (fo=2122, routed)        1.597    11.765    tick2trade_bd_i/axi_dma/U0/I_PRMRY_DATAMOVER/GEN_MM2S_FULL.I_MM2S_FULL_WRAPPER/GEN_INCLUDE_MM2S_SF.I_RD_SF/I_DATA_FIFO/BLK_MEM.I_SYNC_FIFOGEN_FIFO/xpm_fifo_instance.xpm_fifo_sync_inst/xpm_fifo_base_inst/gen_sdpram.xpm_memory_base_inst/clka
    RAMB36_X1Y7          RAMB36E2                                     r  tick2trade_bd_i/axi_dma/U0/I_PRMRY_DATAMOVER/GEN_MM2S_FULL.I_MM2S_FULL_WRAPPER/GEN_INCLUDE_MM2S_SF.I_RD_SF/I_DATA_FIFO/BLK_MEM.I_SYNC_FIFOGEN_FIFO/xpm_fifo_instance.xpm_fifo_sync_inst/xpm_fifo_base_inst/gen_sdpram.xpm_memory_base_inst/gen_wr_a.gen_word_narrow.mem_reg/CLKBWRCLK
                         clock pessimism              0.101    11.866    
                         clock uncertainty           -0.130    11.736    
    RAMB36_X1Y7          RAMB36E2 (Setup_RAMB36E2_RAMB36_CLKBWRCLK_DINADIN[5])
                                                     -0.285    11.451    tick2trade_bd_i/axi_dma/U0/I_PRMRY_DATAMOVER/GEN_MM2S_FULL.I_MM2S_FULL_WRAPPER/GEN_INCLUDE_MM2S_SF.I_RD_SF/I_DATA_FIFO/BLK_MEM.I_SYNC_FIFOGEN_FIFO/xpm_fifo_instance.xpm_fifo_sync_inst/xpm_fifo_base_inst/gen_sdpram.xpm_memory_base_inst/gen_wr_a.gen_word_narrow.mem_reg
  -------------------------------------------------------------------
                         required time                         11.451    
                         arrival time                          -8.173    
  -------------------------------------------------------------------
                         slack                                  3.278    

Slack (MET) :             3.287ns  (required time - arrival time)
  Source:                 tick2trade_bd_i/axi_mem_intercon/s00_couplers/auto_us/inst/gen_upsizer.gen_full_upsizer.axi_upsizer_inst/USE_READ.gen_non_fifo_r_upsizer.read_data_inst/first_word_reg/C
                            (rising edge-triggered cell FDSE clocked by clk_pl_0  {rise@0.000ns fall@5.000ns period=10.000ns})
  Destination:            tick2trade_bd_i/axi_dma/U0/I_PRMRY_DATAMOVER/GEN_MM2S_FULL.I_MM2S_FULL_WRAPPER/GEN_INCLUDE_MM2S_SF.I_RD_SF/I_DATA_FIFO/BLK_MEM.I_SYNC_FIFOGEN_FIFO/xpm_fifo_instance.xpm_fifo_sync_inst/xpm_fifo_base_inst/gen_sdpram.xpm_memory_base_inst/gen_wr_a.gen_word_narrow.mem_reg/DINADIN[7]
                            (rising edge-triggered cell RAMB36E2 clocked by clk_pl_0  {rise@0.000ns fall@5.000ns period=10.000ns})
  Path Group:             clk_pl_0
  Path Type:              Setup (Max at Slow Process Corner)
  Requirement:            10.000ns  (clk_pl_0 rise@10.000ns - clk_pl_0 rise@0.000ns)
  Data Path Delay:        6.243ns  (logic 0.370ns (5.927%)  route 5.873ns (94.073%))
  Logic Levels:           3  (LUT4=1 LUT6=1 MUXF7=1)
  Clock Path Skew:        -0.079ns (DCD - SCD + CPR)
    Destination Clock Delay (DCD):    1.765ns = ( 11.765 - 10.000 ) 
    Source Clock Delay      (SCD):    1.945ns
    Clock Pessimism Removal (CPR):    0.101ns
  Clock Uncertainty:      0.130ns  ((TSJ^2 + DJ^2)^1/2) / 2 + PE
    Total System Jitter     (TSJ):    0.071ns
    Discrete Jitter          (DJ):    0.250ns
    Phase Error              (PE):    0.000ns
  Clock Net Delay (Source):      1.737ns (routing 0.569ns, distribution 1.168ns)
  Clock Net Delay (Destination): 1.597ns (routing 0.512ns, distribution 1.085ns)

    Location             Delay type                Incr(ns)  Path(ns)    Netlist Resource(s)
  -------------------------------------------------------------------    -------------------
                         (clock clk_pl_0 rise edge)
                                                      0.000     0.000 r  
    PS8_X0Y0             PS8                          0.000     0.000 r  tick2trade_bd_i/zynq_ps/inst/PS8_i/PLCLK[0]
                         net (fo=1, routed)           0.180     0.180    tick2trade_bd_i/zynq_ps/inst/pl_clk_unbuffered[0]
    BUFG_PS_X0Y80        BUFG_PS (Prop_BUFG_PS_I_O)
                                                      0.028     0.208 r  tick2trade_bd_i/zynq_ps/inst/buffer_pl_clk_0.PL_CLK_0_BUFG/O
    X1Y2 (CLOCK_ROOT)    net (fo=2122, routed)        1.737     1.945    tick2trade_bd_i/axi_mem_intercon/s00_couplers/auto_us/inst/gen_upsizer.gen_full_upsizer.axi_upsizer_inst/USE_READ.gen_non_fifo_r_upsizer.read_data_inst/out
    SLICE_X50Y126        FDSE                                         r  tick2trade_bd_i/axi_mem_intercon/s00_couplers/auto_us/inst/gen_upsizer.gen_full_upsizer.axi_upsizer_inst/USE_READ.gen_non_fifo_r_upsizer.read_data_inst/first_word_reg/C
  -------------------------------------------------------------------    -------------------
    SLICE_X50Y126        FDSE (Prop_DFF2_SLICEM_C_Q)
                                                      0.080     2.025 r  tick2trade_bd_i/axi_mem_intercon/s00_couplers/auto_us/inst/gen_upsizer.gen_full_upsizer.axi_upsizer_inst/USE_READ.gen_non_fifo_r_upsizer.read_data_inst/first_word_reg/Q
                         net (fo=17, routed)          0.968     2.993    tick2trade_bd_i/axi_mem_intercon/s00_couplers/auto_us/inst/gen_upsizer.gen_full_upsizer.axi_upsizer_inst/USE_READ.read_addr_inst/GEN_CMD_QUEUE.cmd_queue/first_word
    SLICE_X51Y54         LUT4 (Prop_D6LUT_SLICEL_I1_O)
                                                      0.099     3.092 r  tick2trade_bd_i/axi_mem_intercon/s00_couplers/auto_us/inst/gen_upsizer.gen_full_upsizer.axi_upsizer_inst/USE_READ.read_addr_inst/GEN_CMD_QUEUE.cmd_queue/s_axi_rdata[31]_INST_0_i_4/O
                         net (fo=32, routed)          2.698     5.790    tick2trade_bd_i/axi_mem_intercon/s00_couplers/auto_us/inst/gen_upsizer.gen_full_upsizer.axi_upsizer_inst/USE_READ.gen_non_fifo_r_upsizer.mi_register_slice_inst/r.r_pipe/s_axi_rdata[31]
    SLICE_X15Y242        LUT6 (Prop_D6LUT_SLICEM_I3_O)
                                                      0.122     5.912 r  tick2trade_bd_i/axi_mem_intercon/s00_couplers/auto_us/inst/gen_upsizer.gen_full_upsizer.axi_upsizer_inst/USE_READ.gen_non_fifo_r_upsizer.mi_register_slice_inst/r.r_pipe/s_axi_rdata[7]_INST_0_i_1/O
                         net (fo=1, routed)           0.025     5.937    tick2trade_bd_i/axi_mem_intercon/s00_couplers/auto_us/inst/gen_upsizer.gen_full_upsizer.axi_upsizer_inst/USE_READ.gen_non_fifo_r_upsizer.read_data_inst/s_axi_rdata_7_sn_1
    SLICE_X15Y242        MUXF7 (Prop_F7MUX_CD_SLICEM_I0_O)
                                                      0.069     6.006 r  tick2trade_bd_i/axi_mem_intercon/s00_couplers/auto_us/inst/gen_upsizer.gen_full_upsizer.axi_upsizer_inst/USE_READ.gen_non_fifo_r_upsizer.read_data_inst/s_axi_rdata[7]_INST_0/O
                         net (fo=1, routed)           2.182     8.188    tick2trade_bd_i/axi_dma/U0/I_PRMRY_DATAMOVER/GEN_MM2S_FULL.I_MM2S_FULL_WRAPPER/GEN_INCLUDE_MM2S_SF.I_RD_SF/I_DATA_FIFO/BLK_MEM.I_SYNC_FIFOGEN_FIFO/xpm_fifo_instance.xpm_fifo_sync_inst/xpm_fifo_base_inst/gen_sdpram.xpm_memory_base_inst/dina[7]
    RAMB36_X1Y7          RAMB36E2                                     r  tick2trade_bd_i/axi_dma/U0/I_PRMRY_DATAMOVER/GEN_MM2S_FULL.I_MM2S_FULL_WRAPPER/GEN_INCLUDE_MM2S_SF.I_RD_SF/I_DATA_FIFO/BLK_MEM.I_SYNC_FIFOGEN_FIFO/xpm_fifo_instance.xpm_fifo_sync_inst/xpm_fifo_base_inst/gen_sdpram.xpm_memory_base_inst/gen_wr_a.gen_word_narrow.mem_reg/DINADIN[7]
  -------------------------------------------------------------------    -------------------

                         (clock clk_pl_0 rise edge)
                                                     10.000    10.000 r  
    PS8_X0Y0             PS8                          0.000    10.000 r  tick2trade_bd_i/zynq_ps/inst/PS8_i/PLCLK[0]
                         net (fo=1, routed)           0.143    10.143    tick2trade_bd_i/zynq_ps/inst/pl_clk_unbuffered[0]
    BUFG_PS_X0Y80        BUFG_PS (Prop_BUFG_PS_I_O)
                                                      0.025    10.168 r  tick2trade_bd_i/zynq_ps/inst/buffer_pl_clk_0.PL_CLK_0_BUFG/O
    X1Y2 (CLOCK_ROOT)    net (fo=2122, routed)        1.597    11.765    tick2trade_bd_i/axi_dma/U0/I_PRMRY_DATAMOVER/GEN_MM2S_FULL.I_MM2S_FULL_WRAPPER/GEN_INCLUDE_MM2S_SF.I_RD_SF/I_DATA_FIFO/BLK_MEM.I_SYNC_FIFOGEN_FIFO/xpm_fifo_instance.xpm_fifo_sync_inst/xpm_fifo_base_inst/gen_sdpram.xpm_memory_base_inst/clka
    RAMB36_X1Y7          RAMB36E2                                     r  tick2trade_bd_i/axi_dma/U0/I_PRMRY_DATAMOVER/GEN_MM2S_FULL.I_MM2S_FULL_WRAPPER/GEN_INCLUDE_MM2S_SF.I_RD_SF/I_DATA_FIFO/BLK_MEM.I_SYNC_FIFOGEN_FIFO/xpm_fifo_instance.xpm_fifo_sync_inst/xpm_fifo_base_inst/gen_sdpram.xpm_memory_base_inst/gen_wr_a.gen_word_narrow.mem_reg/CLKBWRCLK
                         clock pessimism              0.101    11.866    
                         clock uncertainty           -0.130    11.736    
    RAMB36_X1Y7          RAMB36E2 (Setup_RAMB36E2_RAMB36_CLKBWRCLK_DINADIN[7])
                                                     -0.261    11.475    tick2trade_bd_i/axi_dma/U0/I_PRMRY_DATAMOVER/GEN_MM2S_FULL.I_MM2S_FULL_WRAPPER/GEN_INCLUDE_MM2S_SF.I_RD_SF/I_DATA_FIFO/BLK_MEM.I_SYNC_FIFOGEN_FIFO/xpm_fifo_instance.xpm_fifo_sync_inst/xpm_fifo_base_inst/gen_sdpram.xpm_memory_base_inst/gen_wr_a.gen_word_narrow.mem_reg
  -------------------------------------------------------------------
                         required time                         11.475    
                         arrival time                          -8.188    
  -------------------------------------------------------------------
                         slack                                  3.287    

Slack (MET) :             3.344ns  (required time - arrival time)
  Source:                 tick2trade_bd_i/axi_mem_intercon/s00_couplers/auto_us/inst/gen_upsizer.gen_full_upsizer.axi_upsizer_inst/USE_READ.gen_non_fifo_r_upsizer.read_data_inst/first_word_reg/C
                            (rising edge-triggered cell FDSE clocked by clk_pl_0  {rise@0.000ns fall@5.000ns period=10.000ns})
  Destination:            tick2trade_bd_i/axi_dma/U0/I_PRMRY_DATAMOVER/GEN_MM2S_FULL.I_MM2S_FULL_WRAPPER/GEN_INCLUDE_MM2S_SF.I_RD_SF/I_DATA_FIFO/BLK_MEM.I_SYNC_FIFOGEN_FIFO/xpm_fifo_instance.xpm_fifo_sync_inst/xpm_fifo_base_inst/gen_sdpram.xpm_memory_base_inst/gen_wr_a.gen_word_narrow.mem_reg/DINADIN[10]
                            (rising edge-triggered cell RAMB36E2 clocked by clk_pl_0  {rise@0.000ns fall@5.000ns period=10.000ns})
  Path Group:             clk_pl_0
  Path Type:              Setup (Max at Slow Process Corner)
  Requirement:            10.000ns  (clk_pl_0 rise@10.000ns - clk_pl_0 rise@0.000ns)
  Data Path Delay:        6.185ns  (logic 0.292ns (4.721%)  route 5.893ns (95.279%))
  Logic Levels:           3  (LUT4=1 LUT6=1 MUXF7=1)
  Clock Path Skew:        -0.079ns (DCD - SCD + CPR)
    Destination Clock Delay (DCD):    1.765ns = ( 11.765 - 10.000 ) 
    Source Clock Delay      (SCD):    1.945ns
    Clock Pessimism Removal (CPR):    0.101ns
  Clock Uncertainty:      0.130ns  ((TSJ^2 + DJ^2)^1/2) / 2 + PE
    Total System Jitter     (TSJ):    0.071ns
    Discrete Jitter          (DJ):    0.250ns
    Phase Error              (PE):    0.000ns
  Clock Net Delay (Source):      1.737ns (routing 0.569ns, distribution 1.168ns)
  Clock Net Delay (Destination): 1.597ns (routing 0.512ns, distribution 1.085ns)

    Location             Delay type                Incr(ns)  Path(ns)    Netlist Resource(s)
  -------------------------------------------------------------------    -------------------
                         (clock clk_pl_0 rise edge)
                                                      0.000     0.000 r  
    PS8_X0Y0             PS8                          0.000     0.000 r  tick2trade_bd_i/zynq_ps/inst/PS8_i/PLCLK[0]
                         net (fo=1, routed)           0.180     0.180    tick2trade_bd_i/zynq_ps/inst/pl_clk_unbuffered[0]
    BUFG_PS_X0Y80        BUFG_PS (Prop_BUFG_PS_I_O)
                                                      0.028     0.208 r  tick2trade_bd_i/zynq_ps/inst/buffer_pl_clk_0.PL_CLK_0_BUFG/O
    X1Y2 (CLOCK_ROOT)    net (fo=2122, routed)        1.737     1.945    tick2trade_bd_i/axi_mem_intercon/s00_couplers/auto_us/inst/gen_upsizer.gen_full_upsizer.axi_upsizer_inst/USE_READ.gen_non_fifo_r_upsizer.read_data_inst/out
    SLICE_X50Y126        FDSE                                         r  tick2trade_bd_i/axi_mem_intercon/s00_couplers/auto_us/inst/gen_upsizer.gen_full_upsizer.axi_upsizer_inst/USE_READ.gen_non_fifo_r_upsizer.read_data_inst/first_word_reg/C
  -------------------------------------------------------------------    -------------------
    SLICE_X50Y126        FDSE (Prop_DFF2_SLICEM_C_Q)
                                                      0.080     2.025 r  tick2trade_bd_i/axi_mem_intercon/s00_couplers/auto_us/inst/gen_upsizer.gen_full_upsizer.axi_upsizer_inst/USE_READ.gen_non_fifo_r_upsizer.read_data_inst/first_word_reg/Q
                         net (fo=17, routed)          0.968     2.993    tick2trade_bd_i/axi_mem_intercon/s00_couplers/auto_us/inst/gen_upsizer.gen_full_upsizer.axi_upsizer_inst/USE_READ.read_addr_inst/GEN_CMD_QUEUE.cmd_queue/first_word
    SLICE_X51Y54         LUT4 (Prop_D6LUT_SLICEL_I1_O)
                                                      0.099     3.092 r  tick2trade_bd_i/axi_mem_intercon/s00_couplers/auto_us/inst/gen_upsizer.gen_full_upsizer.axi_upsizer_inst/USE_READ.read_addr_inst/GEN_CMD_QUEUE.cmd_queue/s_axi_rdata[31]_INST_0_i_4/O
                         net (fo=32, routed)          2.816     5.908    tick2trade_bd_i/axi_mem_intercon/s00_couplers/auto_us/inst/gen_upsizer.gen_full_upsizer.axi_upsizer_inst/USE_READ.gen_non_fifo_r_upsizer.mi_register_slice_inst/r.r_pipe/s_axi_rdata[31]
    SLICE_X18Y241        LUT6 (Prop_D6LUT_SLICEL_I3_O)
                                                      0.050     5.958 r  tick2trade_bd_i/axi_mem_intercon/s00_couplers/auto_us/inst/gen_upsizer.gen_full_upsizer.axi_upsizer_inst/USE_READ.gen_non_fifo_r_upsizer.mi_register_slice_inst/r.r_pipe/s_axi_rdata[10]_INST_0_i_1/O
                         net (fo=1, routed)           0.009     5.967    tick2trade_bd_i/axi_mem_intercon/s00_couplers/auto_us/inst/gen_upsizer.gen_full_upsizer.axi_upsizer_inst/USE_READ.gen_non_fifo_r_upsizer.read_data_inst/s_axi_rdata_10_sn_1
    SLICE_X18Y241        MUXF7 (Prop_F7MUX_CD_SLICEL_I0_O)
                                                      0.063     6.030 r  tick2trade_bd_i/axi_mem_intercon/s00_couplers/auto_us/inst/gen_upsizer.gen_full_upsizer.axi_upsizer_inst/USE_READ.gen_non_fifo_r_upsizer.read_data_inst/s_axi_rdata[10]_INST_0/O
                         net (fo=1, routed)           2.100     8.130    tick2trade_bd_i/axi_dma/U0/I_PRMRY_DATAMOVER/GEN_MM2S_FULL.I_MM2S_FULL_WRAPPER/GEN_INCLUDE_MM2S_SF.I_RD_SF/I_DATA_FIFO/BLK_MEM.I_SYNC_FIFOGEN_FIFO/xpm_fifo_instance.xpm_fifo_sync_inst/xpm_fifo_base_inst/gen_sdpram.xpm_memory_base_inst/dina[10]
    RAMB36_X1Y7          RAMB36E2                                     r  tick2trade_bd_i/axi_dma/U0/I_PRMRY_DATAMOVER/GEN_MM2S_FULL.I_MM2S_FULL_WRAPPER/GEN_INCLUDE_MM2S_SF.I_RD_SF/I_DATA_FIFO/BLK_MEM.I_SYNC_FIFOGEN_FIFO/xpm_fifo_instance.xpm_fifo_sync_inst/xpm_fifo_base_inst/gen_sdpram.xpm_memory_base_inst/gen_wr_a.gen_word_narrow.mem_reg/DINADIN[10]
  -------------------------------------------------------------------    -------------------

                         (clock clk_pl_0 rise edge)
                                                     10.000    10.000 r  
    PS8_X0Y0             PS8                          0.000    10.000 r  tick2trade_bd_i/zynq_ps/inst/PS8_i/PLCLK[0]
                         net (fo=1, routed)           0.143    10.143    tick2trade_bd_i/zynq_ps/inst/pl_clk_unbuffered[0]
    BUFG_PS_X0Y80        BUFG_PS (Prop_BUFG_PS_I_O)
                                                      0.025    10.168 r  tick2trade_bd_i/zynq_ps/inst/buffer_pl_clk_0.PL_CLK_0_BUFG/O
    X1Y2 (CLOCK_ROOT)    net (fo=2122, routed)        1.597    11.765    tick2trade_bd_i/axi_dma/U0/I_PRMRY_DATAMOVER/GEN_MM2S_FULL.I_MM2S_FULL_WRAPPER/GEN_INCLUDE_MM2S_SF.I_RD_SF/I_DATA_FIFO/BLK_MEM.I_SYNC_FIFOGEN_FIFO/xpm_fifo_instance.xpm_fifo_sync_inst/xpm_fifo_base_inst/gen_sdpram.xpm_memory_base_inst/clka
    RAMB36_X1Y7          RAMB36E2                                     r  tick2trade_bd_i/axi_dma/U0/I_PRMRY_DATAMOVER/GEN_MM2S_FULL.I_MM2S_FULL_WRAPPER/GEN_INCLUDE_MM2S_SF.I_RD_SF/I_DATA_FIFO/BLK_MEM.I_SYNC_FIFOGEN_FIFO/xpm_fifo_instance.xpm_fifo_sync_inst/xpm_fifo_base_inst/gen_sdpram.xpm_memory_base_inst/gen_wr_a.gen_word_narrow.mem_reg/CLKBWRCLK
                         clock pessimism              0.101    11.866    
                         clock uncertainty           -0.130    11.736    
    RAMB36_X1Y7          RAMB36E2 (Setup_RAMB36E2_RAMB36_CLKBWRCLK_DINADIN[10])
                                                     -0.262    11.474    tick2trade_bd_i/axi_dma/U0/I_PRMRY_DATAMOVER/GEN_MM2S_FULL.I_MM2S_FULL_WRAPPER/GEN_INCLUDE_MM2S_SF.I_RD_SF/I_DATA_FIFO/BLK_MEM.I_SYNC_FIFOGEN_FIFO/xpm_fifo_instance.xpm_fifo_sync_inst/xpm_fifo_base_inst/gen_sdpram.xpm_memory_base_inst/gen_wr_a.gen_word_narrow.mem_reg
  -------------------------------------------------------------------
                         required time                         11.474    
                         arrival time                          -8.130    
  -------------------------------------------------------------------
                         slack                                  3.344    





Min Delay Paths
--------------------------------------------------------------------------------------
Slack (MET) :             0.017ns  (arrival time - required time)
  Source:                 tick2trade_bd_i/zynq_ps_axi_periph/xbar/inst/gen_sasd.crossbar_sasd_0/addr_arbiter_inst/gen_no_arbiter.m_amesg_i_reg[9]/C
                            (rising edge-triggered cell FDRE clocked by clk_pl_0  {rise@0.000ns fall@5.000ns period=10.000ns})
  Destination:            tick2trade_bd_i/axi_dma/U0/I_AXI_DMA_REG_MODULE/GEN_AXI_LITE_IF.AXI_LITE_IF_I/araddr_reg[8]/D
                            (rising edge-triggered cell FDRE clocked by clk_pl_0  {rise@0.000ns fall@5.000ns period=10.000ns})
  Path Group:             clk_pl_0
  Path Type:              Hold (Min at Slow Process Corner)
  Requirement:            0.000ns  (clk_pl_0 rise@0.000ns - clk_pl_0 rise@0.000ns)
  Data Path Delay:        0.148ns  (logic 0.058ns (39.189%)  route 0.090ns (60.811%))
  Logic Levels:           0  
  Clock Path Skew:        0.069ns (DCD - SCD - CPR)
    Destination Clock Delay (DCD):    2.119ns
    Source Clock Delay      (SCD):    1.873ns
    Clock Pessimism Removal (CPR):    0.176ns
  Clock Net Delay (Source):      1.705ns (routing 0.512ns, distribution 1.193ns)
  Clock Net Delay (Destination): 1.911ns (routing 0.569ns, distribution 1.342ns)

    Location             Delay type                Incr(ns)  Path(ns)    Netlist Resource(s)
  -------------------------------------------------------------------    -------------------
                         (clock clk_pl_0 rise edge)
                                                      0.000     0.000 r  
    PS8_X0Y0             PS8                          0.000     0.000 r  tick2trade_bd_i/zynq_ps/inst/PS8_i/PLCLK[0]
                         net (fo=1, routed)           0.143     0.143    tick2trade_bd_i/zynq_ps/inst/pl_clk_unbuffered[0]
    BUFG_PS_X0Y80        BUFG_PS (Prop_BUFG_PS_I_O)
                                                      0.025     0.168 r  tick2trade_bd_i/zynq_ps/inst/buffer_pl_clk_0.PL_CLK_0_BUFG/O
    X1Y2 (CLOCK_ROOT)    net (fo=2122, routed)        1.705     1.873    tick2trade_bd_i/zynq_ps_axi_periph/xbar/inst/gen_sasd.crossbar_sasd_0/addr_arbiter_inst/aclk
    SLICE_X35Y244        FDRE                                         r  tick2trade_bd_i/zynq_ps_axi_periph/xbar/inst/gen_sasd.crossbar_sasd_0/addr_arbiter_inst/gen_no_arbiter.m_amesg_i_reg[9]/C
  -------------------------------------------------------------------    -------------------
    SLICE_X35Y244        FDRE (Prop_HFF_SLICEM_C_Q)
                                                      0.058     1.931 r  tick2trade_bd_i/zynq_ps_axi_periph/xbar/inst/gen_sasd.crossbar_sasd_0/addr_arbiter_inst/gen_no_arbiter.m_amesg_i_reg[9]/Q
                         net (fo=1, routed)           0.090     2.021    tick2trade_bd_i/axi_dma/U0/I_AXI_DMA_REG_MODULE/GEN_AXI_LITE_IF.AXI_LITE_IF_I/s_axi_lite_araddr[8]
    SLICE_X37Y244        FDRE                                         r  tick2trade_bd_i/axi_dma/U0/I_AXI_DMA_REG_MODULE/GEN_AXI_LITE_IF.AXI_LITE_IF_I/araddr_reg[8]/D
  -------------------------------------------------------------------    -------------------

                         (clock clk_pl_0 rise edge)
                                                      0.000     0.000 r  
    PS8_X0Y0             PS8                          0.000     0.000 r  tick2trade_bd_i/zynq_ps/inst/PS8_i/PLCLK[0]
                         net (fo=1, routed)           0.180     0.180    tick2trade_bd_i/zynq_ps/inst/pl_clk_unbuffered[0]
    BUFG_PS_X0Y80        BUFG_PS (Prop_BUFG_PS_I_O)
                                                      0.028     0.208 r  tick2trade_bd_i/zynq_ps/inst/buffer_pl_clk_0.PL_CLK_0_BUFG/O
    X1Y2 (CLOCK_ROOT)    net (fo=2122, routed)        1.911     2.119    tick2trade_bd_i/axi_dma/U0/I_AXI_DMA_REG_MODULE/GEN_AXI_LITE_IF.AXI_LITE_IF_I/s_axi_lite_aclk
    SLICE_X37Y244        FDRE                                         r  tick2trade_bd_i/axi_dma/U0/I_AXI_DMA_REG_MODULE/GEN_AXI_LITE_IF.AXI_LITE_IF_I/araddr_reg[8]/C
                         clock pessimism             -0.176     1.943    
    SLICE_X37Y244        FDRE (Hold_EFF2_SLICEM_C_D)
                                                      0.062     2.005    tick2trade_bd_i/axi_dma/U0/I_AXI_DMA_REG_MODULE/GEN_AXI_LITE_IF.AXI_LITE_IF_I/araddr_reg[8]
  -------------------------------------------------------------------
                         required time                         -2.005    
                         arrival time                           2.021    
  -------------------------------------------------------------------
                         slack                                  0.017    

Slack (MET) :             0.018ns  (arrival time - required time)
  Source:                 tick2trade_bd_i/zynq_ps_axi_periph/s00_couplers/auto_pc/inst/gen_axilite.gen_b2s_conv.axilite_b2s/SI_REG/aw.aw_pipe/m_payload_i_reg[53]/C
                            (rising edge-triggered cell FDRE clocked by clk_pl_0  {rise@0.000ns fall@5.000ns period=10.000ns})
  Destination:            tick2trade_bd_i/zynq_ps_axi_periph/s00_couplers/auto_pc/inst/gen_axilite.gen_b2s_conv.axilite_b2s/WR.aw_channel_0/s_awlen_r_reg[1]/D
                            (rising edge-triggered cell FDRE clocked by clk_pl_0  {rise@0.000ns fall@5.000ns period=10.000ns})
  Path Group:             clk_pl_0
  Path Type:              Hold (Min at Slow Process Corner)
  Requirement:            0.000ns  (clk_pl_0 rise@0.000ns - clk_pl_0 rise@0.000ns)
  Data Path Delay:        0.177ns  (logic 0.061ns (34.473%)  route 0.116ns (65.527%))
  Logic Levels:           0  
  Clock Path Skew:        0.097ns (DCD - SCD - CPR)
    Destination Clock Delay (DCD):    2.157ns
    Source Clock Delay      (SCD):    1.884ns
    Clock Pessimism Removal (CPR):    0.176ns
  Clock Net Delay (Source):      1.716ns (routing 0.512ns, distribution 1.204ns)
  Clock Net Delay (Destination): 1.949ns (routing 0.569ns, distribution 1.380ns)

    Location             Delay type                Incr(ns)  Path(ns)    Netlist Resource(s)
  -------------------------------------------------------------------    -------------------
                         (clock clk_pl_0 rise edge)
                                                      0.000     0.000 r  
    PS8_X0Y0             PS8                          0.000     0.000 r  tick2trade_bd_i/zynq_ps/inst/PS8_i/PLCLK[0]
                         net (fo=1, routed)           0.143     0.143    tick2trade_bd_i/zynq_ps/inst/pl_clk_unbuffered[0]
    BUFG_PS_X0Y80        BUFG_PS (Prop_BUFG_PS_I_O)
                                                      0.025     0.168 r  tick2trade_bd_i/zynq_ps/inst/buffer_pl_clk_0.PL_CLK_0_BUFG/O
    X1Y2 (CLOCK_ROOT)    net (fo=2122, routed)        1.716     1.884    tick2trade_bd_i/zynq_ps_axi_periph/s00_couplers/auto_pc/inst/gen_axilite.gen_b2s_conv.axilite_b2s/SI_REG/aw.aw_pipe/aclk
    SLICE_X27Y245        FDRE                                         r  tick2trade_bd_i/zynq_ps_axi_periph/s00_couplers/auto_pc/inst/gen_axilite.gen_b2s_conv.axilite_b2s/SI_REG/aw.aw_pipe/m_payload_i_reg[53]/C
  -------------------------------------------------------------------    -------------------
    SLICE_X27Y245        FDRE (Prop_DFF2_SLICEL_C_Q)
                                                      0.061     1.945 r  tick2trade_bd_i/zynq_ps_axi_periph/s00_couplers/auto_pc/inst/gen_axilite.gen_b2s_conv.axilite_b2s/SI_REG/aw.aw_pipe/m_payload_i_reg[53]/Q
                         net (fo=10, routed)          0.116     2.061    tick2trade_bd_i/zynq_ps_axi_periph/s00_couplers/auto_pc/inst/gen_axilite.gen_b2s_conv.axilite_b2s/WR.aw_channel_0/s_awid_r_reg[15]_0[17]
    SLICE_X26Y246        FDRE                                         r  tick2trade_bd_i/zynq_ps_axi_periph/s00_couplers/auto_pc/inst/gen_axilite.gen_b2s_conv.axilite_b2s/WR.aw_channel_0/s_awlen_r_reg[1]/D
  -------------------------------------------------------------------    -------------------

                         (clock clk_pl_0 rise edge)
                                                      0.000     0.000 r  
    PS8_X0Y0             PS8                          0.000     0.000 r  tick2trade_bd_i/zynq_ps/inst/PS8_i/PLCLK[0]
                         net (fo=1, routed)           0.180     0.180    tick2trade_bd_i/zynq_ps/inst/pl_clk_unbuffered[0]
    BUFG_PS_X0Y80        BUFG_PS (Prop_BUFG_PS_I_O)
                                                      0.028     0.208 r  tick2trade_bd_i/zynq_ps/inst/buffer_pl_clk_0.PL_CLK_0_BUFG/O
    X1Y2 (CLOCK_ROOT)    net (fo=2122, routed)        1.949     2.157    tick2trade_bd_i/zynq_ps_axi_periph/s00_couplers/auto_pc/inst/gen_axilite.gen_b2s_conv.axilite_b2s/WR.aw_channel_0/aclk
    SLICE_X26Y246        FDRE                                         r  tick2trade_bd_i/zynq_ps_axi_periph/s00_couplers/auto_pc/inst/gen_axilite.gen_b2s_conv.axilite_b2s/WR.aw_channel_0/s_awlen_r_reg[1]/C
                         clock pessimism             -0.176     1.981    
    SLICE_X26Y246        FDRE (Hold_EFF2_SLICEL_C_D)
                                                      0.062     2.043    tick2trade_bd_i/zynq_ps_axi_periph/s00_couplers/auto_pc/inst/gen_axilite.gen_b2s_conv.axilite_b2s/WR.aw_channel_0/s_awlen_r_reg[1]
  -------------------------------------------------------------------
                         required time                         -2.043    
                         arrival time                           2.061    
  -------------------------------------------------------------------
                         slack                                  0.018    

Slack (MET) :             0.019ns  (arrival time - required time)
  Source:                 tick2trade_bd_i/axi_dma/U0/I_AXI_DMA_REG_MODULE/GEN_AXI_LITE_IF.AXI_LITE_IF_I/araddr_reg[2]/C
                            (rising edge-triggered cell FDRE clocked by clk_pl_0  {rise@0.000ns fall@5.000ns period=10.000ns})
  Destination:            tick2trade_bd_i/axi_dma/U0/I_AXI_DMA_REG_MODULE/GEN_AXI_LITE_IF.AXI_LITE_IF_I/GEN_SYNC_READ.axi2ip_rdaddr_i_reg[2]/D
                            (rising edge-triggered cell FDRE clocked by clk_pl_0  {rise@0.000ns fall@5.000ns period=10.000ns})
  Path Group:             clk_pl_0
  Path Type:              Hold (Min at Fast Process Corner)
  Requirement:            0.000ns  (clk_pl_0 rise@0.000ns - clk_pl_0 rise@0.000ns)
  Data Path Delay:        0.072ns  (logic 0.039ns (54.167%)  route 0.033ns (45.833%))
  Logic Levels:           0  
  Clock Path Skew:        0.006ns (DCD - SCD - CPR)
    Destination Clock Delay (DCD):    1.311ns
    Source Clock Delay      (SCD):    1.142ns
    Clock Pessimism Removal (CPR):    0.163ns
  Clock Net Delay (Source):      1.003ns (routing 0.311ns, distribution 0.692ns)
  Clock Net Delay (Destination): 1.139ns (routing 0.352ns, distribution 0.787ns)

    Location             Delay type                Incr(ns)  Path(ns)    Netlist Resource(s)
  -------------------------------------------------------------------    -------------------
                         (clock clk_pl_0 rise edge)
                                                      0.000     0.000 r  
    PS8_X0Y0             PS8                          0.000     0.000 r  tick2trade_bd_i/zynq_ps/inst/PS8_i/PLCLK[0]
                         net (fo=1, routed)           0.122     0.122    tick2trade_bd_i/zynq_ps/inst/pl_clk_unbuffered[0]
    BUFG_PS_X0Y80        BUFG_PS (Prop_BUFG_PS_I_O)
                                                      0.017     0.139 r  tick2trade_bd_i/zynq_ps/inst/buffer_pl_clk_0.PL_CLK_0_BUFG/O
    X1Y2 (CLOCK_ROOT)    net (fo=2122, routed)        1.003     1.142    tick2trade_bd_i/axi_dma/U0/I_AXI_DMA_REG_MODULE/GEN_AXI_LITE_IF.AXI_LITE_IF_I/s_axi_lite_aclk
    SLICE_X45Y242        FDRE                                         r  tick2trade_bd_i/axi_dma/U0/I_AXI_DMA_REG_MODULE/GEN_AXI_LITE_IF.AXI_LITE_IF_I/araddr_reg[2]/C
  -------------------------------------------------------------------    -------------------
    SLICE_X45Y242        FDRE (Prop_HFF_SLICEL_C_Q)
                                                      0.039     1.181 r  tick2trade_bd_i/axi_dma/U0/I_AXI_DMA_REG_MODULE/GEN_AXI_LITE_IF.AXI_LITE_IF_I/araddr_reg[2]/Q
                         net (fo=1, routed)           0.033     1.214    tick2trade_bd_i/axi_dma/U0/I_AXI_DMA_REG_MODULE/GEN_AXI_LITE_IF.AXI_LITE_IF_I/araddr[2]
    SLICE_X45Y242        FDRE                                         r  tick2trade_bd_i/axi_dma/U0/I_AXI_DMA_REG_MODULE/GEN_AXI_LITE_IF.AXI_LITE_IF_I/GEN_SYNC_READ.axi2ip_rdaddr_i_reg[2]/D
  -------------------------------------------------------------------    -------------------

                         (clock clk_pl_0 rise edge)
                                                      0.000     0.000 r  
    PS8_X0Y0             PS8                          0.000     0.000 r  tick2trade_bd_i/zynq_ps/inst/PS8_i/PLCLK[0]
                         net (fo=1, routed)           0.154     0.154    tick2trade_bd_i/zynq_ps/inst/pl_clk_unbuffered[0]
    BUFG_PS_X0Y80        BUFG_PS (Prop_BUFG_PS_I_O)
                                                      0.018     0.172 r  tick2trade_bd_i/zynq_ps/inst/buffer_pl_clk_0.PL_CLK_0_BUFG/O
    X1Y2 (CLOCK_ROOT)    net (fo=2122, routed)        1.139     1.311    tick2trade_bd_i/axi_dma/U0/I_AXI_DMA_REG_MODULE/GEN_AXI_LITE_IF.AXI_LITE_IF_I/s_axi_lite_aclk
    SLICE_X45Y242        FDRE                                         r  tick2trade_bd_i/axi_dma/U0/I_AXI_DMA_REG_MODULE/GEN_AXI_LITE_IF.AXI_LITE_IF_I/GEN_SYNC_READ.axi2ip_rdaddr_i_reg[2]/C
                         clock pessimism             -0.163     1.148    
    SLICE_X45Y242        FDRE (Hold_HFF2_SLICEL_C_D)
                                                      0.047     1.195    tick2trade_bd_i/axi_dma/U0/I_AXI_DMA_REG_MODULE/GEN_AXI_LITE_IF.AXI_LITE_IF_I/GEN_SYNC_READ.axi2ip_rdaddr_i_reg[2]
  -------------------------------------------------------------------
                         required time                         -1.195    
                         arrival time                           1.214    
  -------------------------------------------------------------------
                         slack                                  0.019    

Slack (MET) :             0.023ns  (arrival time - required time)
  Source:                 tick2trade_bd_i/axi_dma/U0/I_AXI_DMA_REG_MODULE/GEN_MM2S_REGISTERS.I_MM2S_DMA_REGISTER/GEN_REG_FOR_SMPL.buffer_length_i_reg[0]/C
                            (rising edge-triggered cell FDRE clocked by clk_pl_0  {rise@0.000ns fall@5.000ns period=10.000ns})
  Destination:            tick2trade_bd_i/axi_dma/U0/INCLUDE_MM2S_SOF_EOF_GENERATOR.I_MM2S_DMA_MNGR/GEN_MM2S_DMA_CONTROL.GEN_SIMPLE_DMA_MODE.I_MM2S_SMPL_SM/GEN_CMD_BTT_LESS_23.cmnd_data_reg[0]/D
                            (rising edge-triggered cell FDRE clocked by clk_pl_0  {rise@0.000ns fall@5.000ns period=10.000ns})
  Path Group:             clk_pl_0
  Path Type:              Hold (Min at Fast Process Corner)
  Requirement:            0.000ns  (clk_pl_0 rise@0.000ns - clk_pl_0 rise@0.000ns)
  Data Path Delay:        0.076ns  (logic 0.039ns (51.531%)  route 0.037ns (48.469%))
  Logic Levels:           0  
  Clock Path Skew:        0.006ns (DCD - SCD - CPR)
    Destination Clock Delay (DCD):    1.289ns
    Source Clock Delay      (SCD):    1.124ns
    Clock Pessimism Removal (CPR):    0.159ns
  Clock Net Delay (Source):      0.985ns (routing 0.311ns, distribution 0.674ns)
  Clock Net Delay (Destination): 1.117ns (routing 0.352ns, distribution 0.765ns)

    Location             Delay type                Incr(ns)  Path(ns)    Netlist Resource(s)
  -------------------------------------------------------------------    -------------------
                         (clock clk_pl_0 rise edge)
                                                      0.000     0.000 r  
    PS8_X0Y0             PS8                          0.000     0.000 r  tick2trade_bd_i/zynq_ps/inst/PS8_i/PLCLK[0]
                         net (fo=1, routed)           0.122     0.122    tick2trade_bd_i/zynq_ps/inst/pl_clk_unbuffered[0]
    BUFG_PS_X0Y80        BUFG_PS (Prop_BUFG_PS_I_O)
                                                      0.017     0.139 r  tick2trade_bd_i/zynq_ps/inst/buffer_pl_clk_0.PL_CLK_0_BUFG/O
    X1Y2 (CLOCK_ROOT)    net (fo=2122, routed)        0.985     1.124    tick2trade_bd_i/axi_dma/U0/I_AXI_DMA_REG_MODULE/GEN_MM2S_REGISTERS.I_MM2S_DMA_REGISTER/s_axi_lite_aclk
    SLICE_X55Y216        FDRE                                         r  tick2trade_bd_i/axi_dma/U0/I_AXI_DMA_REG_MODULE/GEN_MM2S_REGISTERS.I_MM2S_DMA_REGISTER/GEN_REG_FOR_SMPL.buffer_length_i_reg[0]/C
  -------------------------------------------------------------------    -------------------
    SLICE_X55Y216        FDRE (Prop_HFF_SLICEL_C_Q)
                                                      0.039     1.163 r  tick2trade_bd_i/axi_dma/U0/I_AXI_DMA_REG_MODULE/GEN_MM2S_REGISTERS.I_MM2S_DMA_REGISTER/GEN_REG_FOR_SMPL.buffer_length_i_reg[0]/Q
                         net (fo=2, routed)           0.037     1.199    tick2trade_bd_i/axi_dma/U0/INCLUDE_MM2S_SOF_EOF_GENERATOR.I_MM2S_DMA_MNGR/GEN_MM2S_DMA_CONTROL.GEN_SIMPLE_DMA_MODE.I_MM2S_SMPL_SM/GEN_CMD_BTT_LESS_23.cmnd_data_reg[13]_0[0]
    SLICE_X55Y216        FDRE                                         r  tick2trade_bd_i/axi_dma/U0/INCLUDE_MM2S_SOF_EOF_GENERATOR.I_MM2S_DMA_MNGR/GEN_MM2S_DMA_CONTROL.GEN_SIMPLE_DMA_MODE.I_MM2S_SMPL_SM/GEN_CMD_BTT_LESS_23.cmnd_data_reg[0]/D
  -------------------------------------------------------------------    -------------------

                         (clock clk_pl_0 rise edge)
                                                      0.000     0.000 r  
    PS8_X0Y0             PS8                          0.000     0.000 r  tick2trade_bd_i/zynq_ps/inst/PS8_i/PLCLK[0]
                         net (fo=1, routed)           0.154     0.154    tick2trade_bd_i/zynq_ps/inst/pl_clk_unbuffered[0]
    BUFG_PS_X0Y80        BUFG_PS (Prop_BUFG_PS_I_O)
                                                      0.018     0.172 r  tick2trade_bd_i/zynq_ps/inst/buffer_pl_clk_0.PL_CLK_0_BUFG/O
    X1Y2 (CLOCK_ROOT)    net (fo=2122, routed)        1.117     1.289    tick2trade_bd_i/axi_dma/U0/INCLUDE_MM2S_SOF_EOF_GENERATOR.I_MM2S_DMA_MNGR/GEN_MM2S_DMA_CONTROL.GEN_SIMPLE_DMA_MODE.I_MM2S_SMPL_SM/s_axi_lite_aclk
    SLICE_X55Y216        FDRE                                         r  tick2trade_bd_i/axi_dma/U0/INCLUDE_MM2S_SOF_EOF_GENERATOR.I_MM2S_DMA_MNGR/GEN_MM2S_DMA_CONTROL.GEN_SIMPLE_DMA_MODE.I_MM2S_SMPL_SM/GEN_CMD_BTT_LESS_23.cmnd_data_reg[0]/C
                         clock pessimism             -0.159     1.130    
    SLICE_X55Y216        FDRE (Hold_HFF2_SLICEL_C_D)
                                                      0.047     1.177    tick2trade_bd_i/axi_dma/U0/INCLUDE_MM2S_SOF_EOF_GENERATOR.I_MM2S_DMA_MNGR/GEN_MM2S_DMA_CONTROL.GEN_SIMPLE_DMA_MODE.I_MM2S_SMPL_SM/GEN_CMD_BTT_LESS_23.cmnd_data_reg[0]
  -------------------------------------------------------------------
                         required time                         -1.177    
                         arrival time                           1.199    
  -------------------------------------------------------------------
                         slack                                  0.023    

Slack (MET) :             0.024ns  (arrival time - required time)
  Source:                 tick2trade_bd_i/zynq_ps_axi_periph/s00_couplers/auto_pc/inst/gen_axilite.gen_b2s_conv.axilite_b2s/SI_REG/ar.ar_pipe/m_payload_i_reg[37]/C
                            (rising edge-triggered cell FDRE clocked by clk_pl_0  {rise@0.000ns fall@5.000ns period=10.000ns})
  Destination:            tick2trade_bd_i/zynq_ps_axi_periph/xbar/inst/gen_sasd.crossbar_sasd_0/addr_arbiter_inst/gen_no_arbiter.m_amesg_i_reg[38]/D
                            (rising edge-triggered cell FDRE clocked by clk_pl_0  {rise@0.000ns fall@5.000ns period=10.000ns})
  Path Group:             clk_pl_0
  Path Type:              Hold (Min at Fast Process Corner)
  Requirement:            0.000ns  (clk_pl_0 rise@0.000ns - clk_pl_0 rise@0.000ns)
  Data Path Delay:        0.118ns  (logic 0.053ns (44.915%)  route 0.065ns (55.085%))
  Logic Levels:           1  (LUT4=1)
  Clock Path Skew:        0.048ns (DCD - SCD - CPR)
    Destination Clock Delay (DCD):    1.372ns
    Source Clock Delay      (SCD):    1.200ns
    Clock Pessimism Removal (CPR):    0.125ns
  Clock Net Delay (Source):      1.061ns (routing 0.311ns, distribution 0.750ns)
  Clock Net Delay (Destination): 1.200ns (routing 0.352ns, distribution 0.848ns)

    Location             Delay type                Incr(ns)  Path(ns)    Netlist Resource(s)
  -------------------------------------------------------------------    -------------------
                         (clock clk_pl_0 rise edge)
                                                      0.000     0.000 r  
    PS8_X0Y0             PS8                          0.000     0.000 r  tick2trade_bd_i/zynq_ps/inst/PS8_i/PLCLK[0]
                         net (fo=1, routed)           0.122     0.122    tick2trade_bd_i/zynq_ps/inst/pl_clk_unbuffered[0]
    BUFG_PS_X0Y80        BUFG_PS (Prop_BUFG_PS_I_O)
                                                      0.017     0.139 r  tick2trade_bd_i/zynq_ps/inst/buffer_pl_clk_0.PL_CLK_0_BUFG/O
    X1Y2 (CLOCK_ROOT)    net (fo=2122, routed)        1.061     1.200    tick2trade_bd_i/zynq_ps_axi_periph/s00_couplers/auto_pc/inst/gen_axilite.gen_b2s_conv.axilite_b2s/SI_REG/ar.ar_pipe/aclk
    SLICE_X27Y242        FDRE                                         r  tick2trade_bd_i/zynq_ps_axi_periph/s00_couplers/auto_pc/inst/gen_axilite.gen_b2s_conv.axilite_b2s/SI_REG/ar.ar_pipe/m_payload_i_reg[37]/C
  -------------------------------------------------------------------    -------------------
    SLICE_X27Y242        FDRE (Prop_CFF_SLICEL_C_Q)
                                                      0.039     1.239 r  tick2trade_bd_i/zynq_ps_axi_periph/s00_couplers/auto_pc/inst/gen_axilite.gen_b2s_conv.axilite_b2s/SI_REG/ar.ar_pipe/m_payload_i_reg[37]/Q
                         net (fo=1, routed)           0.049     1.288    tick2trade_bd_i/zynq_ps_axi_periph/xbar/inst/gen_sasd.crossbar_sasd_0/addr_arbiter_inst/s_axi_araddr[37]
    SLICE_X26Y242        LUT4 (Prop_D6LUT_SLICEL_I0_O)
                                                      0.014     1.302 r  tick2trade_bd_i/zynq_ps_axi_periph/xbar/inst/gen_sasd.crossbar_sasd_0/addr_arbiter_inst/gen_no_arbiter.m_amesg_i[38]_i_1/O
                         net (fo=1, routed)           0.016     1.318    tick2trade_bd_i/zynq_ps_axi_periph/xbar/inst/gen_sasd.crossbar_sasd_0/addr_arbiter_inst/s_amesg[38]
    SLICE_X26Y242        FDRE                                         r  tick2trade_bd_i/zynq_ps_axi_periph/xbar/inst/gen_sasd.crossbar_sasd_0/addr_arbiter_inst/gen_no_arbiter.m_amesg_i_reg[38]/D
  -------------------------------------------------------------------    -------------------

                         (clock clk_pl_0 rise edge)
                                                      0.000     0.000 r  
    PS8_X0Y0             PS8                          0.000     0.000 r  tick2trade_bd_i/zynq_ps/inst/PS8_i/PLCLK[0]
                         net (fo=1, routed)           0.154     0.154    tick2trade_bd_i/zynq_ps/inst/pl_clk_unbuffered[0]
    BUFG_PS_X0Y80        BUFG_PS (Prop_BUFG_PS_I_O)
                                                      0.018     0.172 r  tick2trade_bd_i/zynq_ps/inst/buffer_pl_clk_0.PL_CLK_0_BUFG/O
    X1Y2 (CLOCK_ROOT)    net (fo=2122, routed)        1.200     1.372    tick2trade_bd_i/zynq_ps_axi_periph/xbar/inst/gen_sasd.crossbar_sasd_0/addr_arbiter_inst/aclk
    SLICE_X26Y242        FDRE                                         r  tick2trade_bd_i/zynq_ps_axi_periph/xbar/inst/gen_sasd.crossbar_sasd_0/addr_arbiter_inst/gen_no_arbiter.m_amesg_i_reg[38]/C
                         clock pessimism             -0.125     1.247    
    SLICE_X26Y242        FDRE (Hold_DFF_SLICEL_C_D)
                                                      0.046     1.293    tick2trade_bd_i/zynq_ps_axi_periph/xbar/inst/gen_sasd.crossbar_sasd_0/addr_arbiter_inst/gen_no_arbiter.m_amesg_i_reg[38]
  -------------------------------------------------------------------
                         required time                         -1.293    
                         arrival time                           1.318    
  -------------------------------------------------------------------
                         slack                                  0.024    

Slack (MET) :             0.028ns  (arrival time - required time)
  Source:                 tick2trade_bd_i/axi_dma/U0/I_AXI_DMA_REG_MODULE/GEN_MM2S_REGISTERS.I_MM2S_DMA_REGISTER/GEN_REG_FOR_SMPL.buffer_length_i_reg[2]/C
                            (rising edge-triggered cell FDRE clocked by clk_pl_0  {rise@0.000ns fall@5.000ns period=10.000ns})
  Destination:            tick2trade_bd_i/axi_dma/U0/INCLUDE_MM2S_SOF_EOF_GENERATOR.I_MM2S_DMA_MNGR/GEN_MM2S_DMA_CONTROL.GEN_SIMPLE_DMA_MODE.I_MM2S_SMPL_SM/GEN_CMD_BTT_LESS_23.cmnd_data_reg[2]/D
                            (rising edge-triggered cell FDRE clocked by clk_pl_0  {rise@0.000ns fall@5.000ns period=10.000ns})
  Path Group:             clk_pl_0
  Path Type:              Hold (Min at Fast Process Corner)
  Requirement:            0.000ns  (clk_pl_0 rise@0.000ns - clk_pl_0 rise@0.000ns)
  Data Path Delay:        0.081ns  (logic 0.039ns (48.337%)  route 0.042ns (51.663%))
  Logic Levels:           0  
  Clock Path Skew:        0.006ns (DCD - SCD - CPR)
    Destination Clock Delay (DCD):    1.281ns
    Source Clock Delay      (SCD):    1.118ns
    Clock Pessimism Removal (CPR):    0.158ns
  Clock Net Delay (Source):      0.979ns (routing 0.311ns, distribution 0.668ns)
  Clock Net Delay (Destination): 1.109ns (routing 0.352ns, distribution 0.757ns)

    Location             Delay type                Incr(ns)  Path(ns)    Netlist Resource(s)
  -------------------------------------------------------------------    -------------------
                         (clock clk_pl_0 rise edge)
                                                      0.000     0.000 r  
    PS8_X0Y0             PS8                          0.000     0.000 r  tick2trade_bd_i/zynq_ps/inst/PS8_i/PLCLK[0]
                         net (fo=1, routed)           0.122     0.122    tick2trade_bd_i/zynq_ps/inst/pl_clk_unbuffered[0]
    BUFG_PS_X0Y80        BUFG_PS (Prop_BUFG_PS_I_O)
                                                      0.017     0.139 r  tick2trade_bd_i/zynq_ps/inst/buffer_pl_clk_0.PL_CLK_0_BUFG/O
    X1Y2 (CLOCK_ROOT)    net (fo=2122, routed)        0.979     1.118    tick2trade_bd_i/axi_dma/U0/I_AXI_DMA_REG_MODULE/GEN_MM2S_REGISTERS.I_MM2S_DMA_REGISTER/s_axi_lite_aclk
    SLICE_X56Y216        FDRE                                         r  tick2trade_bd_i/axi_dma/U0/I_AXI_DMA_REG_MODULE/GEN_MM2S_REGISTERS.I_MM2S_DMA_REGISTER/GEN_REG_FOR_SMPL.buffer_length_i_reg[2]/C
  -------------------------------------------------------------------    -------------------
    SLICE_X56Y216        FDRE (Prop_HFF_SLICEM_C_Q)
                                                      0.039     1.157 r  tick2trade_bd_i/axi_dma/U0/I_AXI_DMA_REG_MODULE/GEN_MM2S_REGISTERS.I_MM2S_DMA_REGISTER/GEN_REG_FOR_SMPL.buffer_length_i_reg[2]/Q
                         net (fo=2, routed)           0.042     1.198    tick2trade_bd_i/axi_dma/U0/INCLUDE_MM2S_SOF_EOF_GENERATOR.I_MM2S_DMA_MNGR/GEN_MM2S_DMA_CONTROL.GEN_SIMPLE_DMA_MODE.I_MM2S_SMPL_SM/GEN_CMD_BTT_LESS_23.cmnd_data_reg[13]_0[2]
    SLICE_X56Y216        FDRE                                         r  tick2trade_bd_i/axi_dma/U0/INCLUDE_MM2S_SOF_EOF_GENERATOR.I_MM2S_DMA_MNGR/GEN_MM2S_DMA_CONTROL.GEN_SIMPLE_DMA_MODE.I_MM2S_SMPL_SM/GEN_CMD_BTT_LESS_23.cmnd_data_reg[2]/D
  -------------------------------------------------------------------    -------------------

                         (clock clk_pl_0 rise edge)
                                                      0.000     0.000 r  
    PS8_X0Y0             PS8                          0.000     0.000 r  tick2trade_bd_i/zynq_ps/inst/PS8_i/PLCLK[0]
                         net (fo=1, routed)           0.154     0.154    tick2trade_bd_i/zynq_ps/inst/pl_clk_unbuffered[0]
    BUFG_PS_X0Y80        BUFG_PS (Prop_BUFG_PS_I_O)
                                                      0.018     0.172 r  tick2trade_bd_i/zynq_ps/inst/buffer_pl_clk_0.PL_CLK_0_BUFG/O
    X1Y2 (CLOCK_ROOT)    net (fo=2122, routed)        1.109     1.281    tick2trade_bd_i/axi_dma/U0/INCLUDE_MM2S_SOF_EOF_GENERATOR.I_MM2S_DMA_MNGR/GEN_MM2S_DMA_CONTROL.GEN_SIMPLE_DMA_MODE.I_MM2S_SMPL_SM/s_axi_lite_aclk
    SLICE_X56Y216        FDRE                                         r  tick2trade_bd_i/axi_dma/U0/INCLUDE_MM2S_SOF_EOF_GENERATOR.I_MM2S_DMA_MNGR/GEN_MM2S_DMA_CONTROL.GEN_SIMPLE_DMA_MODE.I_MM2S_SMPL_SM/GEN_CMD_BTT_LESS_23.cmnd_data_reg[2]/C
                         clock pessimism             -0.158     1.124    
    SLICE_X56Y216        FDRE (Hold_HFF2_SLICEM_C_D)
                                                      0.047     1.171    tick2trade_bd_i/axi_dma/U0/INCLUDE_MM2S_SOF_EOF_GENERATOR.I_MM2S_DMA_MNGR/GEN_MM2S_DMA_CONTROL.GEN_SIMPLE_DMA_MODE.I_MM2S_SMPL_SM/GEN_CMD_BTT_LESS_23.cmnd_data_reg[2]
  -------------------------------------------------------------------
                         required time                         -1.171    
                         arrival time                           1.198    
  -------------------------------------------------------------------
                         slack                                  0.028    

Slack (MET) :             0.028ns  (arrival time - required time)
  Source:                 tick2trade_bd_i/axi_dma/U0/I_AXI_DMA_REG_MODULE/GEN_MM2S_REGISTERS.I_MM2S_DMA_REGISTER/GEN_REG_FOR_SMPL.buffer_address_i_reg[4]/C
                            (rising edge-triggered cell FDRE clocked by clk_pl_0  {rise@0.000ns fall@5.000ns period=10.000ns})
  Destination:            tick2trade_bd_i/axi_dma/U0/INCLUDE_MM2S_SOF_EOF_GENERATOR.I_MM2S_DMA_MNGR/GEN_MM2S_DMA_CONTROL.GEN_SIMPLE_DMA_MODE.I_MM2S_SMPL_SM/GEN_CMD_BTT_LESS_23.cmnd_data_reg[39]/D
                            (rising edge-triggered cell FDRE clocked by clk_pl_0  {rise@0.000ns fall@5.000ns period=10.000ns})
  Path Group:             clk_pl_0
  Path Type:              Hold (Min at Fast Process Corner)
  Requirement:            0.000ns  (clk_pl_0 rise@0.000ns - clk_pl_0 rise@0.000ns)
  Data Path Delay:        0.081ns  (logic 0.039ns (48.337%)  route 0.042ns (51.663%))
  Logic Levels:           0  
  Clock Path Skew:        0.006ns (DCD - SCD - CPR)
    Destination Clock Delay (DCD):    1.287ns
    Source Clock Delay      (SCD):    1.123ns
    Clock Pessimism Removal (CPR):    0.158ns
  Clock Net Delay (Source):      0.984ns (routing 0.311ns, distribution 0.673ns)
  Clock Net Delay (Destination): 1.115ns (routing 0.352ns, distribution 0.763ns)

    Location             Delay type                Incr(ns)  Path(ns)    Netlist Resource(s)
  -------------------------------------------------------------------    -------------------
                         (clock clk_pl_0 rise edge)
                                                      0.000     0.000 r  
    PS8_X0Y0             PS8                          0.000     0.000 r  tick2trade_bd_i/zynq_ps/inst/PS8_i/PLCLK[0]
                         net (fo=1, routed)           0.122     0.122    tick2trade_bd_i/zynq_ps/inst/pl_clk_unbuffered[0]
    BUFG_PS_X0Y80        BUFG_PS (Prop_BUFG_PS_I_O)
                                                      0.017     0.139 r  tick2trade_bd_i/zynq_ps/inst/buffer_pl_clk_0.PL_CLK_0_BUFG/O
    X1Y2 (CLOCK_ROOT)    net (fo=2122, routed)        0.984     1.123    tick2trade_bd_i/axi_dma/U0/I_AXI_DMA_REG_MODULE/GEN_MM2S_REGISTERS.I_MM2S_DMA_REGISTER/s_axi_lite_aclk
    SLICE_X54Y215        FDRE                                         r  tick2trade_bd_i/axi_dma/U0/I_AXI_DMA_REG_MODULE/GEN_MM2S_REGISTERS.I_MM2S_DMA_REGISTER/GEN_REG_FOR_SMPL.buffer_address_i_reg[4]/C
  -------------------------------------------------------------------    -------------------
    SLICE_X54Y215        FDRE (Prop_HFF_SLICEM_C_Q)
                                                      0.039     1.162 r  tick2trade_bd_i/axi_dma/U0/I_AXI_DMA_REG_MODULE/GEN_MM2S_REGISTERS.I_MM2S_DMA_REGISTER/GEN_REG_FOR_SMPL.buffer_address_i_reg[4]/Q
                         net (fo=2, routed)           0.042     1.203    tick2trade_bd_i/axi_dma/U0/INCLUDE_MM2S_SOF_EOF_GENERATOR.I_MM2S_DMA_MNGR/GEN_MM2S_DMA_CONTROL.GEN_SIMPLE_DMA_MODE.I_MM2S_SMPL_SM/GEN_CMD_BTT_LESS_23.cmnd_data_reg[66]_1[4]
    SLICE_X54Y215        FDRE                                         r  tick2trade_bd_i/axi_dma/U0/INCLUDE_MM2S_SOF_EOF_GENERATOR.I_MM2S_DMA_MNGR/GEN_MM2S_DMA_CONTROL.GEN_SIMPLE_DMA_MODE.I_MM2S_SMPL_SM/GEN_CMD_BTT_LESS_23.cmnd_data_reg[39]/D
  -------------------------------------------------------------------    -------------------

                         (clock clk_pl_0 rise edge)
                                                      0.000     0.000 r  
    PS8_X0Y0             PS8                          0.000     0.000 r  tick2trade_bd_i/zynq_ps/inst/PS8_i/PLCLK[0]
                         net (fo=1, routed)           0.154     0.154    tick2trade_bd_i/zynq_ps/inst/pl_clk_unbuffered[0]
    BUFG_PS_X0Y80        BUFG_PS (Prop_BUFG_PS_I_O)
                                                      0.018     0.172 r  tick2trade_bd_i/zynq_ps/inst/buffer_pl_clk_0.PL_CLK_0_BUFG/O
    X1Y2 (CLOCK_ROOT)    net (fo=2122, routed)        1.115     1.287    tick2trade_bd_i/axi_dma/U0/INCLUDE_MM2S_SOF_EOF_GENERATOR.I_MM2S_DMA_MNGR/GEN_MM2S_DMA_CONTROL.GEN_SIMPLE_DMA_MODE.I_MM2S_SMPL_SM/s_axi_lite_aclk
    SLICE_X54Y215        FDRE                                         r  tick2trade_bd_i/axi_dma/U0/INCLUDE_MM2S_SOF_EOF_GENERATOR.I_MM2S_DMA_MNGR/GEN_MM2S_DMA_CONTROL.GEN_SIMPLE_DMA_MODE.I_MM2S_SMPL_SM/GEN_CMD_BTT_LESS_23.cmnd_data_reg[39]/C
                         clock pessimism             -0.158     1.129    
    SLICE_X54Y215        FDRE (Hold_HFF2_SLICEM_C_D)
                                                      0.047     1.176    tick2trade_bd_i/axi_dma/U0/INCLUDE_MM2S_SOF_EOF_GENERATOR.I_MM2S_DMA_MNGR/GEN_MM2S_DMA_CONTROL.GEN_SIMPLE_DMA_MODE.I_MM2S_SMPL_SM/GEN_CMD_BTT_LESS_23.cmnd_data_reg[39]
  -------------------------------------------------------------------
                         required time                         -1.176    
                         arrival time                           1.203    
  -------------------------------------------------------------------
                         slack                                  0.028    

Slack (MET) :             0.028ns  (arrival time - required time)
  Source:                 tick2trade_bd_i/axi_dma/U0/I_AXI_DMA_REG_MODULE/GEN_AXI_LITE_IF.AXI_LITE_IF_I/GEN_SYNC_READ.axi2ip_rdaddr_i_reg[3]/C
                            (rising edge-triggered cell FDRE clocked by clk_pl_0  {rise@0.000ns fall@5.000ns period=10.000ns})
  Destination:            tick2trade_bd_i/axi_dma/U0/I_AXI_DMA_REG_MODULE/GEN_AXI_LITE_IF.AXI_LITE_IF_I/GEN_SYNC_READ.axi2ip_rdaddr_reg[3]/D
                            (rising edge-triggered cell FDRE clocked by clk_pl_0  {rise@0.000ns fall@5.000ns period=10.000ns})
  Path Group:             clk_pl_0
  Path Type:              Hold (Min at Slow Process Corner)
  Requirement:            0.000ns  (clk_pl_0 rise@0.000ns - clk_pl_0 rise@0.000ns)
  Data Path Delay:        0.173ns  (logic 0.058ns (33.526%)  route 0.115ns (66.474%))
  Logic Levels:           0  
  Clock Path Skew:        0.083ns (DCD - SCD - CPR)
    Destination Clock Delay (DCD):    2.030ns
    Source Clock Delay      (SCD):    1.779ns
    Clock Pessimism Removal (CPR):    0.168ns
  Clock Net Delay (Source):      1.611ns (routing 0.512ns, distribution 1.099ns)
  Clock Net Delay (Destination): 1.822ns (routing 0.569ns, distribution 1.253ns)

    Location             Delay type                Incr(ns)  Path(ns)    Netlist Resource(s)
  -------------------------------------------------------------------    -------------------
                         (clock clk_pl_0 rise edge)
                                                      0.000     0.000 r  
    PS8_X0Y0             PS8                          0.000     0.000 r  tick2trade_bd_i/zynq_ps/inst/PS8_i/PLCLK[0]
                         net (fo=1, routed)           0.143     0.143    tick2trade_bd_i/zynq_ps/inst/pl_clk_unbuffered[0]
    BUFG_PS_X0Y80        BUFG_PS (Prop_BUFG_PS_I_O)
                                                      0.025     0.168 r  tick2trade_bd_i/zynq_ps/inst/buffer_pl_clk_0.PL_CLK_0_BUFG/O
    X1Y2 (CLOCK_ROOT)    net (fo=2122, routed)        1.611     1.779    tick2trade_bd_i/axi_dma/U0/I_AXI_DMA_REG_MODULE/GEN_AXI_LITE_IF.AXI_LITE_IF_I/s_axi_lite_aclk
    SLICE_X45Y243        FDRE                                         r  tick2trade_bd_i/axi_dma/U0/I_AXI_DMA_REG_MODULE/GEN_AXI_LITE_IF.AXI_LITE_IF_I/GEN_SYNC_READ.axi2ip_rdaddr_i_reg[3]/C
  -------------------------------------------------------------------    -------------------
    SLICE_X45Y243        FDRE (Prop_HFF_SLICEL_C_Q)
                                                      0.058     1.837 r  tick2trade_bd_i/axi_dma/U0/I_AXI_DMA_REG_MODULE/GEN_AXI_LITE_IF.AXI_LITE_IF_I/GEN_SYNC_READ.axi2ip_rdaddr_i_reg[3]/Q
                         net (fo=1, routed)           0.115     1.952    tick2trade_bd_i/axi_dma/U0/I_AXI_DMA_REG_MODULE/GEN_AXI_LITE_IF.AXI_LITE_IF_I/axi2ip_rdaddr_i[3]
    SLICE_X46Y242        FDRE                                         r  tick2trade_bd_i/axi_dma/U0/I_AXI_DMA_REG_MODULE/GEN_AXI_LITE_IF.AXI_LITE_IF_I/GEN_SYNC_READ.axi2ip_rdaddr_reg[3]/D
  -------------------------------------------------------------------    -------------------

                         (clock clk_pl_0 rise edge)
                                                      0.000     0.000 r  
    PS8_X0Y0             PS8                          0.000     0.000 r  tick2trade_bd_i/zynq_ps/inst/PS8_i/PLCLK[0]
                         net (fo=1, routed)           0.180     0.180    tick2trade_bd_i/zynq_ps/inst/pl_clk_unbuffered[0]
    BUFG_PS_X0Y80        BUFG_PS (Prop_BUFG_PS_I_O)
                                                      0.028     0.208 r  tick2trade_bd_i/zynq_ps/inst/buffer_pl_clk_0.PL_CLK_0_BUFG/O
    X1Y2 (CLOCK_ROOT)    net (fo=2122, routed)        1.822     2.030    tick2trade_bd_i/axi_dma/U0/I_AXI_DMA_REG_MODULE/GEN_AXI_LITE_IF.AXI_LITE_IF_I/s_axi_lite_aclk
    SLICE_X46Y242        FDRE                                         r  tick2trade_bd_i/axi_dma/U0/I_AXI_DMA_REG_MODULE/GEN_AXI_LITE_IF.AXI_LITE_IF_I/GEN_SYNC_READ.axi2ip_rdaddr_reg[3]/C
                         clock pessimism             -0.168     1.862    
    SLICE_X46Y242        FDRE (Hold_FFF2_SLICEM_C_D)
                                                      0.062     1.924    tick2trade_bd_i/axi_dma/U0/I_AXI_DMA_REG_MODULE/GEN_AXI_LITE_IF.AXI_LITE_IF_I/GEN_SYNC_READ.axi2ip_rdaddr_reg[3]
  -------------------------------------------------------------------
                         required time                         -1.924    
                         arrival time                           1.952    
  -------------------------------------------------------------------
                         slack                                  0.028    

Slack (MET) :             0.029ns  (arrival time - required time)
  Source:                 tick2trade_bd_i/zynq_ps_axi_periph/s00_couplers/auto_pc/inst/gen_axilite.gen_b2s_conv.axilite_b2s/WR.aw_channel_0/s_awid_r_reg[11]/C
                            (rising edge-triggered cell FDRE clocked by clk_pl_0  {rise@0.000ns fall@5.000ns period=10.000ns})
  Destination:            tick2trade_bd_i/zynq_ps_axi_periph/s00_couplers/auto_pc/inst/gen_axilite.gen_b2s_conv.axilite_b2s/WR.b_channel_0/bid_fifo_0/memory_reg[3][19]_srl4/D
                            (rising edge-triggered cell SRL16E clocked by clk_pl_0  {rise@0.000ns fall@5.000ns period=10.000ns})
  Path Group:             clk_pl_0
  Path Type:              Hold (Min at Slow Process Corner)
  Requirement:            0.000ns  (clk_pl_0 rise@0.000ns - clk_pl_0 rise@0.000ns)
  Data Path Delay:        0.195ns  (logic 0.058ns (29.744%)  route 0.137ns (70.256%))
  Logic Levels:           0  
  Clock Path Skew:        0.112ns (DCD - SCD - CPR)
    Destination Clock Delay (DCD):    2.201ns
    Source Clock Delay      (SCD):    1.912ns
    Clock Pessimism Removal (CPR):    0.176ns
  Clock Net Delay (Source):      1.744ns (routing 0.512ns, distribution 1.232ns)
  Clock Net Delay (Destination): 1.993ns (routing 0.569ns, distribution 1.424ns)

    Location             Delay type                Incr(ns)  Path(ns)    Netlist Resource(s)
  -------------------------------------------------------------------    -------------------
                         (clock clk_pl_0 rise edge)
                                                      0.000     0.000 r  
    PS8_X0Y0             PS8                          0.000     0.000 r  tick2trade_bd_i/zynq_ps/inst/PS8_i/PLCLK[0]
                         net (fo=1, routed)           0.143     0.143    tick2trade_bd_i/zynq_ps/inst/pl_clk_unbuffered[0]
    BUFG_PS_X0Y80        BUFG_PS (Prop_BUFG_PS_I_O)
                                                      0.025     0.168 r  tick2trade_bd_i/zynq_ps/inst/buffer_pl_clk_0.PL_CLK_0_BUFG/O
    X1Y2 (CLOCK_ROOT)    net (fo=2122, routed)        1.744     1.912    tick2trade_bd_i/zynq_ps_axi_periph/s00_couplers/auto_pc/inst/gen_axilite.gen_b2s_conv.axilite_b2s/WR.aw_channel_0/aclk
    SLICE_X19Y246        FDRE                                         r  tick2trade_bd_i/zynq_ps_axi_periph/s00_couplers/auto_pc/inst/gen_axilite.gen_b2s_conv.axilite_b2s/WR.aw_channel_0/s_awid_r_reg[11]/C
  -------------------------------------------------------------------    -------------------
    SLICE_X19Y246        FDRE (Prop_GFF_SLICEM_C_Q)
                                                      0.058     1.970 r  tick2trade_bd_i/zynq_ps_axi_periph/s00_couplers/auto_pc/inst/gen_axilite.gen_b2s_conv.axilite_b2s/WR.aw_channel_0/s_awid_r_reg[11]/Q
                         net (fo=1, routed)           0.137     2.107    tick2trade_bd_i/zynq_ps_axi_periph/s00_couplers/auto_pc/inst/gen_axilite.gen_b2s_conv.axilite_b2s/WR.b_channel_0/bid_fifo_0/in[19]
    SLICE_X23Y246        SRL16E                                       r  tick2trade_bd_i/zynq_ps_axi_periph/s00_couplers/auto_pc/inst/gen_axilite.gen_b2s_conv.axilite_b2s/WR.b_channel_0/bid_fifo_0/memory_reg[3][19]_srl4/D
  -------------------------------------------------------------------    -------------------

                         (clock clk_pl_0 rise edge)
                                                      0.000     0.000 r  
    PS8_X0Y0             PS8                          0.000     0.000 r  tick2trade_bd_i/zynq_ps/inst/PS8_i/PLCLK[0]
                         net (fo=1, routed)           0.180     0.180    tick2trade_bd_i/zynq_ps/inst/pl_clk_unbuffered[0]
    BUFG_PS_X0Y80        BUFG_PS (Prop_BUFG_PS_I_O)
                                                      0.028     0.208 r  tick2trade_bd_i/zynq_ps/inst/buffer_pl_clk_0.PL_CLK_0_BUFG/O
    X1Y2 (CLOCK_ROOT)    net (fo=2122, routed)        1.993     2.201    tick2trade_bd_i/zynq_ps_axi_periph/s00_couplers/auto_pc/inst/gen_axilite.gen_b2s_conv.axilite_b2s/WR.b_channel_0/bid_fifo_0/aclk
    SLICE_X23Y246        SRL16E                                       r  tick2trade_bd_i/zynq_ps_axi_periph/s00_couplers/auto_pc/inst/gen_axilite.gen_b2s_conv.axilite_b2s/WR.b_channel_0/bid_fifo_0/memory_reg[3][19]_srl4/CLK
                         clock pessimism             -0.176     2.025    
    SLICE_X23Y246        SRL16E (Hold_D5LUT_SLICEM_CLK_D)
                                                      0.054     2.079    tick2trade_bd_i/zynq_ps_axi_periph/s00_couplers/auto_pc/inst/gen_axilite.gen_b2s_conv.axilite_b2s/WR.b_channel_0/bid_fifo_0/memory_reg[3][19]_srl4
  -------------------------------------------------------------------
                         required time                         -2.079    
                         arrival time                           2.107    
  -------------------------------------------------------------------
                         slack                                  0.029    

Slack (MET) :             0.029ns  (arrival time - required time)
  Source:                 tick2trade_bd_i/zynq_ps_axi_periph/s00_couplers/auto_pc/inst/gen_axilite.gen_b2s_conv.axilite_b2s/SI_REG/aw.aw_pipe/m_payload_i_reg[57]/C
                            (rising edge-triggered cell FDRE clocked by clk_pl_0  {rise@0.000ns fall@5.000ns period=10.000ns})
  Destination:            tick2trade_bd_i/zynq_ps_axi_periph/s00_couplers/auto_pc/inst/gen_axilite.gen_b2s_conv.axilite_b2s/WR.aw_channel_0/s_awlen_r_reg[5]/D
                            (rising edge-triggered cell FDRE clocked by clk_pl_0  {rise@0.000ns fall@5.000ns period=10.000ns})
  Path Group:             clk_pl_0
  Path Type:              Hold (Min at Slow Process Corner)
  Requirement:            0.000ns  (clk_pl_0 rise@0.000ns - clk_pl_0 rise@0.000ns)
  Data Path Delay:        0.130ns  (logic 0.061ns (46.920%)  route 0.069ns (53.080%))
  Logic Levels:           0  
  Clock Path Skew:        0.039ns (DCD - SCD - CPR)
    Destination Clock Delay (DCD):    2.164ns
    Source Clock Delay      (SCD):    1.895ns
    Clock Pessimism Removal (CPR):    0.229ns
  Clock Net Delay (Source):      1.727ns (routing 0.512ns, distribution 1.215ns)
  Clock Net Delay (Destination): 1.956ns (routing 0.569ns, distribution 1.387ns)

    Location             Delay type                Incr(ns)  Path(ns)    Netlist Resource(s)
  -------------------------------------------------------------------    -------------------
                         (clock clk_pl_0 rise edge)
                                                      0.000     0.000 r  
    PS8_X0Y0             PS8                          0.000     0.000 r  tick2trade_bd_i/zynq_ps/inst/PS8_i/PLCLK[0]
                         net (fo=1, routed)           0.143     0.143    tick2trade_bd_i/zynq_ps/inst/pl_clk_unbuffered[0]
    BUFG_PS_X0Y80        BUFG_PS (Prop_BUFG_PS_I_O)
                                                      0.025     0.168 r  tick2trade_bd_i/zynq_ps/inst/buffer_pl_clk_0.PL_CLK_0_BUFG/O
    X1Y2 (CLOCK_ROOT)    net (fo=2122, routed)        1.727     1.895    tick2trade_bd_i/zynq_ps_axi_periph/s00_couplers/auto_pc/inst/gen_axilite.gen_b2s_conv.axilite_b2s/SI_REG/aw.aw_pipe/aclk
    SLICE_X24Y245        FDRE                                         r  tick2trade_bd_i/zynq_ps_axi_periph/s00_couplers/auto_pc/inst/gen_axilite.gen_b2s_conv.axilite_b2s/SI_REG/aw.aw_pipe/m_payload_i_reg[57]/C
  -------------------------------------------------------------------    -------------------
    SLICE_X24Y245        FDRE (Prop_DFF2_SLICEL_C_Q)
                                                      0.061     1.956 r  tick2trade_bd_i/zynq_ps_axi_periph/s00_couplers/auto_pc/inst/gen_axilite.gen_b2s_conv.axilite_b2s/SI_REG/aw.aw_pipe/m_payload_i_reg[57]/Q
                         net (fo=3, routed)           0.069     2.025    tick2trade_bd_i/zynq_ps_axi_periph/s00_couplers/auto_pc/inst/gen_axilite.gen_b2s_conv.axilite_b2s/WR.aw_channel_0/s_awid_r_reg[15]_0[21]
    SLICE_X24Y246        FDRE                                         r  tick2trade_bd_i/zynq_ps_axi_periph/s00_couplers/auto_pc/inst/gen_axilite.gen_b2s_conv.axilite_b2s/WR.aw_channel_0/s_awlen_r_reg[5]/D
  -------------------------------------------------------------------    -------------------

                         (clock clk_pl_0 rise edge)
                                                      0.000     0.000 r  
    PS8_X0Y0             PS8                          0.000     0.000 r  tick2trade_bd_i/zynq_ps/inst/PS8_i/PLCLK[0]
                         net (fo=1, routed)           0.180     0.180    tick2trade_bd_i/zynq_ps/inst/pl_clk_unbuffered[0]
    BUFG_PS_X0Y80        BUFG_PS (Prop_BUFG_PS_I_O)
                                                      0.028     0.208 r  tick2trade_bd_i/zynq_ps/inst/buffer_pl_clk_0.PL_CLK_0_BUFG/O
    X1Y2 (CLOCK_ROOT)    net (fo=2122, routed)        1.956     2.164    tick2trade_bd_i/zynq_ps_axi_periph/s00_couplers/auto_pc/inst/gen_axilite.gen_b2s_conv.axilite_b2s/WR.aw_channel_0/aclk
    SLICE_X24Y246        FDRE                                         r  tick2trade_bd_i/zynq_ps_axi_periph/s00_couplers/auto_pc/inst/gen_axilite.gen_b2s_conv.axilite_b2s/WR.aw_channel_0/s_awlen_r_reg[5]/C
                         clock pessimism             -0.229     1.935    
    SLICE_X24Y246        FDRE (Hold_FFF2_SLICEL_C_D)
                                                      0.062     1.997    tick2trade_bd_i/zynq_ps_axi_periph/s00_couplers/auto_pc/inst/gen_axilite.gen_b2s_conv.axilite_b2s/WR.aw_channel_0/s_awlen_r_reg[5]
  -------------------------------------------------------------------
                         required time                         -1.997    
                         arrival time                           2.025    
  -------------------------------------------------------------------
                         slack                                  0.029    





Pulse Width Checks
--------------------------------------------------------------------------------------
Clock Name:         clk_pl_0
Waveform(ns):       { 0.000 5.000 }
Period(ns):         10.000
Sources:            { tick2trade_bd_i/zynq_ps/inst/PS8_i/PLCLK[0] }

Check Type        Corner  Lib Pin             Reference Pin  Required(ns)  Actual(ns)  Slack(ns)  Location       Pin
Min Period        n/a     PS8/MAXIGP0ACLK     n/a            3.000         10.000      7.000      PS8_X0Y0       tick2trade_bd_i/zynq_ps/inst/PS8_i/MAXIGP0ACLK
Min Period        n/a     PS8/SAXIGP2RCLK     n/a            3.000         10.000      7.000      PS8_X0Y0       tick2trade_bd_i/zynq_ps/inst/PS8_i/SAXIGP2RCLK
Min Period        n/a     PS8/SAXIGP2WCLK     n/a            3.000         10.000      7.000      PS8_X0Y0       tick2trade_bd_i/zynq_ps/inst/PS8_i/SAXIGP2WCLK
Min Period        n/a     RAMB36E2/CLKARDCLK  n/a            1.355         10.000      8.645      RAMB36_X1Y7    tick2trade_bd_i/axi_dma/U0/I_PRMRY_DATAMOVER/GEN_MM2S_FULL.I_MM2S_FULL_WRAPPER/GEN_INCLUDE_MM2S_SF.I_RD_SF/I_DATA_FIFO/BLK_MEM.I_SYNC_FIFOGEN_FIFO/xpm_fifo_instance.xpm_fifo_sync_inst/xpm_fifo_base_inst/gen_sdpram.xpm_memory_base_inst/gen_wr_a.gen_word_narrow.mem_reg/CLKARDCLK
Min Period        n/a     RAMB36E2/CLKBWRCLK  n/a            1.355         10.000      8.645      RAMB36_X1Y7    tick2trade_bd_i/axi_dma/U0/I_PRMRY_DATAMOVER/GEN_MM2S_FULL.I_MM2S_FULL_WRAPPER/GEN_INCLUDE_MM2S_SF.I_RD_SF/I_DATA_FIFO/BLK_MEM.I_SYNC_FIFOGEN_FIFO/xpm_fifo_instance.xpm_fifo_sync_inst/xpm_fifo_base_inst/gen_sdpram.xpm_memory_base_inst/gen_wr_a.gen_word_narrow.mem_reg/CLKBWRCLK
Min Period        n/a     SRL16E/CLK          n/a            1.064         10.000      8.936      SLICE_X53Y46   tick2trade_bd_i/axi_dma/U0/I_PRMRY_DATAMOVER/GEN_MM2S_FULL.I_MM2S_FULL_WRAPPER/GEN_INCLUDE_MM2S_SF.I_RD_SF/OMIT_DRE_CNTL.I_DRE_CNTL_FIFO/USE_SRL_FIFO.I_SYNC_FIFO/I_SRL_FIFO_RBU_F/DYNSHREG_F_I/INFERRED_GEN.data_reg[3][0]_srl4/CLK
Min Period        n/a     SRL16E/CLK          n/a            1.064         10.000      8.936      SLICE_X53Y46   tick2trade_bd_i/axi_dma/U0/I_PRMRY_DATAMOVER/GEN_MM2S_FULL.I_MM2S_FULL_WRAPPER/GEN_INCLUDE_MM2S_SF.I_RD_SF/OMIT_DRE_CNTL.I_DRE_CNTL_FIFO/USE_SRL_FIFO.I_SYNC_FIFO/I_SRL_FIFO_RBU_F/DYNSHREG_F_I/INFERRED_GEN.data_reg[3][1]_srl4/CLK
Min Period        n/a     SRL16E/CLK          n/a            1.064         10.000      8.936      SLICE_X50Y203  tick2trade_bd_i/axi_dma/U0/I_PRMRY_DATAMOVER/GEN_MM2S_FULL.I_MM2S_FULL_WRAPPER/I_ADDR_CNTL/GEN_ADDR_FIFO.I_ADDR_QUAL_FIFO/USE_SRL_FIFO.I_SYNC_FIFO/I_SRL_FIFO_RBU_F/DYNSHREG_F_I/INFERRED_GEN.data_reg[3][11]_srl4/CLK
Min Period        n/a     SRL16E/CLK          n/a            1.064         10.000      8.936      SLICE_X50Y203  tick2trade_bd_i/axi_dma/U0/I_PRMRY_DATAMOVER/GEN_MM2S_FULL.I_MM2S_FULL_WRAPPER/I_ADDR_CNTL/GEN_ADDR_FIFO.I_ADDR_QUAL_FIFO/USE_SRL_FIFO.I_SYNC_FIFO/I_SRL_FIFO_RBU_F/DYNSHREG_F_I/INFERRED_GEN.data_reg[3][13]_srl4/CLK
Min Period        n/a     SRL16E/CLK          n/a            1.064         10.000      8.936      SLICE_X50Y203  tick2trade_bd_i/axi_dma/U0/I_PRMRY_DATAMOVER/GEN_MM2S_FULL.I_MM2S_FULL_WRAPPER/I_ADDR_CNTL/GEN_ADDR_FIFO.I_ADDR_QUAL_FIFO/USE_SRL_FIFO.I_SYNC_FIFO/I_SRL_FIFO_RBU_F/DYNSHREG_F_I/INFERRED_GEN.data_reg[3][19]_srl4/CLK
Low Pulse Width   Slow    PS8/MAXIGP0ACLK     n/a            1.500         5.000       3.500      PS8_X0Y0       tick2trade_bd_i/zynq_ps/inst/PS8_i/MAXIGP0ACLK
Low Pulse Width   Fast    PS8/MAXIGP0ACLK     n/a            1.500         5.000       3.500      PS8_X0Y0       tick2trade_bd_i/zynq_ps/inst/PS8_i/MAXIGP0ACLK
Low Pulse Width   Slow    PS8/SAXIGP2RCLK     n/a            1.500         5.000       3.500      PS8_X0Y0       tick2trade_bd_i/zynq_ps/inst/PS8_i/SAXIGP2RCLK
Low Pulse Width   Fast    PS8/SAXIGP2RCLK     n/a            1.500         5.000       3.500      PS8_X0Y0       tick2trade_bd_i/zynq_ps/inst/PS8_i/SAXIGP2RCLK
Low Pulse Width   Slow    PS8/SAXIGP2WCLK     n/a            1.500         5.000       3.500      PS8_X0Y0       tick2trade_bd_i/zynq_ps/inst/PS8_i/SAXIGP2WCLK
Low Pulse Width   Fast    PS8/SAXIGP2WCLK     n/a            1.500         5.000       3.500      PS8_X0Y0       tick2trade_bd_i/zynq_ps/inst/PS8_i/SAXIGP2WCLK
Low Pulse Width   Slow    RAMB36E2/CLKARDCLK  n/a            0.542         5.000       4.458      RAMB36_X1Y7    tick2trade_bd_i/axi_dma/U0/I_PRMRY_DATAMOVER/GEN_MM2S_FULL.I_MM2S_FULL_WRAPPER/GEN_INCLUDE_MM2S_SF.I_RD_SF/I_DATA_FIFO/BLK_MEM.I_SYNC_FIFOGEN_FIFO/xpm_fifo_instance.xpm_fifo_sync_inst/xpm_fifo_base_inst/gen_sdpram.xpm_memory_base_inst/gen_wr_a.gen_word_narrow.mem_reg/CLKARDCLK
Low Pulse Width   Fast    RAMB36E2/CLKARDCLK  n/a            0.542         5.000       4.458      RAMB36_X1Y7    tick2trade_bd_i/axi_dma/U0/I_PRMRY_DATAMOVER/GEN_MM2S_FULL.I_MM2S_FULL_WRAPPER/GEN_INCLUDE_MM2S_SF.I_RD_SF/I_DATA_FIFO/BLK_MEM.I_SYNC_FIFOGEN_FIFO/xpm_fifo_instance.xpm_fifo_sync_inst/xpm_fifo_base_inst/gen_sdpram.xpm_memory_base_inst/gen_wr_a.gen_word_narrow.mem_reg/CLKARDCLK
Low Pulse Width   Slow    RAMB36E2/CLKBWRCLK  n/a            0.542         5.000       4.458      RAMB36_X1Y7    tick2trade_bd_i/axi_dma/U0/I_PRMRY_DATAMOVER/GEN_MM2S_FULL.I_MM2S_FULL_WRAPPER/GEN_INCLUDE_MM2S_SF.I_RD_SF/I_DATA_FIFO/BLK_MEM.I_SYNC_FIFOGEN_FIFO/xpm_fifo_instance.xpm_fifo_sync_inst/xpm_fifo_base_inst/gen_sdpram.xpm_memory_base_inst/gen_wr_a.gen_word_narrow.mem_reg/CLKBWRCLK
Low Pulse Width   Fast    RAMB36E2/CLKBWRCLK  n/a            0.542         5.000       4.458      RAMB36_X1Y7    tick2trade_bd_i/axi_dma/U0/I_PRMRY_DATAMOVER/GEN_MM2S_FULL.I_MM2S_FULL_WRAPPER/GEN_INCLUDE_MM2S_SF.I_RD_SF/I_DATA_FIFO/BLK_MEM.I_SYNC_FIFOGEN_FIFO/xpm_fifo_instance.xpm_fifo_sync_inst/xpm_fifo_base_inst/gen_sdpram.xpm_memory_base_inst/gen_wr_a.gen_word_narrow.mem_reg/CLKBWRCLK
High Pulse Width  Slow    PS8/MAXIGP0ACLK     n/a            1.500         5.000       3.500      PS8_X0Y0       tick2trade_bd_i/zynq_ps/inst/PS8_i/MAXIGP0ACLK
High Pulse Width  Fast    PS8/MAXIGP0ACLK     n/a            1.500         5.000       3.500      PS8_X0Y0       tick2trade_bd_i/zynq_ps/inst/PS8_i/MAXIGP0ACLK
High Pulse Width  Slow    PS8/SAXIGP2RCLK     n/a            1.500         5.000       3.500      PS8_X0Y0       tick2trade_bd_i/zynq_ps/inst/PS8_i/SAXIGP2RCLK
High Pulse Width  Fast    PS8/SAXIGP2RCLK     n/a            1.500         5.000       3.500      PS8_X0Y0       tick2trade_bd_i/zynq_ps/inst/PS8_i/SAXIGP2RCLK
High Pulse Width  Slow    PS8/SAXIGP2WCLK     n/a            1.500         5.000       3.500      PS8_X0Y0       tick2trade_bd_i/zynq_ps/inst/PS8_i/SAXIGP2WCLK
High Pulse Width  Fast    PS8/SAXIGP2WCLK     n/a            1.500         5.000       3.500      PS8_X0Y0       tick2trade_bd_i/zynq_ps/inst/PS8_i/SAXIGP2WCLK
High Pulse Width  Slow    RAMB36E2/CLKARDCLK  n/a            0.542         5.000       4.458      RAMB36_X1Y7    tick2trade_bd_i/axi_dma/U0/I_PRMRY_DATAMOVER/GEN_MM2S_FULL.I_MM2S_FULL_WRAPPER/GEN_INCLUDE_MM2S_SF.I_RD_SF/I_DATA_FIFO/BLK_MEM.I_SYNC_FIFOGEN_FIFO/xpm_fifo_instance.xpm_fifo_sync_inst/xpm_fifo_base_inst/gen_sdpram.xpm_memory_base_inst/gen_wr_a.gen_word_narrow.mem_reg/CLKARDCLK
High Pulse Width  Fast    RAMB36E2/CLKARDCLK  n/a            0.542         5.000       4.458      RAMB36_X1Y7    tick2trade_bd_i/axi_dma/U0/I_PRMRY_DATAMOVER/GEN_MM2S_FULL.I_MM2S_FULL_WRAPPER/GEN_INCLUDE_MM2S_SF.I_RD_SF/I_DATA_FIFO/BLK_MEM.I_SYNC_FIFOGEN_FIFO/xpm_fifo_instance.xpm_fifo_sync_inst/xpm_fifo_base_inst/gen_sdpram.xpm_memory_base_inst/gen_wr_a.gen_word_narrow.mem_reg/CLKARDCLK
High Pulse Width  Slow    RAMB36E2/CLKBWRCLK  n/a            0.542         5.000       4.458      RAMB36_X1Y7    tick2trade_bd_i/axi_dma/U0/I_PRMRY_DATAMOVER/GEN_MM2S_FULL.I_MM2S_FULL_WRAPPER/GEN_INCLUDE_MM2S_SF.I_RD_SF/I_DATA_FIFO/BLK_MEM.I_SYNC_FIFOGEN_FIFO/xpm_fifo_instance.xpm_fifo_sync_inst/xpm_fifo_base_inst/gen_sdpram.xpm_memory_base_inst/gen_wr_a.gen_word_narrow.mem_reg/CLKBWRCLK
High Pulse Width  Fast    RAMB36E2/CLKBWRCLK  n/a            0.542         5.000       4.458      RAMB36_X1Y7    tick2trade_bd_i/axi_dma/U0/I_PRMRY_DATAMOVER/GEN_MM2S_FULL.I_MM2S_FULL_WRAPPER/GEN_INCLUDE_MM2S_SF.I_RD_SF/I_DATA_FIFO/BLK_MEM.I_SYNC_FIFOGEN_FIFO/xpm_fifo_instance.xpm_fifo_sync_inst/xpm_fifo_base_inst/gen_sdpram.xpm_memory_base_inst/gen_wr_a.gen_word_narrow.mem_reg/CLKBWRCLK



---------------------------------------------------------------------------------------------------
From Clock:  clk_pl_1
  To Clock:  clk_pl_1

Setup :            0  Failing Endpoints,  Worst Slack        0.129ns,  Total Violation        0.000ns
Hold  :            0  Failing Endpoints,  Worst Slack        0.010ns,  Total Violation        0.000ns
PW    :            0  Failing Endpoints,  Worst Slack        1.551ns,  Total Violation        0.000ns
---------------------------------------------------------------------------------------------------


Max Delay Paths
--------------------------------------------------------------------------------------
Slack (MET) :             0.129ns  (required time - arrival time)
  Source:                 tick2trade_bd_i/tick2trade/inst/u_book/bucket_data_reg[2][order_ref_num][14]/C
                            (rising edge-triggered cell FDRE clocked by clk_pl_1  {rise@0.000ns fall@2.083ns period=4.166ns})
  Destination:            tick2trade_bd_i/tick2trade/inst/u_book/book_mem_reg_0_511_566_566/RAMS64E1_D/I
                            (rising edge-triggered cell RAMS64E1 clocked by clk_pl_1  {rise@0.000ns fall@2.083ns period=4.166ns})
  Path Group:             clk_pl_1
  Path Type:              Setup (Max at Slow Process Corner)
  Requirement:            4.166ns  (clk_pl_1 rise@4.166ns - clk_pl_1 rise@0.000ns)
  Data Path Delay:        3.670ns  (logic 0.996ns (27.142%)  route 2.674ns (72.858%))
  Logic Levels:           11  (CARRY8=6 LUT2=1 LUT4=1 LUT6=3)
  Clock Path Skew:        -0.222ns (DCD - SCD + CPR)
    Destination Clock Delay (DCD):    1.825ns = ( 5.991 - 4.166 ) 
    Source Clock Delay      (SCD):    2.220ns
    Clock Pessimism Removal (CPR):    0.173ns
  Clock Uncertainty:      0.087ns  ((TSJ^2 + DJ^2)^1/2) / 2 + PE
    Total System Jitter     (TSJ):    0.071ns
    Discrete Jitter          (DJ):    0.160ns
    Phase Error              (PE):    0.000ns
  Clock Net Delay (Source):      2.012ns (routing 0.657ns, distribution 1.355ns)
  Clock Net Delay (Destination): 1.657ns (routing 0.593ns, distribution 1.064ns)

    Location             Delay type                Incr(ns)  Path(ns)    Netlist Resource(s)
  -------------------------------------------------------------------    -------------------
                         (clock clk_pl_1 rise edge)
                                                      0.000     0.000 r  
    PS8_X0Y0             PS8                          0.000     0.000 r  tick2trade_bd_i/zynq_ps/inst/PS8_i/PLCLK[1]
                         net (fo=1, routed)           0.180     0.180    tick2trade_bd_i/zynq_ps/inst/pl_clk_unbuffered[1]
    BUFG_PS_X0Y92        BUFG_PS (Prop_BUFG_PS_I_O)
                                                      0.028     0.208 r  tick2trade_bd_i/zynq_ps/inst/buffer_pl_clk_1.PL_CLK_1_BUFG/O
    X1Y2 (CLOCK_ROOT)    net (fo=19641, routed)       2.012     2.220    tick2trade_bd_i/tick2trade/inst/u_book/core_clk
    SLICE_X75Y74         FDRE                                         r  tick2trade_bd_i/tick2trade/inst/u_book/bucket_data_reg[2][order_ref_num][14]/C
  -------------------------------------------------------------------    -------------------
    SLICE_X75Y74         FDRE (Prop_HFF_SLICEL_C_Q)
                                                      0.079     2.299 r  tick2trade_bd_i/tick2trade/inst/u_book/bucket_data_reg[2][order_ref_num][14]/Q
                         net (fo=2, routed)           0.427     2.726    tick2trade_bd_i/tick2trade/inst/u_book/bucket_data_reg[2][order_ref_num][14]
    SLICE_X74Y82         LUT6 (Prop_E6LUT_SLICEM_I5_O)
                                                      0.091     2.817 r  tick2trade_bd_i/tick2trade/inst/u_book/book_mem_reg_0_511_145_145_i_48/O
                         net (fo=1, routed)           0.014     2.831    tick2trade_bd_i/tick2trade/inst/u_book/book_mem_reg_0_511_145_145_i_48_n_0
    SLICE_X74Y82         CARRY8 (Prop_CARRY8_SLICEM_S[4]_CO[7])
                                                      0.156     2.987 r  tick2trade_bd_i/tick2trade/inst/u_book/book_mem_reg_0_511_145_145_i_28/CO[7]
                         net (fo=1, routed)           0.026     3.013    tick2trade_bd_i/tick2trade/inst/u_book/book_mem_reg_0_511_145_145_i_28_n_0
    SLICE_X74Y83         CARRY8 (Prop_CARRY8_SLICEM_CI_CO[7])
                                                      0.015     3.028 r  tick2trade_bd_i/tick2trade/inst/u_book/book_mem_reg_0_511_145_145_i_12/CO[7]
                         net (fo=1, routed)           0.026     3.054    tick2trade_bd_i/tick2trade/inst/u_book/book_mem_reg_0_511_145_145_i_12_n_0
    SLICE_X74Y84         CARRY8 (Prop_CARRY8_SLICEM_CI_CO[5])
                                                      0.077     3.131 r  tick2trade_bd_i/tick2trade/inst/u_book/book_mem_reg_0_511_145_145_i_4/CO[5]
                         net (fo=5, routed)           0.252     3.383    tick2trade_bd_i/tick2trade/inst/u_book/state21_out
    SLICE_X75Y89         LUT4 (Prop_A6LUT_SLICEL_I2_O)
                                                      0.050     3.433 r  tick2trade_bd_i/tick2trade/inst/u_book/miss_count[31]_i_4/O
                         net (fo=53, routed)          0.305     3.738    tick2trade_bd_i/tick2trade/inst/u_book/miss_count[31]_i_4_n_0
    SLICE_X72Y88         LUT6 (Prop_G6LUT_SLICEL_I4_O)
                                                      0.123     3.861 r  tick2trade_bd_i/tick2trade/inst/u_book/shares_removed[4]_i_2/O
                         net (fo=5, routed)           0.430     4.291    tick2trade_bd_i/tick2trade/inst/u_book/shares_removed[4]_i_2_n_0
    SLICE_X68Y96         LUT2 (Prop_E6LUT_SLICEL_I0_O)
                                                      0.099     4.390 r  tick2trade_bd_i/tick2trade/inst/u_book/book_mem_reg_0_511_64_64_i_9/O
                         net (fo=1, routed)           0.007     4.397    tick2trade_bd_i/tick2trade/inst/u_book/book_mem_reg_0_511_64_64_i_9_n_0
    SLICE_X68Y96         CARRY8 (Prop_CARRY8_SLICEL_S[4]_CO[7])
                                                      0.153     4.550 r  tick2trade_bd_i/tick2trade/inst/u_book/book_mem_reg_0_511_64_64_i_4/CO[7]
                         net (fo=1, routed)           0.026     4.576    tick2trade_bd_i/tick2trade/inst/u_book/book_mem_reg_0_511_64_64_i_4_n_0
    SLICE_X68Y97         CARRY8 (Prop_CARRY8_SLICEL_CI_CO[7])
                                                      0.015     4.591 r  tick2trade_bd_i/tick2trade/inst/u_book/book_mem_reg_0_511_72_72_i_3/CO[7]
                         net (fo=1, routed)           0.026     4.617    tick2trade_bd_i/tick2trade/inst/u_book/book_mem_reg_0_511_72_72_i_3_n_0
    SLICE_X68Y98         CARRY8 (Prop_CARRY8_SLICEL_CI_O[6])
                                                      0.103     4.720 r  tick2trade_bd_i/tick2trade/inst/u_book/book_mem_reg_0_511_80_80_i_3/O[6]
                         net (fo=4, routed)           0.296     5.017    tick2trade_bd_i/tick2trade/inst/u_book/book_mem_reg_0_511_80_80_i_3_n_9
    SLICE_X66Y94         LUT6 (Prop_F6LUT_SLICEL_I1_O)
                                                      0.035     5.052 r  tick2trade_bd_i/tick2trade/inst/u_book/book_mem_reg_0_511_566_566_i_1/O
                         net (fo=16, routed)          0.838     5.889    tick2trade_bd_i/tick2trade/inst/u_book/book_mem_reg_0_511_566_566/D
    SLICE_X57Y92         RAMS64E1                                     r  tick2trade_bd_i/tick2trade/inst/u_book/book_mem_reg_0_511_566_566/RAMS64E1_D/I
  -------------------------------------------------------------------    -------------------

                         (clock clk_pl_1 rise edge)
                                                      4.166     4.166 r  
    PS8_X0Y0             PS8                          0.000     4.166 r  tick2trade_bd_i/zynq_ps/inst/PS8_i/PLCLK[1]
                         net (fo=1, routed)           0.143     4.309    tick2trade_bd_i/zynq_ps/inst/pl_clk_unbuffered[1]
    BUFG_PS_X0Y92        BUFG_PS (Prop_BUFG_PS_I_O)
                                                      0.025     4.334 r  tick2trade_bd_i/zynq_ps/inst/buffer_pl_clk_1.PL_CLK_1_BUFG/O
    X1Y2 (CLOCK_ROOT)    net (fo=19641, routed)       1.657     5.991    tick2trade_bd_i/tick2trade/inst/u_book/book_mem_reg_0_511_566_566/WCLK
    SLICE_X57Y92         RAMS64E1                                     r  tick2trade_bd_i/tick2trade/inst/u_book/book_mem_reg_0_511_566_566/RAMS64E1_D/CLK
                         clock pessimism              0.173     6.164    
                         clock uncertainty           -0.087     6.076    
    SLICE_X57Y92         RAMS64E1 (Setup_D6LUT_SLICEM_CLK_I)
                                                     -0.058     6.018    tick2trade_bd_i/tick2trade/inst/u_book/book_mem_reg_0_511_566_566/RAMS64E1_D
  -------------------------------------------------------------------
                         required time                          6.018    
                         arrival time                          -5.889    
  -------------------------------------------------------------------
                         slack                                  0.129    

Slack (MET) :             0.149ns  (required time - arrival time)
  Source:                 tick2trade_bd_i/tick2trade/inst/u_book/bucket_data_reg[2][order_ref_num][14]/C
                            (rising edge-triggered cell FDRE clocked by clk_pl_1  {rise@0.000ns fall@2.083ns period=4.166ns})
  Destination:            tick2trade_bd_i/tick2trade/inst/u_book/book_mem_reg_0_511_235_235/RAMS64E1_F/I
                            (rising edge-triggered cell RAMS64E1 clocked by clk_pl_1  {rise@0.000ns fall@2.083ns period=4.166ns})
  Path Group:             clk_pl_1
  Path Type:              Setup (Max at Slow Process Corner)
  Requirement:            4.166ns  (clk_pl_1 rise@4.166ns - clk_pl_1 rise@0.000ns)
  Data Path Delay:        3.652ns  (logic 0.961ns (26.312%)  route 2.691ns (73.688%))
  Logic Levels:           10  (CARRY8=5 LUT2=1 LUT4=1 LUT6=3)
  Clock Path Skew:        -0.220ns (DCD - SCD + CPR)
    Destination Clock Delay (DCD):    1.827ns = ( 5.993 - 4.166 ) 
    Source Clock Delay      (SCD):    2.220ns
    Clock Pessimism Removal (CPR):    0.173ns
  Clock Uncertainty:      0.087ns  ((TSJ^2 + DJ^2)^1/2) / 2 + PE
    Total System Jitter     (TSJ):    0.071ns
    Discrete Jitter          (DJ):    0.160ns
    Phase Error              (PE):    0.000ns
  Clock Net Delay (Source):      2.012ns (routing 0.657ns, distribution 1.355ns)
  Clock Net Delay (Destination): 1.659ns (routing 0.593ns, distribution 1.066ns)

    Location             Delay type                Incr(ns)  Path(ns)    Netlist Resource(s)
  -------------------------------------------------------------------    -------------------
                         (clock clk_pl_1 rise edge)
                                                      0.000     0.000 r  
    PS8_X0Y0             PS8                          0.000     0.000 r  tick2trade_bd_i/zynq_ps/inst/PS8_i/PLCLK[1]
                         net (fo=1, routed)           0.180     0.180    tick2trade_bd_i/zynq_ps/inst/pl_clk_unbuffered[1]
    BUFG_PS_X0Y92        BUFG_PS (Prop_BUFG_PS_I_O)
                                                      0.028     0.208 r  tick2trade_bd_i/zynq_ps/inst/buffer_pl_clk_1.PL_CLK_1_BUFG/O
    X1Y2 (CLOCK_ROOT)    net (fo=19641, routed)       2.012     2.220    tick2trade_bd_i/tick2trade/inst/u_book/core_clk
    SLICE_X75Y74         FDRE                                         r  tick2trade_bd_i/tick2trade/inst/u_book/bucket_data_reg[2][order_ref_num][14]/C
  -------------------------------------------------------------------    -------------------
    SLICE_X75Y74         FDRE (Prop_HFF_SLICEL_C_Q)
                                                      0.079     2.299 r  tick2trade_bd_i/tick2trade/inst/u_book/bucket_data_reg[2][order_ref_num][14]/Q
                         net (fo=2, routed)           0.427     2.726    tick2trade_bd_i/tick2trade/inst/u_book/bucket_data_reg[2][order_ref_num][14]
    SLICE_X74Y82         LUT6 (Prop_E6LUT_SLICEM_I5_O)
                                                      0.091     2.817 r  tick2trade_bd_i/tick2trade/inst/u_book/book_mem_reg_0_511_145_145_i_48/O
                         net (fo=1, routed)           0.014     2.831    tick2trade_bd_i/tick2trade/inst/u_book/book_mem_reg_0_511_145_145_i_48_n_0
    SLICE_X74Y82         CARRY8 (Prop_CARRY8_SLICEM_S[4]_CO[7])
                                                      0.156     2.987 r  tick2trade_bd_i/tick2trade/inst/u_book/book_mem_reg_0_511_145_145_i_28/CO[7]
                         net (fo=1, routed)           0.026     3.013    tick2trade_bd_i/tick2trade/inst/u_book/book_mem_reg_0_511_145_145_i_28_n_0
    SLICE_X74Y83         CARRY8 (Prop_CARRY8_SLICEM_CI_CO[7])
                                                      0.015     3.028 r  tick2trade_bd_i/tick2trade/inst/u_book/book_mem_reg_0_511_145_145_i_12/CO[7]
                         net (fo=1, routed)           0.026     3.054    tick2trade_bd_i/tick2trade/inst/u_book/book_mem_reg_0_511_145_145_i_12_n_0
    SLICE_X74Y84         CARRY8 (Prop_CARRY8_SLICEM_CI_CO[5])
                                                      0.077     3.131 r  tick2trade_bd_i/tick2trade/inst/u_book/book_mem_reg_0_511_145_145_i_4/CO[5]
                         net (fo=5, routed)           0.252     3.383    tick2trade_bd_i/tick2trade/inst/u_book/state21_out
    SLICE_X75Y89         LUT4 (Prop_A6LUT_SLICEL_I2_O)
                                                      0.050     3.433 r  tick2trade_bd_i/tick2trade/inst/u_book/miss_count[31]_i_4/O
                         net (fo=53, routed)          0.305     3.738    tick2trade_bd_i/tick2trade/inst/u_book/miss_count[31]_i_4_n_0
    SLICE_X72Y88         LUT6 (Prop_G6LUT_SLICEL_I4_O)
                                                      0.123     3.861 r  tick2trade_bd_i/tick2trade/inst/u_book/shares_removed[4]_i_2/O
                         net (fo=5, routed)           0.430     4.291    tick2trade_bd_i/tick2trade/inst/u_book/shares_removed[4]_i_2_n_0
    SLICE_X68Y96         LUT2 (Prop_E6LUT_SLICEL_I0_O)
                                                      0.099     4.390 r  tick2trade_bd_i/tick2trade/inst/u_book/book_mem_reg_0_511_64_64_i_9/O
                         net (fo=1, routed)           0.007     4.397    tick2trade_bd_i/tick2trade/inst/u_book/book_mem_reg_0_511_64_64_i_9_n_0
    SLICE_X68Y96         CARRY8 (Prop_CARRY8_SLICEL_S[4]_CO[7])
                                                      0.153     4.550 r  tick2trade_bd_i/tick2trade/inst/u_book/book_mem_reg_0_511_64_64_i_4/CO[7]
                         net (fo=1, routed)           0.026     4.576    tick2trade_bd_i/tick2trade/inst/u_book/book_mem_reg_0_511_64_64_i_4_n_0
    SLICE_X68Y97         CARRY8 (Prop_CARRY8_SLICEL_CI_O[3])
                                                      0.082     4.658 r  tick2trade_bd_i/tick2trade/inst/u_book/book_mem_reg_0_511_72_72_i_3/O[3]
                         net (fo=4, routed)           0.538     5.196    tick2trade_bd_i/tick2trade/inst/u_book/book_mem_reg_0_511_72_72_i_3_n_12
    SLICE_X65Y96         LUT6 (Prop_H6LUT_SLICEL_I1_O)
                                                      0.036     5.232 r  tick2trade_bd_i/tick2trade/inst/u_book/book_mem_reg_0_511_235_235_i_1/O
                         net (fo=16, routed)          0.640     5.872    tick2trade_bd_i/tick2trade/inst/u_book/book_mem_reg_0_511_235_235/D
    SLICE_X61Y95         RAMS64E1                                     r  tick2trade_bd_i/tick2trade/inst/u_book/book_mem_reg_0_511_235_235/RAMS64E1_F/I
  -------------------------------------------------------------------    -------------------

                         (clock clk_pl_1 rise edge)
                                                      4.166     4.166 r  
    PS8_X0Y0             PS8                          0.000     4.166 r  tick2trade_bd_i/zynq_ps/inst/PS8_i/PLCLK[1]
                         net (fo=1, routed)           0.143     4.309    tick2trade_bd_i/zynq_ps/inst/pl_clk_unbuffered[1]
    BUFG_PS_X0Y92        BUFG_PS (Prop_BUFG_PS_I_O)
                                                      0.025     4.334 r  tick2trade_bd_i/zynq_ps/inst/buffer_pl_clk_1.PL_CLK_1_BUFG/O
    X1Y2 (CLOCK_ROOT)    net (fo=19641, routed)       1.659     5.993    tick2trade_bd_i/tick2trade/inst/u_book/book_mem_reg_0_511_235_235/WCLK
    SLICE_X61Y95         RAMS64E1                                     r  tick2trade_bd_i/tick2trade/inst/u_book/book_mem_reg_0_511_235_235/RAMS64E1_F/CLK
                         clock pessimism              0.173     6.166    
                         clock uncertainty           -0.087     6.078    
    SLICE_X61Y95         RAMS64E1 (Setup_F6LUT_SLICEM_CLK_I)
                                                     -0.057     6.021    tick2trade_bd_i/tick2trade/inst/u_book/book_mem_reg_0_511_235_235/RAMS64E1_F
  -------------------------------------------------------------------
                         required time                          6.021    
                         arrival time                          -5.872    
  -------------------------------------------------------------------
                         slack                                  0.149    

Slack (MET) :             0.152ns  (required time - arrival time)
  Source:                 tick2trade_bd_i/tick2trade/inst/u_book/bucket_data_reg[2][order_ref_num][14]/C
                            (rising edge-triggered cell FDRE clocked by clk_pl_1  {rise@0.000ns fall@2.083ns period=4.166ns})
  Destination:            tick2trade_bd_i/tick2trade/inst/u_book/book_mem_reg_0_511_235_235/RAMS64E1_G/I
                            (rising edge-triggered cell RAMS64E1 clocked by clk_pl_1  {rise@0.000ns fall@2.083ns period=4.166ns})
  Path Group:             clk_pl_1
  Path Type:              Setup (Max at Slow Process Corner)
  Requirement:            4.166ns  (clk_pl_1 rise@4.166ns - clk_pl_1 rise@0.000ns)
  Data Path Delay:        3.650ns  (logic 0.961ns (26.326%)  route 2.689ns (73.674%))
  Logic Levels:           10  (CARRY8=5 LUT2=1 LUT4=1 LUT6=3)
  Clock Path Skew:        -0.220ns (DCD - SCD + CPR)
    Destination Clock Delay (DCD):    1.827ns = ( 5.993 - 4.166 ) 
    Source Clock Delay      (SCD):    2.220ns
    Clock Pessimism Removal (CPR):    0.173ns
  Clock Uncertainty:      0.087ns  ((TSJ^2 + DJ^2)^1/2) / 2 + PE
    Total System Jitter     (TSJ):    0.071ns
    Discrete Jitter          (DJ):    0.160ns
    Phase Error              (PE):    0.000ns
  Clock Net Delay (Source):      2.012ns (routing 0.657ns, distribution 1.355ns)
  Clock Net Delay (Destination): 1.659ns (routing 0.593ns, distribution 1.066ns)

    Location             Delay type                Incr(ns)  Path(ns)    Netlist Resource(s)
  -------------------------------------------------------------------    -------------------
                         (clock clk_pl_1 rise edge)
                                                      0.000     0.000 r  
    PS8_X0Y0             PS8                          0.000     0.000 r  tick2trade_bd_i/zynq_ps/inst/PS8_i/PLCLK[1]
                         net (fo=1, routed)           0.180     0.180    tick2trade_bd_i/zynq_ps/inst/pl_clk_unbuffered[1]
    BUFG_PS_X0Y92        BUFG_PS (Prop_BUFG_PS_I_O)
                                                      0.028     0.208 r  tick2trade_bd_i/zynq_ps/inst/buffer_pl_clk_1.PL_CLK_1_BUFG/O
    X1Y2 (CLOCK_ROOT)    net (fo=19641, routed)       2.012     2.220    tick2trade_bd_i/tick2trade/inst/u_book/core_clk
    SLICE_X75Y74         FDRE                                         r  tick2trade_bd_i/tick2trade/inst/u_book/bucket_data_reg[2][order_ref_num][14]/C
  -------------------------------------------------------------------    -------------------
    SLICE_X75Y74         FDRE (Prop_HFF_SLICEL_C_Q)
                                                      0.079     2.299 r  tick2trade_bd_i/tick2trade/inst/u_book/bucket_data_reg[2][order_ref_num][14]/Q
                         net (fo=2, routed)           0.427     2.726    tick2trade_bd_i/tick2trade/inst/u_book/bucket_data_reg[2][order_ref_num][14]
    SLICE_X74Y82         LUT6 (Prop_E6LUT_SLICEM_I5_O)
                                                      0.091     2.817 r  tick2trade_bd_i/tick2trade/inst/u_book/book_mem_reg_0_511_145_145_i_48/O
                         net (fo=1, routed)           0.014     2.831    tick2trade_bd_i/tick2trade/inst/u_book/book_mem_reg_0_511_145_145_i_48_n_0
    SLICE_X74Y82         CARRY8 (Prop_CARRY8_SLICEM_S[4]_CO[7])
                                                      0.156     2.987 r  tick2trade_bd_i/tick2trade/inst/u_book/book_mem_reg_0_511_145_145_i_28/CO[7]
                         net (fo=1, routed)           0.026     3.013    tick2trade_bd_i/tick2trade/inst/u_book/book_mem_reg_0_511_145_145_i_28_n_0
    SLICE_X74Y83         CARRY8 (Prop_CARRY8_SLICEM_CI_CO[7])
                                                      0.015     3.028 r  tick2trade_bd_i/tick2trade/inst/u_book/book_mem_reg_0_511_145_145_i_12/CO[7]
                         net (fo=1, routed)           0.026     3.054    tick2trade_bd_i/tick2trade/inst/u_book/book_mem_reg_0_511_145_145_i_12_n_0
    SLICE_X74Y84         CARRY8 (Prop_CARRY8_SLICEM_CI_CO[5])
                                                      0.077     3.131 r  tick2trade_bd_i/tick2trade/inst/u_book/book_mem_reg_0_511_145_145_i_4/CO[5]
                         net (fo=5, routed)           0.252     3.383    tick2trade_bd_i/tick2trade/inst/u_book/state21_out
    SLICE_X75Y89         LUT4 (Prop_A6LUT_SLICEL_I2_O)
                                                      0.050     3.433 r  tick2trade_bd_i/tick2trade/inst/u_book/miss_count[31]_i_4/O
                         net (fo=53, routed)          0.305     3.738    tick2trade_bd_i/tick2trade/inst/u_book/miss_count[31]_i_4_n_0
    SLICE_X72Y88         LUT6 (Prop_G6LUT_SLICEL_I4_O)
                                                      0.123     3.861 r  tick2trade_bd_i/tick2trade/inst/u_book/shares_removed[4]_i_2/O
                         net (fo=5, routed)           0.430     4.291    tick2trade_bd_i/tick2trade/inst/u_book/shares_removed[4]_i_2_n_0
    SLICE_X68Y96         LUT2 (Prop_E6LUT_SLICEL_I0_O)
                                                      0.099     4.390 r  tick2trade_bd_i/tick2trade/inst/u_book/book_mem_reg_0_511_64_64_i_9/O
                         net (fo=1, routed)           0.007     4.397    tick2trade_bd_i/tick2trade/inst/u_book/book_mem_reg_0_511_64_64_i_9_n_0
    SLICE_X68Y96         CARRY8 (Prop_CARRY8_SLICEL_S[4]_CO[7])
                                                      0.153     4.550 r  tick2trade_bd_i/tick2trade/inst/u_book/book_mem_reg_0_511_64_64_i_4/CO[7]
                         net (fo=1, routed)           0.026     4.576    tick2trade_bd_i/tick2trade/inst/u_book/book_mem_reg_0_511_64_64_i_4_n_0
    SLICE_X68Y97         CARRY8 (Prop_CARRY8_SLICEL_CI_O[3])
                                                      0.082     4.658 r  tick2trade_bd_i/tick2trade/inst/u_book/book_mem_reg_0_511_72_72_i_3/O[3]
                         net (fo=4, routed)           0.538     5.196    tick2trade_bd_i/tick2trade/inst/u_book/book_mem_reg_0_511_72_72_i_3_n_12
    SLICE_X65Y96         LUT6 (Prop_H6LUT_SLICEL_I1_O)
                                                      0.036     5.232 r  tick2trade_bd_i/tick2trade/inst/u_book/book_mem_reg_0_511_235_235_i_1/O
                         net (fo=16, routed)          0.638     5.870    tick2trade_bd_i/tick2trade/inst/u_book/book_mem_reg_0_511_235_235/D
    SLICE_X61Y95         RAMS64E1                                     r  tick2trade_bd_i/tick2trade/inst/u_book/book_mem_reg_0_511_235_235/RAMS64E1_G/I
  -------------------------------------------------------------------    -------------------

                         (clock clk_pl_1 rise edge)
                                                      4.166     4.166 r  
    PS8_X0Y0             PS8                          0.000     4.166 r  tick2trade_bd_i/zynq_ps/inst/PS8_i/PLCLK[1]
                         net (fo=1, routed)           0.143     4.309    tick2trade_bd_i/zynq_ps/inst/pl_clk_unbuffered[1]
    BUFG_PS_X0Y92        BUFG_PS (Prop_BUFG_PS_I_O)
                                                      0.025     4.334 r  tick2trade_bd_i/zynq_ps/inst/buffer_pl_clk_1.PL_CLK_1_BUFG/O
    X1Y2 (CLOCK_ROOT)    net (fo=19641, routed)       1.659     5.993    tick2trade_bd_i/tick2trade/inst/u_book/book_mem_reg_0_511_235_235/WCLK
    SLICE_X61Y95         RAMS64E1                                     r  tick2trade_bd_i/tick2trade/inst/u_book/book_mem_reg_0_511_235_235/RAMS64E1_G/CLK
                         clock pessimism              0.173     6.166    
                         clock uncertainty           -0.087     6.078    
    SLICE_X61Y95         RAMS64E1 (Setup_G6LUT_SLICEM_CLK_I)
                                                     -0.056     6.022    tick2trade_bd_i/tick2trade/inst/u_book/book_mem_reg_0_511_235_235/RAMS64E1_G
  -------------------------------------------------------------------
                         required time                          6.022    
                         arrival time                          -5.870    
  -------------------------------------------------------------------
                         slack                                  0.152    

Slack (MET) :             0.171ns  (required time - arrival time)
  Source:                 tick2trade_bd_i/tick2trade/inst/u_book/bucket_data_reg[2][order_ref_num][14]/C
                            (rising edge-triggered cell FDRE clocked by clk_pl_1  {rise@0.000ns fall@2.083ns period=4.166ns})
  Destination:            tick2trade_bd_i/tick2trade/inst/u_book/book_mem_reg_0_511_75_75/RAMS64E1_E/I
                            (rising edge-triggered cell RAMS64E1 clocked by clk_pl_1  {rise@0.000ns fall@2.083ns period=4.166ns})
  Path Group:             clk_pl_1
  Path Type:              Setup (Max at Slow Process Corner)
  Requirement:            4.166ns  (clk_pl_1 rise@4.166ns - clk_pl_1 rise@0.000ns)
  Data Path Delay:        3.638ns  (logic 1.048ns (28.805%)  route 2.590ns (71.195%))
  Logic Levels:           10  (CARRY8=5 LUT2=1 LUT4=1 LUT6=3)
  Clock Path Skew:        -0.213ns (DCD - SCD + CPR)
    Destination Clock Delay (DCD):    1.834ns = ( 6.000 - 4.166 ) 
    Source Clock Delay      (SCD):    2.220ns
    Clock Pessimism Removal (CPR):    0.173ns
  Clock Uncertainty:      0.087ns  ((TSJ^2 + DJ^2)^1/2) / 2 + PE
    Total System Jitter     (TSJ):    0.071ns
    Discrete Jitter          (DJ):    0.160ns
    Phase Error              (PE):    0.000ns
  Clock Net Delay (Source):      2.012ns (routing 0.657ns, distribution 1.355ns)
  Clock Net Delay (Destination): 1.666ns (routing 0.593ns, distribution 1.073ns)

    Location             Delay type                Incr(ns)  Path(ns)    Netlist Resource(s)
  -------------------------------------------------------------------    -------------------
                         (clock clk_pl_1 rise edge)
                                                      0.000     0.000 r  
    PS8_X0Y0             PS8                          0.000     0.000 r  tick2trade_bd_i/zynq_ps/inst/PS8_i/PLCLK[1]
                         net (fo=1, routed)           0.180     0.180    tick2trade_bd_i/zynq_ps/inst/pl_clk_unbuffered[1]
    BUFG_PS_X0Y92        BUFG_PS (Prop_BUFG_PS_I_O)
                                                      0.028     0.208 r  tick2trade_bd_i/zynq_ps/inst/buffer_pl_clk_1.PL_CLK_1_BUFG/O
    X1Y2 (CLOCK_ROOT)    net (fo=19641, routed)       2.012     2.220    tick2trade_bd_i/tick2trade/inst/u_book/core_clk
    SLICE_X75Y74         FDRE                                         r  tick2trade_bd_i/tick2trade/inst/u_book/bucket_data_reg[2][order_ref_num][14]/C
  -------------------------------------------------------------------    -------------------
    SLICE_X75Y74         FDRE (Prop_HFF_SLICEL_C_Q)
                                                      0.079     2.299 r  tick2trade_bd_i/tick2trade/inst/u_book/bucket_data_reg[2][order_ref_num][14]/Q
                         net (fo=2, routed)           0.427     2.726    tick2trade_bd_i/tick2trade/inst/u_book/bucket_data_reg[2][order_ref_num][14]
    SLICE_X74Y82         LUT6 (Prop_E6LUT_SLICEM_I5_O)
                                                      0.091     2.817 r  tick2trade_bd_i/tick2trade/inst/u_book/book_mem_reg_0_511_145_145_i_48/O
                         net (fo=1, routed)           0.014     2.831    tick2trade_bd_i/tick2trade/inst/u_book/book_mem_reg_0_511_145_145_i_48_n_0
    SLICE_X74Y82         CARRY8 (Prop_CARRY8_SLICEM_S[4]_CO[7])
                                                      0.156     2.987 r  tick2trade_bd_i/tick2trade/inst/u_book/book_mem_reg_0_511_145_145_i_28/CO[7]
                         net (fo=1, routed)           0.026     3.013    tick2trade_bd_i/tick2trade/inst/u_book/book_mem_reg_0_511_145_145_i_28_n_0
    SLICE_X74Y83         CARRY8 (Prop_CARRY8_SLICEM_CI_CO[7])
                                                      0.015     3.028 r  tick2trade_bd_i/tick2trade/inst/u_book/book_mem_reg_0_511_145_145_i_12/CO[7]
                         net (fo=1, routed)           0.026     3.054    tick2trade_bd_i/tick2trade/inst/u_book/book_mem_reg_0_511_145_145_i_12_n_0
    SLICE_X74Y84         CARRY8 (Prop_CARRY8_SLICEM_CI_CO[5])
                                                      0.077     3.131 r  tick2trade_bd_i/tick2trade/inst/u_book/book_mem_reg_0_511_145_145_i_4/CO[5]
                         net (fo=5, routed)           0.252     3.383    tick2trade_bd_i/tick2trade/inst/u_book/state21_out
    SLICE_X75Y89         LUT4 (Prop_A6LUT_SLICEL_I2_O)
                                                      0.050     3.433 r  tick2trade_bd_i/tick2trade/inst/u_book/miss_count[31]_i_4/O
                         net (fo=53, routed)          0.305     3.738    tick2trade_bd_i/tick2trade/inst/u_book/miss_count[31]_i_4_n_0
    SLICE_X72Y88         LUT6 (Prop_G6LUT_SLICEL_I4_O)
                                                      0.123     3.861 r  tick2trade_bd_i/tick2trade/inst/u_book/shares_removed[4]_i_2/O
                         net (fo=5, routed)           0.430     4.291    tick2trade_bd_i/tick2trade/inst/u_book/shares_removed[4]_i_2_n_0
    SLICE_X68Y96         LUT2 (Prop_E6LUT_SLICEL_I0_O)
                                                      0.099     4.390 r  tick2trade_bd_i/tick2trade/inst/u_book/book_mem_reg_0_511_64_64_i_9/O
                         net (fo=1, routed)           0.007     4.397    tick2trade_bd_i/tick2trade/inst/u_book/book_mem_reg_0_511_64_64_i_9_n_0
    SLICE_X68Y96         CARRY8 (Prop_CARRY8_SLICEL_S[4]_CO[7])
                                                      0.153     4.550 r  tick2trade_bd_i/tick2trade/inst/u_book/book_mem_reg_0_511_64_64_i_4/CO[7]
                         net (fo=1, routed)           0.026     4.576    tick2trade_bd_i/tick2trade/inst/u_book/book_mem_reg_0_511_64_64_i_4_n_0
    SLICE_X68Y97         CARRY8 (Prop_CARRY8_SLICEL_CI_O[3])
                                                      0.082     4.658 r  tick2trade_bd_i/tick2trade/inst/u_book/book_mem_reg_0_511_72_72_i_3/O[3]
                         net (fo=4, routed)           0.501     5.160    tick2trade_bd_i/tick2trade/inst/u_book/book_mem_reg_0_511_72_72_i_3_n_12
    SLICE_X65Y98         LUT6 (Prop_C6LUT_SLICEL_I1_O)
                                                      0.123     5.283 r  tick2trade_bd_i/tick2trade/inst/u_book/book_mem_reg_0_511_75_75_i_1/O
                         net (fo=16, routed)          0.575     5.858    tick2trade_bd_i/tick2trade/inst/u_book/book_mem_reg_0_511_75_75/D
    SLICE_X57Y99         RAMS64E1                                     r  tick2trade_bd_i/tick2trade/inst/u_book/book_mem_reg_0_511_75_75/RAMS64E1_E/I
  -------------------------------------------------------------------    -------------------

                         (clock clk_pl_1 rise edge)
                                                      4.166     4.166 r  
    PS8_X0Y0             PS8                          0.000     4.166 r  tick2trade_bd_i/zynq_ps/inst/PS8_i/PLCLK[1]
                         net (fo=1, routed)           0.143     4.309    tick2trade_bd_i/zynq_ps/inst/pl_clk_unbuffered[1]
    BUFG_PS_X0Y92        BUFG_PS (Prop_BUFG_PS_I_O)
                                                      0.025     4.334 r  tick2trade_bd_i/zynq_ps/inst/buffer_pl_clk_1.PL_CLK_1_BUFG/O
    X1Y2 (CLOCK_ROOT)    net (fo=19641, routed)       1.666     6.000    tick2trade_bd_i/tick2trade/inst/u_book/book_mem_reg_0_511_75_75/WCLK
    SLICE_X57Y99         RAMS64E1                                     r  tick2trade_bd_i/tick2trade/inst/u_book/book_mem_reg_0_511_75_75/RAMS64E1_E/CLK
                         clock pessimism              0.173     6.173    
                         clock uncertainty           -0.087     6.085    
    SLICE_X57Y99         RAMS64E1 (Setup_E6LUT_SLICEM_CLK_I)
                                                     -0.057     6.028    tick2trade_bd_i/tick2trade/inst/u_book/book_mem_reg_0_511_75_75/RAMS64E1_E
  -------------------------------------------------------------------
                         required time                          6.028    
                         arrival time                          -5.858    
  -------------------------------------------------------------------
                         slack                                  0.171    

Slack (MET) :             0.180ns  (required time - arrival time)
  Source:                 tick2trade_bd_i/tick2trade/inst/u_book/bucket_data_reg[2][order_ref_num][14]/C
                            (rising edge-triggered cell FDRE clocked by clk_pl_1  {rise@0.000ns fall@2.083ns period=4.166ns})
  Destination:            tick2trade_bd_i/tick2trade/inst/u_book/book_mem_reg_0_511_406_406/RAMS64E1_A/I
                            (rising edge-triggered cell RAMS64E1 clocked by clk_pl_1  {rise@0.000ns fall@2.083ns period=4.166ns})
  Path Group:             clk_pl_1
  Path Type:              Setup (Max at Slow Process Corner)
  Requirement:            4.166ns  (clk_pl_1 rise@4.166ns - clk_pl_1 rise@0.000ns)
  Data Path Delay:        3.620ns  (logic 0.997ns (27.540%)  route 2.623ns (72.460%))
  Logic Levels:           11  (CARRY8=6 LUT2=1 LUT4=1 LUT6=3)
  Clock Path Skew:        -0.223ns (DCD - SCD + CPR)
    Destination Clock Delay (DCD):    1.824ns = ( 5.990 - 4.166 ) 
    Source Clock Delay      (SCD):    2.220ns
    Clock Pessimism Removal (CPR):    0.173ns
  Clock Uncertainty:      0.087ns  ((TSJ^2 + DJ^2)^1/2) / 2 + PE
    Total System Jitter     (TSJ):    0.071ns
    Discrete Jitter          (DJ):    0.160ns
    Phase Error              (PE):    0.000ns
  Clock Net Delay (Source):      2.012ns (routing 0.657ns, distribution 1.355ns)
  Clock Net Delay (Destination): 1.656ns (routing 0.593ns, distribution 1.063ns)

    Location             Delay type                Incr(ns)  Path(ns)    Netlist Resource(s)
  -------------------------------------------------------------------    -------------------
                         (clock clk_pl_1 rise edge)
                                                      0.000     0.000 r  
    PS8_X0Y0             PS8                          0.000     0.000 r  tick2trade_bd_i/zynq_ps/inst/PS8_i/PLCLK[1]
                         net (fo=1, routed)           0.180     0.180    tick2trade_bd_i/zynq_ps/inst/pl_clk_unbuffered[1]
    BUFG_PS_X0Y92        BUFG_PS (Prop_BUFG_PS_I_O)
                                                      0.028     0.208 r  tick2trade_bd_i/zynq_ps/inst/buffer_pl_clk_1.PL_CLK_1_BUFG/O
    X1Y2 (CLOCK_ROOT)    net (fo=19641, routed)       2.012     2.220    tick2trade_bd_i/tick2trade/inst/u_book/core_clk
    SLICE_X75Y74         FDRE                                         r  tick2trade_bd_i/tick2trade/inst/u_book/bucket_data_reg[2][order_ref_num][14]/C
  -------------------------------------------------------------------    -------------------
    SLICE_X75Y74         FDRE (Prop_HFF_SLICEL_C_Q)
                                                      0.079     2.299 r  tick2trade_bd_i/tick2trade/inst/u_book/bucket_data_reg[2][order_ref_num][14]/Q
                         net (fo=2, routed)           0.427     2.726    tick2trade_bd_i/tick2trade/inst/u_book/bucket_data_reg[2][order_ref_num][14]
    SLICE_X74Y82         LUT6 (Prop_E6LUT_SLICEM_I5_O)
                                                      0.091     2.817 r  tick2trade_bd_i/tick2trade/inst/u_book/book_mem_reg_0_511_145_145_i_48/O
                         net (fo=1, routed)           0.014     2.831    tick2trade_bd_i/tick2trade/inst/u_book/book_mem_reg_0_511_145_145_i_48_n_0
    SLICE_X74Y82         CARRY8 (Prop_CARRY8_SLICEM_S[4]_CO[7])
                                                      0.156     2.987 r  tick2trade_bd_i/tick2trade/inst/u_book/book_mem_reg_0_511_145_145_i_28/CO[7]
                         net (fo=1, routed)           0.026     3.013    tick2trade_bd_i/tick2trade/inst/u_book/book_mem_reg_0_511_145_145_i_28_n_0
    SLICE_X74Y83         CARRY8 (Prop_CARRY8_SLICEM_CI_CO[7])
                                                      0.015     3.028 r  tick2trade_bd_i/tick2trade/inst/u_book/book_mem_reg_0_511_145_145_i_12/CO[7]
                         net (fo=1, routed)           0.026     3.054    tick2trade_bd_i/tick2trade/inst/u_book/book_mem_reg_0_511_145_145_i_12_n_0
    SLICE_X74Y84         CARRY8 (Prop_CARRY8_SLICEM_CI_CO[5])
                                                      0.077     3.131 r  tick2trade_bd_i/tick2trade/inst/u_book/book_mem_reg_0_511_145_145_i_4/CO[5]
                         net (fo=5, routed)           0.252     3.383    tick2trade_bd_i/tick2trade/inst/u_book/state21_out
    SLICE_X75Y89         LUT4 (Prop_A6LUT_SLICEL_I2_O)
                                                      0.050     3.433 r  tick2trade_bd_i/tick2trade/inst/u_book/miss_count[31]_i_4/O
                         net (fo=53, routed)          0.305     3.738    tick2trade_bd_i/tick2trade/inst/u_book/miss_count[31]_i_4_n_0
    SLICE_X72Y88         LUT6 (Prop_G6LUT_SLICEL_I4_O)
                                                      0.123     3.861 r  tick2trade_bd_i/tick2trade/inst/u_book/shares_removed[4]_i_2/O
                         net (fo=5, routed)           0.430     4.291    tick2trade_bd_i/tick2trade/inst/u_book/shares_removed[4]_i_2_n_0
    SLICE_X68Y96         LUT2 (Prop_E6LUT_SLICEL_I0_O)
                                                      0.099     4.390 r  tick2trade_bd_i/tick2trade/inst/u_book/book_mem_reg_0_511_64_64_i_9/O
                         net (fo=1, routed)           0.007     4.397    tick2trade_bd_i/tick2trade/inst/u_book/book_mem_reg_0_511_64_64_i_9_n_0
    SLICE_X68Y96         CARRY8 (Prop_CARRY8_SLICEL_S[4]_CO[7])
                                                      0.153     4.550 r  tick2trade_bd_i/tick2trade/inst/u_book/book_mem_reg_0_511_64_64_i_4/CO[7]
                         net (fo=1, routed)           0.026     4.576    tick2trade_bd_i/tick2trade/inst/u_book/book_mem_reg_0_511_64_64_i_4_n_0
    SLICE_X68Y97         CARRY8 (Prop_CARRY8_SLICEL_CI_CO[7])
                                                      0.015     4.591 r  tick2trade_bd_i/tick2trade/inst/u_book/book_mem_reg_0_511_72_72_i_3/CO[7]
                         net (fo=1, routed)           0.026     4.617    tick2trade_bd_i/tick2trade/inst/u_book/book_mem_reg_0_511_72_72_i_3_n_0
    SLICE_X68Y98         CARRY8 (Prop_CARRY8_SLICEL_CI_O[6])
                                                      0.103     4.720 r  tick2trade_bd_i/tick2trade/inst/u_book/book_mem_reg_0_511_80_80_i_3/O[6]
                         net (fo=4, routed)           0.248     4.969    tick2trade_bd_i/tick2trade/inst/u_book/book_mem_reg_0_511_80_80_i_3_n_9
    SLICE_X66Y94         LUT6 (Prop_D6LUT_SLICEL_I1_O)
                                                      0.036     5.005 r  tick2trade_bd_i/tick2trade/inst/u_book/book_mem_reg_0_511_406_406_i_1/O
                         net (fo=16, routed)          0.835     5.840    tick2trade_bd_i/tick2trade/inst/u_book/book_mem_reg_0_511_406_406/D
    SLICE_X57Y91         RAMS64E1                                     r  tick2trade_bd_i/tick2trade/inst/u_book/book_mem_reg_0_511_406_406/RAMS64E1_A/I
  -------------------------------------------------------------------    -------------------

                         (clock clk_pl_1 rise edge)
                                                      4.166     4.166 r  
    PS8_X0Y0             PS8                          0.000     4.166 r  tick2trade_bd_i/zynq_ps/inst/PS8_i/PLCLK[1]
                         net (fo=1, routed)           0.143     4.309    tick2trade_bd_i/zynq_ps/inst/pl_clk_unbuffered[1]
    BUFG_PS_X0Y92        BUFG_PS (Prop_BUFG_PS_I_O)
                                                      0.025     4.334 r  tick2trade_bd_i/zynq_ps/inst/buffer_pl_clk_1.PL_CLK_1_BUFG/O
    X1Y2 (CLOCK_ROOT)    net (fo=19641, routed)       1.656     5.990    tick2trade_bd_i/tick2trade/inst/u_book/book_mem_reg_0_511_406_406/WCLK
    SLICE_X57Y91         RAMS64E1                                     r  tick2trade_bd_i/tick2trade/inst/u_book/book_mem_reg_0_511_406_406/RAMS64E1_A/CLK
                         clock pessimism              0.173     6.163    
                         clock uncertainty           -0.087     6.076    
    SLICE_X57Y91         RAMS64E1 (Setup_A6LUT_SLICEM_CLK_I)
                                                     -0.056     6.020    tick2trade_bd_i/tick2trade/inst/u_book/book_mem_reg_0_511_406_406/RAMS64E1_A
  -------------------------------------------------------------------
                         required time                          6.020    
                         arrival time                          -5.840    
  -------------------------------------------------------------------
                         slack                                  0.180    

Slack (MET) :             0.185ns  (required time - arrival time)
  Source:                 tick2trade_bd_i/tick2trade/inst/u_book/bucket_data_reg[2][order_ref_num][14]/C
                            (rising edge-triggered cell FDRE clocked by clk_pl_1  {rise@0.000ns fall@2.083ns period=4.166ns})
  Destination:            tick2trade_bd_i/tick2trade/inst/u_book/book_mem_reg_0_511_566_566/RAMS64E1_F/I
                            (rising edge-triggered cell RAMS64E1 clocked by clk_pl_1  {rise@0.000ns fall@2.083ns period=4.166ns})
  Path Group:             clk_pl_1
  Path Type:              Setup (Max at Slow Process Corner)
  Requirement:            4.166ns  (clk_pl_1 rise@4.166ns - clk_pl_1 rise@0.000ns)
  Data Path Delay:        3.615ns  (logic 0.996ns (27.550%)  route 2.619ns (72.450%))
  Logic Levels:           11  (CARRY8=6 LUT2=1 LUT4=1 LUT6=3)
  Clock Path Skew:        -0.222ns (DCD - SCD + CPR)
    Destination Clock Delay (DCD):    1.825ns = ( 5.991 - 4.166 ) 
    Source Clock Delay      (SCD):    2.220ns
    Clock Pessimism Removal (CPR):    0.173ns
  Clock Uncertainty:      0.087ns  ((TSJ^2 + DJ^2)^1/2) / 2 + PE
    Total System Jitter     (TSJ):    0.071ns
    Discrete Jitter          (DJ):    0.160ns
    Phase Error              (PE):    0.000ns
  Clock Net Delay (Source):      2.012ns (routing 0.657ns, distribution 1.355ns)
  Clock Net Delay (Destination): 1.657ns (routing 0.593ns, distribution 1.064ns)

    Location             Delay type                Incr(ns)  Path(ns)    Netlist Resource(s)
  -------------------------------------------------------------------    -------------------
                         (clock clk_pl_1 rise edge)
                                                      0.000     0.000 r  
    PS8_X0Y0             PS8                          0.000     0.000 r  tick2trade_bd_i/zynq_ps/inst/PS8_i/PLCLK[1]
                         net (fo=1, routed)           0.180     0.180    tick2trade_bd_i/zynq_ps/inst/pl_clk_unbuffered[1]
    BUFG_PS_X0Y92        BUFG_PS (Prop_BUFG_PS_I_O)
                                                      0.028     0.208 r  tick2trade_bd_i/zynq_ps/inst/buffer_pl_clk_1.PL_CLK_1_BUFG/O
    X1Y2 (CLOCK_ROOT)    net (fo=19641, routed)       2.012     2.220    tick2trade_bd_i/tick2trade/inst/u_book/core_clk
    SLICE_X75Y74         FDRE                                         r  tick2trade_bd_i/tick2trade/inst/u_book/bucket_data_reg[2][order_ref_num][14]/C
  -------------------------------------------------------------------    -------------------
    SLICE_X75Y74         FDRE (Prop_HFF_SLICEL_C_Q)
                                                      0.079     2.299 r  tick2trade_bd_i/tick2trade/inst/u_book/bucket_data_reg[2][order_ref_num][14]/Q
                         net (fo=2, routed)           0.427     2.726    tick2trade_bd_i/tick2trade/inst/u_book/bucket_data_reg[2][order_ref_num][14]
    SLICE_X74Y82         LUT6 (Prop_E6LUT_SLICEM_I5_O)
                                                      0.091     2.817 r  tick2trade_bd_i/tick2trade/inst/u_book/book_mem_reg_0_511_145_145_i_48/O
                         net (fo=1, routed)           0.014     2.831    tick2trade_bd_i/tick2trade/inst/u_book/book_mem_reg_0_511_145_145_i_48_n_0
    SLICE_X74Y82         CARRY8 (Prop_CARRY8_SLICEM_S[4]_CO[7])
                                                      0.156     2.987 r  tick2trade_bd_i/tick2trade/inst/u_book/book_mem_reg_0_511_145_145_i_28/CO[7]
                         net (fo=1, routed)           0.026     3.013    tick2trade_bd_i/tick2trade/inst/u_book/book_mem_reg_0_511_145_145_i_28_n_0
    SLICE_X74Y83         CARRY8 (Prop_CARRY8_SLICEM_CI_CO[7])
                                                      0.015     3.028 r  tick2trade_bd_i/tick2trade/inst/u_book/book_mem_reg_0_511_145_145_i_12/CO[7]
                         net (fo=1, routed)           0.026     3.054    tick2trade_bd_i/tick2trade/inst/u_book/book_mem_reg_0_511_145_145_i_12_n_0
    SLICE_X74Y84         CARRY8 (Prop_CARRY8_SLICEM_CI_CO[5])
                                                      0.077     3.131 r  tick2trade_bd_i/tick2trade/inst/u_book/book_mem_reg_0_511_145_145_i_4/CO[5]
                         net (fo=5, routed)           0.252     3.383    tick2trade_bd_i/tick2trade/inst/u_book/state21_out
    SLICE_X75Y89         LUT4 (Prop_A6LUT_SLICEL_I2_O)
                                                      0.050     3.433 r  tick2trade_bd_i/tick2trade/inst/u_book/miss_count[31]_i_4/O
                         net (fo=53, routed)          0.305     3.738    tick2trade_bd_i/tick2trade/inst/u_book/miss_count[31]_i_4_n_0
    SLICE_X72Y88         LUT6 (Prop_G6LUT_SLICEL_I4_O)
                                                      0.123     3.861 r  tick2trade_bd_i/tick2trade/inst/u_book/shares_removed[4]_i_2/O
                         net (fo=5, routed)           0.430     4.291    tick2trade_bd_i/tick2trade/inst/u_book/shares_removed[4]_i_2_n_0
    SLICE_X68Y96         LUT2 (Prop_E6LUT_SLICEL_I0_O)
                                                      0.099     4.390 r  tick2trade_bd_i/tick2trade/inst/u_book/book_mem_reg_0_511_64_64_i_9/O
                         net (fo=1, routed)           0.007     4.397    tick2trade_bd_i/tick2trade/inst/u_book/book_mem_reg_0_511_64_64_i_9_n_0
    SLICE_X68Y96         CARRY8 (Prop_CARRY8_SLICEL_S[4]_CO[7])
                                                      0.153     4.550 r  tick2trade_bd_i/tick2trade/inst/u_book/book_mem_reg_0_511_64_64_i_4/CO[7]
                         net (fo=1, routed)           0.026     4.576    tick2trade_bd_i/tick2trade/inst/u_book/book_mem_reg_0_511_64_64_i_4_n_0
    SLICE_X68Y97         CARRY8 (Prop_CARRY8_SLICEL_CI_CO[7])
                                                      0.015     4.591 r  tick2trade_bd_i/tick2trade/inst/u_book/book_mem_reg_0_511_72_72_i_3/CO[7]
                         net (fo=1, routed)           0.026     4.617    tick2trade_bd_i/tick2trade/inst/u_book/book_mem_reg_0_511_72_72_i_3_n_0
    SLICE_X68Y98         CARRY8 (Prop_CARRY8_SLICEL_CI_O[6])
                                                      0.103     4.720 r  tick2trade_bd_i/tick2trade/inst/u_book/book_mem_reg_0_511_80_80_i_3/O[6]
                         net (fo=4, routed)           0.296     5.017    tick2trade_bd_i/tick2trade/inst/u_book/book_mem_reg_0_511_80_80_i_3_n_9
    SLICE_X66Y94         LUT6 (Prop_F6LUT_SLICEL_I1_O)
                                                      0.035     5.052 r  tick2trade_bd_i/tick2trade/inst/u_book/book_mem_reg_0_511_566_566_i_1/O
                         net (fo=16, routed)          0.783     5.835    tick2trade_bd_i/tick2trade/inst/u_book/book_mem_reg_0_511_566_566/D
    SLICE_X57Y92         RAMS64E1                                     r  tick2trade_bd_i/tick2trade/inst/u_book/book_mem_reg_0_511_566_566/RAMS64E1_F/I
  -------------------------------------------------------------------    -------------------

                         (clock clk_pl_1 rise edge)
                                                      4.166     4.166 r  
    PS8_X0Y0             PS8                          0.000     4.166 r  tick2trade_bd_i/zynq_ps/inst/PS8_i/PLCLK[1]
                         net (fo=1, routed)           0.143     4.309    tick2trade_bd_i/zynq_ps/inst/pl_clk_unbuffered[1]
    BUFG_PS_X0Y92        BUFG_PS (Prop_BUFG_PS_I_O)
                                                      0.025     4.334 r  tick2trade_bd_i/zynq_ps/inst/buffer_pl_clk_1.PL_CLK_1_BUFG/O
    X1Y2 (CLOCK_ROOT)    net (fo=19641, routed)       1.657     5.991    tick2trade_bd_i/tick2trade/inst/u_book/book_mem_reg_0_511_566_566/WCLK
    SLICE_X57Y92         RAMS64E1                                     r  tick2trade_bd_i/tick2trade/inst/u_book/book_mem_reg_0_511_566_566/RAMS64E1_F/CLK
                         clock pessimism              0.173     6.164    
                         clock uncertainty           -0.087     6.076    
    SLICE_X57Y92         RAMS64E1 (Setup_F6LUT_SLICEM_CLK_I)
                                                     -0.057     6.019    tick2trade_bd_i/tick2trade/inst/u_book/book_mem_reg_0_511_566_566/RAMS64E1_F
  -------------------------------------------------------------------
                         required time                          6.019    
                         arrival time                          -5.835    
  -------------------------------------------------------------------
                         slack                                  0.185    

Slack (MET) :             0.187ns  (required time - arrival time)
  Source:                 tick2trade_bd_i/tick2trade/inst/u_book/bucket_data_reg[2][order_ref_num][14]/C
                            (rising edge-triggered cell FDRE clocked by clk_pl_1  {rise@0.000ns fall@2.083ns period=4.166ns})
  Destination:            tick2trade_bd_i/tick2trade/inst/u_book/book_mem_reg_0_511_566_566/RAMS64E1_A/I
                            (rising edge-triggered cell RAMS64E1 clocked by clk_pl_1  {rise@0.000ns fall@2.083ns period=4.166ns})
  Path Group:             clk_pl_1
  Path Type:              Setup (Max at Slow Process Corner)
  Requirement:            4.166ns  (clk_pl_1 rise@4.166ns - clk_pl_1 rise@0.000ns)
  Data Path Delay:        3.614ns  (logic 0.996ns (27.562%)  route 2.618ns (72.438%))
  Logic Levels:           11  (CARRY8=6 LUT2=1 LUT4=1 LUT6=3)
  Clock Path Skew:        -0.222ns (DCD - SCD + CPR)
    Destination Clock Delay (DCD):    1.825ns = ( 5.991 - 4.166 ) 
    Source Clock Delay      (SCD):    2.220ns
    Clock Pessimism Removal (CPR):    0.173ns
  Clock Uncertainty:      0.087ns  ((TSJ^2 + DJ^2)^1/2) / 2 + PE
    Total System Jitter     (TSJ):    0.071ns
    Discrete Jitter          (DJ):    0.160ns
    Phase Error              (PE):    0.000ns
  Clock Net Delay (Source):      2.012ns (routing 0.657ns, distribution 1.355ns)
  Clock Net Delay (Destination): 1.657ns (routing 0.593ns, distribution 1.064ns)

    Location             Delay type                Incr(ns)  Path(ns)    Netlist Resource(s)
  -------------------------------------------------------------------    -------------------
                         (clock clk_pl_1 rise edge)
                                                      0.000     0.000 r  
    PS8_X0Y0             PS8                          0.000     0.000 r  tick2trade_bd_i/zynq_ps/inst/PS8_i/PLCLK[1]
                         net (fo=1, routed)           0.180     0.180    tick2trade_bd_i/zynq_ps/inst/pl_clk_unbuffered[1]
    BUFG_PS_X0Y92        BUFG_PS (Prop_BUFG_PS_I_O)
                                                      0.028     0.208 r  tick2trade_bd_i/zynq_ps/inst/buffer_pl_clk_1.PL_CLK_1_BUFG/O
    X1Y2 (CLOCK_ROOT)    net (fo=19641, routed)       2.012     2.220    tick2trade_bd_i/tick2trade/inst/u_book/core_clk
    SLICE_X75Y74         FDRE                                         r  tick2trade_bd_i/tick2trade/inst/u_book/bucket_data_reg[2][order_ref_num][14]/C
  -------------------------------------------------------------------    -------------------
    SLICE_X75Y74         FDRE (Prop_HFF_SLICEL_C_Q)
                                                      0.079     2.299 r  tick2trade_bd_i/tick2trade/inst/u_book/bucket_data_reg[2][order_ref_num][14]/Q
                         net (fo=2, routed)           0.427     2.726    tick2trade_bd_i/tick2trade/inst/u_book/bucket_data_reg[2][order_ref_num][14]
    SLICE_X74Y82         LUT6 (Prop_E6LUT_SLICEM_I5_O)
                                                      0.091     2.817 r  tick2trade_bd_i/tick2trade/inst/u_book/book_mem_reg_0_511_145_145_i_48/O
                         net (fo=1, routed)           0.014     2.831    tick2trade_bd_i/tick2trade/inst/u_book/book_mem_reg_0_511_145_145_i_48_n_0
    SLICE_X74Y82         CARRY8 (Prop_CARRY8_SLICEM_S[4]_CO[7])
                                                      0.156     2.987 r  tick2trade_bd_i/tick2trade/inst/u_book/book_mem_reg_0_511_145_145_i_28/CO[7]
                         net (fo=1, routed)           0.026     3.013    tick2trade_bd_i/tick2trade/inst/u_book/book_mem_reg_0_511_145_145_i_28_n_0
    SLICE_X74Y83         CARRY8 (Prop_CARRY8_SLICEM_CI_CO[7])
                                                      0.015     3.028 r  tick2trade_bd_i/tick2trade/inst/u_book/book_mem_reg_0_511_145_145_i_12/CO[7]
                         net (fo=1, routed)           0.026     3.054    tick2trade_bd_i/tick2trade/inst/u_book/book_mem_reg_0_511_145_145_i_12_n_0
    SLICE_X74Y84         CARRY8 (Prop_CARRY8_SLICEM_CI_CO[5])
                                                      0.077     3.131 r  tick2trade_bd_i/tick2trade/inst/u_book/book_mem_reg_0_511_145_145_i_4/CO[5]
                         net (fo=5, routed)           0.252     3.383    tick2trade_bd_i/tick2trade/inst/u_book/state21_out
    SLICE_X75Y89         LUT4 (Prop_A6LUT_SLICEL_I2_O)
                                                      0.050     3.433 r  tick2trade_bd_i/tick2trade/inst/u_book/miss_count[31]_i_4/O
                         net (fo=53, routed)          0.305     3.738    tick2trade_bd_i/tick2trade/inst/u_book/miss_count[31]_i_4_n_0
    SLICE_X72Y88         LUT6 (Prop_G6LUT_SLICEL_I4_O)
                                                      0.123     3.861 r  tick2trade_bd_i/tick2trade/inst/u_book/shares_removed[4]_i_2/O
                         net (fo=5, routed)           0.430     4.291    tick2trade_bd_i/tick2trade/inst/u_book/shares_removed[4]_i_2_n_0
    SLICE_X68Y96         LUT2 (Prop_E6LUT_SLICEL_I0_O)
                                                      0.099     4.390 r  tick2trade_bd_i/tick2trade/inst/u_book/book_mem_reg_0_511_64_64_i_9/O
                         net (fo=1, routed)           0.007     4.397    tick2trade_bd_i/tick2trade/inst/u_book/book_mem_reg_0_511_64_64_i_9_n_0
    SLICE_X68Y96         CARRY8 (Prop_CARRY8_SLICEL_S[4]_CO[7])
                                                      0.153     4.550 r  tick2trade_bd_i/tick2trade/inst/u_book/book_mem_reg_0_511_64_64_i_4/CO[7]
                         net (fo=1, routed)           0.026     4.576    tick2trade_bd_i/tick2trade/inst/u_book/book_mem_reg_0_511_64_64_i_4_n_0
    SLICE_X68Y97         CARRY8 (Prop_CARRY8_SLICEL_CI_CO[7])
                                                      0.015     4.591 r  tick2trade_bd_i/tick2trade/inst/u_book/book_mem_reg_0_511_72_72_i_3/CO[7]
                         net (fo=1, routed)           0.026     4.617    tick2trade_bd_i/tick2trade/inst/u_book/book_mem_reg_0_511_72_72_i_3_n_0
    SLICE_X68Y98         CARRY8 (Prop_CARRY8_SLICEL_CI_O[6])
                                                      0.103     4.720 r  tick2trade_bd_i/tick2trade/inst/u_book/book_mem_reg_0_511_80_80_i_3/O[6]
                         net (fo=4, routed)           0.296     5.017    tick2trade_bd_i/tick2trade/inst/u_book/book_mem_reg_0_511_80_80_i_3_n_9
    SLICE_X66Y94         LUT6 (Prop_F6LUT_SLICEL_I1_O)
                                                      0.035     5.052 r  tick2trade_bd_i/tick2trade/inst/u_book/book_mem_reg_0_511_566_566_i_1/O
                         net (fo=16, routed)          0.782     5.833    tick2trade_bd_i/tick2trade/inst/u_book/book_mem_reg_0_511_566_566/D
    SLICE_X57Y92         RAMS64E1                                     r  tick2trade_bd_i/tick2trade/inst/u_book/book_mem_reg_0_511_566_566/RAMS64E1_A/I
  -------------------------------------------------------------------    -------------------

                         (clock clk_pl_1 rise edge)
                                                      4.166     4.166 r  
    PS8_X0Y0             PS8                          0.000     4.166 r  tick2trade_bd_i/zynq_ps/inst/PS8_i/PLCLK[1]
                         net (fo=1, routed)           0.143     4.309    tick2trade_bd_i/zynq_ps/inst/pl_clk_unbuffered[1]
    BUFG_PS_X0Y92        BUFG_PS (Prop_BUFG_PS_I_O)
                                                      0.025     4.334 r  tick2trade_bd_i/zynq_ps/inst/buffer_pl_clk_1.PL_CLK_1_BUFG/O
    X1Y2 (CLOCK_ROOT)    net (fo=19641, routed)       1.657     5.991    tick2trade_bd_i/tick2trade/inst/u_book/book_mem_reg_0_511_566_566/WCLK
    SLICE_X57Y92         RAMS64E1                                     r  tick2trade_bd_i/tick2trade/inst/u_book/book_mem_reg_0_511_566_566/RAMS64E1_A/CLK
                         clock pessimism              0.173     6.164    
                         clock uncertainty           -0.087     6.076    
    SLICE_X57Y92         RAMS64E1 (Setup_A6LUT_SLICEM_CLK_I)
                                                     -0.056     6.020    tick2trade_bd_i/tick2trade/inst/u_book/book_mem_reg_0_511_566_566/RAMS64E1_A
  -------------------------------------------------------------------
                         required time                          6.020    
                         arrival time                          -5.833    
  -------------------------------------------------------------------
                         slack                                  0.187    

Slack (MET) :             0.188ns  (required time - arrival time)
  Source:                 tick2trade_bd_i/tick2trade/inst/u_book/bucket_data_reg[2][order_ref_num][14]/C
                            (rising edge-triggered cell FDRE clocked by clk_pl_1  {rise@0.000ns fall@2.083ns period=4.166ns})
  Destination:            tick2trade_bd_i/tick2trade/inst/u_book/book_mem_reg_0_511_566_566/RAMS64E1_G/I
                            (rising edge-triggered cell RAMS64E1 clocked by clk_pl_1  {rise@0.000ns fall@2.083ns period=4.166ns})
  Path Group:             clk_pl_1
  Path Type:              Setup (Max at Slow Process Corner)
  Requirement:            4.166ns  (clk_pl_1 rise@4.166ns - clk_pl_1 rise@0.000ns)
  Data Path Delay:        3.613ns  (logic 0.996ns (27.565%)  route 2.617ns (72.435%))
  Logic Levels:           11  (CARRY8=6 LUT2=1 LUT4=1 LUT6=3)
  Clock Path Skew:        -0.222ns (DCD - SCD + CPR)
    Destination Clock Delay (DCD):    1.825ns = ( 5.991 - 4.166 ) 
    Source Clock Delay      (SCD):    2.220ns
    Clock Pessimism Removal (CPR):    0.173ns
  Clock Uncertainty:      0.087ns  ((TSJ^2 + DJ^2)^1/2) / 2 + PE
    Total System Jitter     (TSJ):    0.071ns
    Discrete Jitter          (DJ):    0.160ns
    Phase Error              (PE):    0.000ns
  Clock Net Delay (Source):      2.012ns (routing 0.657ns, distribution 1.355ns)
  Clock Net Delay (Destination): 1.657ns (routing 0.593ns, distribution 1.064ns)

    Location             Delay type                Incr(ns)  Path(ns)    Netlist Resource(s)
  -------------------------------------------------------------------    -------------------
                         (clock clk_pl_1 rise edge)
                                                      0.000     0.000 r  
    PS8_X0Y0             PS8                          0.000     0.000 r  tick2trade_bd_i/zynq_ps/inst/PS8_i/PLCLK[1]
                         net (fo=1, routed)           0.180     0.180    tick2trade_bd_i/zynq_ps/inst/pl_clk_unbuffered[1]
    BUFG_PS_X0Y92        BUFG_PS (Prop_BUFG_PS_I_O)
                                                      0.028     0.208 r  tick2trade_bd_i/zynq_ps/inst/buffer_pl_clk_1.PL_CLK_1_BUFG/O
    X1Y2 (CLOCK_ROOT)    net (fo=19641, routed)       2.012     2.220    tick2trade_bd_i/tick2trade/inst/u_book/core_clk
    SLICE_X75Y74         FDRE                                         r  tick2trade_bd_i/tick2trade/inst/u_book/bucket_data_reg[2][order_ref_num][14]/C
  -------------------------------------------------------------------    -------------------
    SLICE_X75Y74         FDRE (Prop_HFF_SLICEL_C_Q)
                                                      0.079     2.299 r  tick2trade_bd_i/tick2trade/inst/u_book/bucket_data_reg[2][order_ref_num][14]/Q
                         net (fo=2, routed)           0.427     2.726    tick2trade_bd_i/tick2trade/inst/u_book/bucket_data_reg[2][order_ref_num][14]
    SLICE_X74Y82         LUT6 (Prop_E6LUT_SLICEM_I5_O)
                                                      0.091     2.817 r  tick2trade_bd_i/tick2trade/inst/u_book/book_mem_reg_0_511_145_145_i_48/O
                         net (fo=1, routed)           0.014     2.831    tick2trade_bd_i/tick2trade/inst/u_book/book_mem_reg_0_511_145_145_i_48_n_0
    SLICE_X74Y82         CARRY8 (Prop_CARRY8_SLICEM_S[4]_CO[7])
                                                      0.156     2.987 r  tick2trade_bd_i/tick2trade/inst/u_book/book_mem_reg_0_511_145_145_i_28/CO[7]
                         net (fo=1, routed)           0.026     3.013    tick2trade_bd_i/tick2trade/inst/u_book/book_mem_reg_0_511_145_145_i_28_n_0
    SLICE_X74Y83         CARRY8 (Prop_CARRY8_SLICEM_CI_CO[7])
                                                      0.015     3.028 r  tick2trade_bd_i/tick2trade/inst/u_book/book_mem_reg_0_511_145_145_i_12/CO[7]
                         net (fo=1, routed)           0.026     3.054    tick2trade_bd_i/tick2trade/inst/u_book/book_mem_reg_0_511_145_145_i_12_n_0
    SLICE_X74Y84         CARRY8 (Prop_CARRY8_SLICEM_CI_CO[5])
                                                      0.077     3.131 r  tick2trade_bd_i/tick2trade/inst/u_book/book_mem_reg_0_511_145_145_i_4/CO[5]
                         net (fo=5, routed)           0.252     3.383    tick2trade_bd_i/tick2trade/inst/u_book/state21_out
    SLICE_X75Y89         LUT4 (Prop_A6LUT_SLICEL_I2_O)
                                                      0.050     3.433 r  tick2trade_bd_i/tick2trade/inst/u_book/miss_count[31]_i_4/O
                         net (fo=53, routed)          0.305     3.738    tick2trade_bd_i/tick2trade/inst/u_book/miss_count[31]_i_4_n_0
    SLICE_X72Y88         LUT6 (Prop_G6LUT_SLICEL_I4_O)
                                                      0.123     3.861 r  tick2trade_bd_i/tick2trade/inst/u_book/shares_removed[4]_i_2/O
                         net (fo=5, routed)           0.430     4.291    tick2trade_bd_i/tick2trade/inst/u_book/shares_removed[4]_i_2_n_0
    SLICE_X68Y96         LUT2 (Prop_E6LUT_SLICEL_I0_O)
                                                      0.099     4.390 r  tick2trade_bd_i/tick2trade/inst/u_book/book_mem_reg_0_511_64_64_i_9/O
                         net (fo=1, routed)           0.007     4.397    tick2trade_bd_i/tick2trade/inst/u_book/book_mem_reg_0_511_64_64_i_9_n_0
    SLICE_X68Y96         CARRY8 (Prop_CARRY8_SLICEL_S[4]_CO[7])
                                                      0.153     4.550 r  tick2trade_bd_i/tick2trade/inst/u_book/book_mem_reg_0_511_64_64_i_4/CO[7]
                         net (fo=1, routed)           0.026     4.576    tick2trade_bd_i/tick2trade/inst/u_book/book_mem_reg_0_511_64_64_i_4_n_0
    SLICE_X68Y97         CARRY8 (Prop_CARRY8_SLICEL_CI_CO[7])
                                                      0.015     4.591 r  tick2trade_bd_i/tick2trade/inst/u_book/book_mem_reg_0_511_72_72_i_3/CO[7]
                         net (fo=1, routed)           0.026     4.617    tick2trade_bd_i/tick2trade/inst/u_book/book_mem_reg_0_511_72_72_i_3_n_0
    SLICE_X68Y98         CARRY8 (Prop_CARRY8_SLICEL_CI_O[6])
                                                      0.103     4.720 r  tick2trade_bd_i/tick2trade/inst/u_book/book_mem_reg_0_511_80_80_i_3/O[6]
                         net (fo=4, routed)           0.296     5.017    tick2trade_bd_i/tick2trade/inst/u_book/book_mem_reg_0_511_80_80_i_3_n_9
    SLICE_X66Y94         LUT6 (Prop_F6LUT_SLICEL_I1_O)
                                                      0.035     5.052 r  tick2trade_bd_i/tick2trade/inst/u_book/book_mem_reg_0_511_566_566_i_1/O
                         net (fo=16, routed)          0.781     5.833    tick2trade_bd_i/tick2trade/inst/u_book/book_mem_reg_0_511_566_566/D
    SLICE_X57Y92         RAMS64E1                                     r  tick2trade_bd_i/tick2trade/inst/u_book/book_mem_reg_0_511_566_566/RAMS64E1_G/I
  -------------------------------------------------------------------    -------------------

                         (clock clk_pl_1 rise edge)
                                                      4.166     4.166 r  
    PS8_X0Y0             PS8                          0.000     4.166 r  tick2trade_bd_i/zynq_ps/inst/PS8_i/PLCLK[1]
                         net (fo=1, routed)           0.143     4.309    tick2trade_bd_i/zynq_ps/inst/pl_clk_unbuffered[1]
    BUFG_PS_X0Y92        BUFG_PS (Prop_BUFG_PS_I_O)
                                                      0.025     4.334 r  tick2trade_bd_i/zynq_ps/inst/buffer_pl_clk_1.PL_CLK_1_BUFG/O
    X1Y2 (CLOCK_ROOT)    net (fo=19641, routed)       1.657     5.991    tick2trade_bd_i/tick2trade/inst/u_book/book_mem_reg_0_511_566_566/WCLK
    SLICE_X57Y92         RAMS64E1                                     r  tick2trade_bd_i/tick2trade/inst/u_book/book_mem_reg_0_511_566_566/RAMS64E1_G/CLK
                         clock pessimism              0.173     6.164    
                         clock uncertainty           -0.087     6.076    
    SLICE_X57Y92         RAMS64E1 (Setup_G6LUT_SLICEM_CLK_I)
                                                     -0.056     6.020    tick2trade_bd_i/tick2trade/inst/u_book/book_mem_reg_0_511_566_566/RAMS64E1_G
  -------------------------------------------------------------------
                         required time                          6.020    
                         arrival time                          -5.833    
  -------------------------------------------------------------------
                         slack                                  0.188    

Slack (MET) :             0.191ns  (required time - arrival time)
  Source:                 tick2trade_bd_i/tick2trade/inst/u_book/bucket_data_reg[2][order_ref_num][14]/C
                            (rising edge-triggered cell FDRE clocked by clk_pl_1  {rise@0.000ns fall@2.083ns period=4.166ns})
  Destination:            tick2trade_bd_i/tick2trade/inst/u_book/book_mem_reg_0_511_566_566/RAMS64E1_E/I
                            (rising edge-triggered cell RAMS64E1 clocked by clk_pl_1  {rise@0.000ns fall@2.083ns period=4.166ns})
  Path Group:             clk_pl_1
  Path Type:              Setup (Max at Slow Process Corner)
  Requirement:            4.166ns  (clk_pl_1 rise@4.166ns - clk_pl_1 rise@0.000ns)
  Data Path Delay:        3.609ns  (logic 0.996ns (27.598%)  route 2.613ns (72.402%))
  Logic Levels:           11  (CARRY8=6 LUT2=1 LUT4=1 LUT6=3)
  Clock Path Skew:        -0.222ns (DCD - SCD + CPR)
    Destination Clock Delay (DCD):    1.825ns = ( 5.991 - 4.166 ) 
    Source Clock Delay      (SCD):    2.220ns
    Clock Pessimism Removal (CPR):    0.173ns
  Clock Uncertainty:      0.087ns  ((TSJ^2 + DJ^2)^1/2) / 2 + PE
    Total System Jitter     (TSJ):    0.071ns
    Discrete Jitter          (DJ):    0.160ns
    Phase Error              (PE):    0.000ns
  Clock Net Delay (Source):      2.012ns (routing 0.657ns, distribution 1.355ns)
  Clock Net Delay (Destination): 1.657ns (routing 0.593ns, distribution 1.064ns)

    Location             Delay type                Incr(ns)  Path(ns)    Netlist Resource(s)
  -------------------------------------------------------------------    -------------------
                         (clock clk_pl_1 rise edge)
                                                      0.000     0.000 r  
    PS8_X0Y0             PS8                          0.000     0.000 r  tick2trade_bd_i/zynq_ps/inst/PS8_i/PLCLK[1]
                         net (fo=1, routed)           0.180     0.180    tick2trade_bd_i/zynq_ps/inst/pl_clk_unbuffered[1]
    BUFG_PS_X0Y92        BUFG_PS (Prop_BUFG_PS_I_O)
                                                      0.028     0.208 r  tick2trade_bd_i/zynq_ps/inst/buffer_pl_clk_1.PL_CLK_1_BUFG/O
    X1Y2 (CLOCK_ROOT)    net (fo=19641, routed)       2.012     2.220    tick2trade_bd_i/tick2trade/inst/u_book/core_clk
    SLICE_X75Y74         FDRE                                         r  tick2trade_bd_i/tick2trade/inst/u_book/bucket_data_reg[2][order_ref_num][14]/C
  -------------------------------------------------------------------    -------------------
    SLICE_X75Y74         FDRE (Prop_HFF_SLICEL_C_Q)
                                                      0.079     2.299 r  tick2trade_bd_i/tick2trade/inst/u_book/bucket_data_reg[2][order_ref_num][14]/Q
                         net (fo=2, routed)           0.427     2.726    tick2trade_bd_i/tick2trade/inst/u_book/bucket_data_reg[2][order_ref_num][14]
    SLICE_X74Y82         LUT6 (Prop_E6LUT_SLICEM_I5_O)
                                                      0.091     2.817 r  tick2trade_bd_i/tick2trade/inst/u_book/book_mem_reg_0_511_145_145_i_48/O
                         net (fo=1, routed)           0.014     2.831    tick2trade_bd_i/tick2trade/inst/u_book/book_mem_reg_0_511_145_145_i_48_n_0
    SLICE_X74Y82         CARRY8 (Prop_CARRY8_SLICEM_S[4]_CO[7])
                                                      0.156     2.987 r  tick2trade_bd_i/tick2trade/inst/u_book/book_mem_reg_0_511_145_145_i_28/CO[7]
                         net (fo=1, routed)           0.026     3.013    tick2trade_bd_i/tick2trade/inst/u_book/book_mem_reg_0_511_145_145_i_28_n_0
    SLICE_X74Y83         CARRY8 (Prop_CARRY8_SLICEM_CI_CO[7])
                                                      0.015     3.028 r  tick2trade_bd_i/tick2trade/inst/u_book/book_mem_reg_0_511_145_145_i_12/CO[7]
                         net (fo=1, routed)           0.026     3.054    tick2trade_bd_i/tick2trade/inst/u_book/book_mem_reg_0_511_145_145_i_12_n_0
    SLICE_X74Y84         CARRY8 (Prop_CARRY8_SLICEM_CI_CO[5])
                                                      0.077     3.131 r  tick2trade_bd_i/tick2trade/inst/u_book/book_mem_reg_0_511_145_145_i_4/CO[5]
                         net (fo=5, routed)           0.252     3.383    tick2trade_bd_i/tick2trade/inst/u_book/state21_out
    SLICE_X75Y89         LUT4 (Prop_A6LUT_SLICEL_I2_O)
                                                      0.050     3.433 r  tick2trade_bd_i/tick2trade/inst/u_book/miss_count[31]_i_4/O
                         net (fo=53, routed)          0.305     3.738    tick2trade_bd_i/tick2trade/inst/u_book/miss_count[31]_i_4_n_0
    SLICE_X72Y88         LUT6 (Prop_G6LUT_SLICEL_I4_O)
                                                      0.123     3.861 r  tick2trade_bd_i/tick2trade/inst/u_book/shares_removed[4]_i_2/O
                         net (fo=5, routed)           0.430     4.291    tick2trade_bd_i/tick2trade/inst/u_book/shares_removed[4]_i_2_n_0
    SLICE_X68Y96         LUT2 (Prop_E6LUT_SLICEL_I0_O)
                                                      0.099     4.390 r  tick2trade_bd_i/tick2trade/inst/u_book/book_mem_reg_0_511_64_64_i_9/O
                         net (fo=1, routed)           0.007     4.397    tick2trade_bd_i/tick2trade/inst/u_book/book_mem_reg_0_511_64_64_i_9_n_0
    SLICE_X68Y96         CARRY8 (Prop_CARRY8_SLICEL_S[4]_CO[7])
                                                      0.153     4.550 r  tick2trade_bd_i/tick2trade/inst/u_book/book_mem_reg_0_511_64_64_i_4/CO[7]
                         net (fo=1, routed)           0.026     4.576    tick2trade_bd_i/tick2trade/inst/u_book/book_mem_reg_0_511_64_64_i_4_n_0
    SLICE_X68Y97         CARRY8 (Prop_CARRY8_SLICEL_CI_CO[7])
                                                      0.015     4.591 r  tick2trade_bd_i/tick2trade/inst/u_book/book_mem_reg_0_511_72_72_i_3/CO[7]
                         net (fo=1, routed)           0.026     4.617    tick2trade_bd_i/tick2trade/inst/u_book/book_mem_reg_0_511_72_72_i_3_n_0
    SLICE_X68Y98         CARRY8 (Prop_CARRY8_SLICEL_CI_O[6])
                                                      0.103     4.720 r  tick2trade_bd_i/tick2trade/inst/u_book/book_mem_reg_0_511_80_80_i_3/O[6]
                         net (fo=4, routed)           0.296     5.017    tick2trade_bd_i/tick2trade/inst/u_book/book_mem_reg_0_511_80_80_i_3_n_9
    SLICE_X66Y94         LUT6 (Prop_F6LUT_SLICEL_I1_O)
                                                      0.035     5.052 r  tick2trade_bd_i/tick2trade/inst/u_book/book_mem_reg_0_511_566_566_i_1/O
                         net (fo=16, routed)          0.777     5.829    tick2trade_bd_i/tick2trade/inst/u_book/book_mem_reg_0_511_566_566/D
    SLICE_X57Y92         RAMS64E1                                     r  tick2trade_bd_i/tick2trade/inst/u_book/book_mem_reg_0_511_566_566/RAMS64E1_E/I
  -------------------------------------------------------------------    -------------------

                         (clock clk_pl_1 rise edge)
                                                      4.166     4.166 r  
    PS8_X0Y0             PS8                          0.000     4.166 r  tick2trade_bd_i/zynq_ps/inst/PS8_i/PLCLK[1]
                         net (fo=1, routed)           0.143     4.309    tick2trade_bd_i/zynq_ps/inst/pl_clk_unbuffered[1]
    BUFG_PS_X0Y92        BUFG_PS (Prop_BUFG_PS_I_O)
                                                      0.025     4.334 r  tick2trade_bd_i/zynq_ps/inst/buffer_pl_clk_1.PL_CLK_1_BUFG/O
    X1Y2 (CLOCK_ROOT)    net (fo=19641, routed)       1.657     5.991    tick2trade_bd_i/tick2trade/inst/u_book/book_mem_reg_0_511_566_566/WCLK
    SLICE_X57Y92         RAMS64E1                                     r  tick2trade_bd_i/tick2trade/inst/u_book/book_mem_reg_0_511_566_566/RAMS64E1_E/CLK
                         clock pessimism              0.173     6.164    
                         clock uncertainty           -0.087     6.076    
    SLICE_X57Y92         RAMS64E1 (Setup_E6LUT_SLICEM_CLK_I)
                                                     -0.057     6.019    tick2trade_bd_i/tick2trade/inst/u_book/book_mem_reg_0_511_566_566/RAMS64E1_E
  -------------------------------------------------------------------
                         required time                          6.019    
                         arrival time                          -5.829    
  -------------------------------------------------------------------
                         slack                                  0.191    

Slack (MET) :             0.191ns  (required time - arrival time)
  Source:                 tick2trade_bd_i/tick2trade/inst/u_book/bucket_data_reg[2][order_ref_num][14]/C
                            (rising edge-triggered cell FDRE clocked by clk_pl_1  {rise@0.000ns fall@2.083ns period=4.166ns})
  Destination:            tick2trade_bd_i/tick2trade/inst/u_book/book_mem_reg_0_511_566_566/RAMS64E1_B/I
                            (rising edge-triggered cell RAMS64E1 clocked by clk_pl_1  {rise@0.000ns fall@2.083ns period=4.166ns})
  Path Group:             clk_pl_1
  Path Type:              Setup (Max at Slow Process Corner)
  Requirement:            4.166ns  (clk_pl_1 rise@4.166ns - clk_pl_1 rise@0.000ns)
  Data Path Delay:        3.610ns  (logic 0.996ns (27.593%)  route 2.614ns (72.407%))
  Logic Levels:           11  (CARRY8=6 LUT2=1 LUT4=1 LUT6=3)
  Clock Path Skew:        -0.222ns (DCD - SCD + CPR)
    Destination Clock Delay (DCD):    1.825ns = ( 5.991 - 4.166 ) 
    Source Clock Delay      (SCD):    2.220ns
    Clock Pessimism Removal (CPR):    0.173ns
  Clock Uncertainty:      0.087ns  ((TSJ^2 + DJ^2)^1/2) / 2 + PE
    Total System Jitter     (TSJ):    0.071ns
    Discrete Jitter          (DJ):    0.160ns
    Phase Error              (PE):    0.000ns
  Clock Net Delay (Source):      2.012ns (routing 0.657ns, distribution 1.355ns)
  Clock Net Delay (Destination): 1.657ns (routing 0.593ns, distribution 1.064ns)

    Location             Delay type                Incr(ns)  Path(ns)    Netlist Resource(s)
  -------------------------------------------------------------------    -------------------
                         (clock clk_pl_1 rise edge)
                                                      0.000     0.000 r  
    PS8_X0Y0             PS8                          0.000     0.000 r  tick2trade_bd_i/zynq_ps/inst/PS8_i/PLCLK[1]
                         net (fo=1, routed)           0.180     0.180    tick2trade_bd_i/zynq_ps/inst/pl_clk_unbuffered[1]
    BUFG_PS_X0Y92        BUFG_PS (Prop_BUFG_PS_I_O)
                                                      0.028     0.208 r  tick2trade_bd_i/zynq_ps/inst/buffer_pl_clk_1.PL_CLK_1_BUFG/O
    X1Y2 (CLOCK_ROOT)    net (fo=19641, routed)       2.012     2.220    tick2trade_bd_i/tick2trade/inst/u_book/core_clk
    SLICE_X75Y74         FDRE                                         r  tick2trade_bd_i/tick2trade/inst/u_book/bucket_data_reg[2][order_ref_num][14]/C
  -------------------------------------------------------------------    -------------------
    SLICE_X75Y74         FDRE (Prop_HFF_SLICEL_C_Q)
                                                      0.079     2.299 r  tick2trade_bd_i/tick2trade/inst/u_book/bucket_data_reg[2][order_ref_num][14]/Q
                         net (fo=2, routed)           0.427     2.726    tick2trade_bd_i/tick2trade/inst/u_book/bucket_data_reg[2][order_ref_num][14]
    SLICE_X74Y82         LUT6 (Prop_E6LUT_SLICEM_I5_O)
                                                      0.091     2.817 r  tick2trade_bd_i/tick2trade/inst/u_book/book_mem_reg_0_511_145_145_i_48/O
                         net (fo=1, routed)           0.014     2.831    tick2trade_bd_i/tick2trade/inst/u_book/book_mem_reg_0_511_145_145_i_48_n_0
    SLICE_X74Y82         CARRY8 (Prop_CARRY8_SLICEM_S[4]_CO[7])
                                                      0.156     2.987 r  tick2trade_bd_i/tick2trade/inst/u_book/book_mem_reg_0_511_145_145_i_28/CO[7]
                         net (fo=1, routed)           0.026     3.013    tick2trade_bd_i/tick2trade/inst/u_book/book_mem_reg_0_511_145_145_i_28_n_0
    SLICE_X74Y83         CARRY8 (Prop_CARRY8_SLICEM_CI_CO[7])
                                                      0.015     3.028 r  tick2trade_bd_i/tick2trade/inst/u_book/book_mem_reg_0_511_145_145_i_12/CO[7]
                         net (fo=1, routed)           0.026     3.054    tick2trade_bd_i/tick2trade/inst/u_book/book_mem_reg_0_511_145_145_i_12_n_0
    SLICE_X74Y84         CARRY8 (Prop_CARRY8_SLICEM_CI_CO[5])
                                                      0.077     3.131 r  tick2trade_bd_i/tick2trade/inst/u_book/book_mem_reg_0_511_145_145_i_4/CO[5]
                         net (fo=5, routed)           0.252     3.383    tick2trade_bd_i/tick2trade/inst/u_book/state21_out
    SLICE_X75Y89         LUT4 (Prop_A6LUT_SLICEL_I2_O)
                                                      0.050     3.433 r  tick2trade_bd_i/tick2trade/inst/u_book/miss_count[31]_i_4/O
                         net (fo=53, routed)          0.305     3.738    tick2trade_bd_i/tick2trade/inst/u_book/miss_count[31]_i_4_n_0
    SLICE_X72Y88         LUT6 (Prop_G6LUT_SLICEL_I4_O)
                                                      0.123     3.861 r  tick2trade_bd_i/tick2trade/inst/u_book/shares_removed[4]_i_2/O
                         net (fo=5, routed)           0.430     4.291    tick2trade_bd_i/tick2trade/inst/u_book/shares_removed[4]_i_2_n_0
    SLICE_X68Y96         LUT2 (Prop_E6LUT_SLICEL_I0_O)
                                                      0.099     4.390 r  tick2trade_bd_i/tick2trade/inst/u_book/book_mem_reg_0_511_64_64_i_9/O
                         net (fo=1, routed)           0.007     4.397    tick2trade_bd_i/tick2trade/inst/u_book/book_mem_reg_0_511_64_64_i_9_n_0
    SLICE_X68Y96         CARRY8 (Prop_CARRY8_SLICEL_S[4]_CO[7])
                                                      0.153     4.550 r  tick2trade_bd_i/tick2trade/inst/u_book/book_mem_reg_0_511_64_64_i_4/CO[7]
                         net (fo=1, routed)           0.026     4.576    tick2trade_bd_i/tick2trade/inst/u_book/book_mem_reg_0_511_64_64_i_4_n_0
    SLICE_X68Y97         CARRY8 (Prop_CARRY8_SLICEL_CI_CO[7])
                                                      0.015     4.591 r  tick2trade_bd_i/tick2trade/inst/u_book/book_mem_reg_0_511_72_72_i_3/CO[7]
                         net (fo=1, routed)           0.026     4.617    tick2trade_bd_i/tick2trade/inst/u_book/book_mem_reg_0_511_72_72_i_3_n_0
    SLICE_X68Y98         CARRY8 (Prop_CARRY8_SLICEL_CI_O[6])
                                                      0.103     4.720 r  tick2trade_bd_i/tick2trade/inst/u_book/book_mem_reg_0_511_80_80_i_3/O[6]
                         net (fo=4, routed)           0.296     5.017    tick2trade_bd_i/tick2trade/inst/u_book/book_mem_reg_0_511_80_80_i_3_n_9
    SLICE_X66Y94         LUT6 (Prop_F6LUT_SLICEL_I1_O)
                                                      0.035     5.052 r  tick2trade_bd_i/tick2trade/inst/u_book/book_mem_reg_0_511_566_566_i_1/O
                         net (fo=16, routed)          0.778     5.829    tick2trade_bd_i/tick2trade/inst/u_book/book_mem_reg_0_511_566_566/D
    SLICE_X57Y92         RAMS64E1                                     r  tick2trade_bd_i/tick2trade/inst/u_book/book_mem_reg_0_511_566_566/RAMS64E1_B/I
  -------------------------------------------------------------------    -------------------

                         (clock clk_pl_1 rise edge)
                                                      4.166     4.166 r  
    PS8_X0Y0             PS8                          0.000     4.166 r  tick2trade_bd_i/zynq_ps/inst/PS8_i/PLCLK[1]
                         net (fo=1, routed)           0.143     4.309    tick2trade_bd_i/zynq_ps/inst/pl_clk_unbuffered[1]
    BUFG_PS_X0Y92        BUFG_PS (Prop_BUFG_PS_I_O)
                                                      0.025     4.334 r  tick2trade_bd_i/zynq_ps/inst/buffer_pl_clk_1.PL_CLK_1_BUFG/O
    X1Y2 (CLOCK_ROOT)    net (fo=19641, routed)       1.657     5.991    tick2trade_bd_i/tick2trade/inst/u_book/book_mem_reg_0_511_566_566/WCLK
    SLICE_X57Y92         RAMS64E1                                     r  tick2trade_bd_i/tick2trade/inst/u_book/book_mem_reg_0_511_566_566/RAMS64E1_B/CLK
                         clock pessimism              0.173     6.164    
                         clock uncertainty           -0.087     6.076    
    SLICE_X57Y92         RAMS64E1 (Setup_B6LUT_SLICEM_CLK_I)
                                                     -0.056     6.020    tick2trade_bd_i/tick2trade/inst/u_book/book_mem_reg_0_511_566_566/RAMS64E1_B
  -------------------------------------------------------------------
                         required time                          6.020    
                         arrival time                          -5.829    
  -------------------------------------------------------------------
                         slack                                  0.191    





Min Delay Paths
--------------------------------------------------------------------------------------
Slack (MET) :             0.010ns  (arrival time - required time)
  Source:                 tick2trade_bd_i/tick2trade/inst/u_book/curr_level_reg[3]_rep__11/C
                            (rising edge-triggered cell FDRE clocked by clk_pl_1  {rise@0.000ns fall@2.083ns period=4.166ns})
  Destination:            tick2trade_bd_i/tick2trade/inst/u_book/ask_levels_reg_256_511_29_29/DP.A/WADR3
                            (rising edge-triggered cell RAMD64E clocked by clk_pl_1  {rise@0.000ns fall@2.083ns period=4.166ns})
  Path Group:             clk_pl_1
  Path Type:              Hold (Min at Slow Process Corner)
  Requirement:            0.000ns  (clk_pl_1 rise@0.000ns - clk_pl_1 rise@0.000ns)
  Data Path Delay:        0.215ns  (logic 0.060ns (27.858%)  route 0.155ns (72.142%))
  Logic Levels:           0  
  Clock Path Skew:        0.114ns (DCD - SCD - CPR)
    Destination Clock Delay (DCD):    2.245ns
    Source Clock Delay      (SCD):    1.952ns
    Clock Pessimism Removal (CPR):    0.179ns
  Clock Net Delay (Source):      1.784ns (routing 0.593ns, distribution 1.191ns)
  Clock Net Delay (Destination): 2.037ns (routing 0.657ns, distribution 1.380ns)

    Location             Delay type                Incr(ns)  Path(ns)    Netlist Resource(s)
  -------------------------------------------------------------------    -------------------
                         (clock clk_pl_1 rise edge)
                                                      0.000     0.000 r  
    PS8_X0Y0             PS8                          0.000     0.000 r  tick2trade_bd_i/zynq_ps/inst/PS8_i/PLCLK[1]
                         net (fo=1, routed)           0.143     0.143    tick2trade_bd_i/zynq_ps/inst/pl_clk_unbuffered[1]
    BUFG_PS_X0Y92        BUFG_PS (Prop_BUFG_PS_I_O)
                                                      0.025     0.168 r  tick2trade_bd_i/zynq_ps/inst/buffer_pl_clk_1.PL_CLK_1_BUFG/O
    X1Y2 (CLOCK_ROOT)    net (fo=19641, routed)       1.784     1.952    tick2trade_bd_i/tick2trade/inst/u_book/core_clk
    SLICE_X84Y110        FDRE                                         r  tick2trade_bd_i/tick2trade/inst/u_book/curr_level_reg[3]_rep__11/C
  -------------------------------------------------------------------    -------------------
    SLICE_X84Y110        FDRE (Prop_GFF2_SLICEM_C_Q)
                                                      0.060     2.012 r  tick2trade_bd_i/tick2trade/inst/u_book/curr_level_reg[3]_rep__11/Q
                         net (fo=384, routed)         0.155     2.167    tick2trade_bd_i/tick2trade/inst/u_book/ask_levels_reg_256_511_29_29/A3
    SLICE_X86Y110        RAMD64E                                      r  tick2trade_bd_i/tick2trade/inst/u_book/ask_levels_reg_256_511_29_29/DP.A/WADR3
  -------------------------------------------------------------------    -------------------

                         (clock clk_pl_1 rise edge)
                                                      0.000     0.000 r  
    PS8_X0Y0             PS8                          0.000     0.000 r  tick2trade_bd_i/zynq_ps/inst/PS8_i/PLCLK[1]
                         net (fo=1, routed)           0.180     0.180    tick2trade_bd_i/zynq_ps/inst/pl_clk_unbuffered[1]
    BUFG_PS_X0Y92        BUFG_PS (Prop_BUFG_PS_I_O)
                                                      0.028     0.208 r  tick2trade_bd_i/zynq_ps/inst/buffer_pl_clk_1.PL_CLK_1_BUFG/O
    X1Y2 (CLOCK_ROOT)    net (fo=19641, routed)       2.037     2.245    tick2trade_bd_i/tick2trade/inst/u_book/ask_levels_reg_256_511_29_29/WCLK
    SLICE_X86Y110        RAMD64E                                      r  tick2trade_bd_i/tick2trade/inst/u_book/ask_levels_reg_256_511_29_29/DP.A/CLK
                         clock pessimism             -0.179     2.066    
    SLICE_X86Y110        RAMD64E (Hold_D6LUT_SLICEM_CLK_WADR3)
                                                      0.091     2.157    tick2trade_bd_i/tick2trade/inst/u_book/ask_levels_reg_256_511_29_29/DP.A
  -------------------------------------------------------------------
                         required time                         -2.157    
                         arrival time                           2.167    
  -------------------------------------------------------------------
                         slack                                  0.010    

Slack (MET) :             0.010ns  (arrival time - required time)
  Source:                 tick2trade_bd_i/tick2trade/inst/u_book/curr_level_reg[3]_rep__11/C
                            (rising edge-triggered cell FDRE clocked by clk_pl_1  {rise@0.000ns fall@2.083ns period=4.166ns})
  Destination:            tick2trade_bd_i/tick2trade/inst/u_book/ask_levels_reg_256_511_29_29/DP.B/WADR3
                            (rising edge-triggered cell RAMD64E clocked by clk_pl_1  {rise@0.000ns fall@2.083ns period=4.166ns})
  Path Group:             clk_pl_1
  Path Type:              Hold (Min at Slow Process Corner)
  Requirement:            0.000ns  (clk_pl_1 rise@0.000ns - clk_pl_1 rise@0.000ns)
  Data Path Delay:        0.215ns  (logic 0.060ns (27.858%)  route 0.155ns (72.142%))
  Logic Levels:           0  
  Clock Path Skew:        0.114ns (DCD - SCD - CPR)
    Destination Clock Delay (DCD):    2.245ns
    Source Clock Delay      (SCD):    1.952ns
    Clock Pessimism Removal (CPR):    0.179ns
  Clock Net Delay (Source):      1.784ns (routing 0.593ns, distribution 1.191ns)
  Clock Net Delay (Destination): 2.037ns (routing 0.657ns, distribution 1.380ns)

    Location             Delay type                Incr(ns)  Path(ns)    Netlist Resource(s)
  -------------------------------------------------------------------    -------------------
                         (clock clk_pl_1 rise edge)
                                                      0.000     0.000 r  
    PS8_X0Y0             PS8                          0.000     0.000 r  tick2trade_bd_i/zynq_ps/inst/PS8_i/PLCLK[1]
                         net (fo=1, routed)           0.143     0.143    tick2trade_bd_i/zynq_ps/inst/pl_clk_unbuffered[1]
    BUFG_PS_X0Y92        BUFG_PS (Prop_BUFG_PS_I_O)
                                                      0.025     0.168 r  tick2trade_bd_i/zynq_ps/inst/buffer_pl_clk_1.PL_CLK_1_BUFG/O
    X1Y2 (CLOCK_ROOT)    net (fo=19641, routed)       1.784     1.952    tick2trade_bd_i/tick2trade/inst/u_book/core_clk
    SLICE_X84Y110        FDRE                                         r  tick2trade_bd_i/tick2trade/inst/u_book/curr_level_reg[3]_rep__11/C
  -------------------------------------------------------------------    -------------------
    SLICE_X84Y110        FDRE (Prop_GFF2_SLICEM_C_Q)
                                                      0.060     2.012 r  tick2trade_bd_i/tick2trade/inst/u_book/curr_level_reg[3]_rep__11/Q
                         net (fo=384, routed)         0.155     2.167    tick2trade_bd_i/tick2trade/inst/u_book/ask_levels_reg_256_511_29_29/A3
    SLICE_X86Y110        RAMD64E                                      r  tick2trade_bd_i/tick2trade/inst/u_book/ask_levels_reg_256_511_29_29/DP.B/WADR3
  -------------------------------------------------------------------    -------------------

                         (clock clk_pl_1 rise edge)
                                                      0.000     0.000 r  
    PS8_X0Y0             PS8                          0.000     0.000 r  tick2trade_bd_i/zynq_ps/inst/PS8_i/PLCLK[1]
                         net (fo=1, routed)           0.180     0.180    tick2trade_bd_i/zynq_ps/inst/pl_clk_unbuffered[1]
    BUFG_PS_X0Y92        BUFG_PS (Prop_BUFG_PS_I_O)
                                                      0.028     0.208 r  tick2trade_bd_i/zynq_ps/inst/buffer_pl_clk_1.PL_CLK_1_BUFG/O
    X1Y2 (CLOCK_ROOT)    net (fo=19641, routed)       2.037     2.245    tick2trade_bd_i/tick2trade/inst/u_book/ask_levels_reg_256_511_29_29/WCLK
    SLICE_X86Y110        RAMD64E                                      r  tick2trade_bd_i/tick2trade/inst/u_book/ask_levels_reg_256_511_29_29/DP.B/CLK
                         clock pessimism             -0.179     2.066    
    SLICE_X86Y110        RAMD64E (Hold_C6LUT_SLICEM_CLK_WADR3)
                                                      0.091     2.157    tick2trade_bd_i/tick2trade/inst/u_book/ask_levels_reg_256_511_29_29/DP.B
  -------------------------------------------------------------------
                         required time                         -2.157    
                         arrival time                           2.167    
  -------------------------------------------------------------------
                         slack                                  0.010    

Slack (MET) :             0.010ns  (arrival time - required time)
  Source:                 tick2trade_bd_i/tick2trade/inst/u_book/curr_level_reg[3]_rep__11/C
                            (rising edge-triggered cell FDRE clocked by clk_pl_1  {rise@0.000ns fall@2.083ns period=4.166ns})
  Destination:            tick2trade_bd_i/tick2trade/inst/u_book/ask_levels_reg_256_511_29_29/DP.C/WADR3
                            (rising edge-triggered cell RAMD64E clocked by clk_pl_1  {rise@0.000ns fall@2.083ns period=4.166ns})
  Path Group:             clk_pl_1
  Path Type:              Hold (Min at Slow Process Corner)
  Requirement:            0.000ns  (clk_pl_1 rise@0.000ns - clk_pl_1 rise@0.000ns)
  Data Path Delay:        0.215ns  (logic 0.060ns (27.858%)  route 0.155ns (72.142%))
  Logic Levels:           0  
  Clock Path Skew:        0.114ns (DCD - SCD - CPR)
    Destination Clock Delay (DCD):    2.245ns
    Source Clock Delay      (SCD):    1.952ns
    Clock Pessimism Removal (CPR):    0.179ns
  Clock Net Delay (Source):      1.784ns (routing 0.593ns, distribution 1.191ns)
  Clock Net Delay (Destination): 2.037ns (routing 0.657ns, distribution 1.380ns)

    Location             Delay type                Incr(ns)  Path(ns)    Netlist Resource(s)
  -------------------------------------------------------------------    -------------------
                         (clock clk_pl_1 rise edge)
                                                      0.000     0.000 r  
    PS8_X0Y0             PS8                          0.000     0.000 r  tick2trade_bd_i/zynq_ps/inst/PS8_i/PLCLK[1]
                         net (fo=1, routed)           0.143     0.143    tick2trade_bd_i/zynq_ps/inst/pl_clk_unbuffered[1]
    BUFG_PS_X0Y92        BUFG_PS (Prop_BUFG_PS_I_O)
                                                      0.025     0.168 r  tick2trade_bd_i/zynq_ps/inst/buffer_pl_clk_1.PL_CLK_1_BUFG/O
    X1Y2 (CLOCK_ROOT)    net (fo=19641, routed)       1.784     1.952    tick2trade_bd_i/tick2trade/inst/u_book/core_clk
    SLICE_X84Y110        FDRE                                         r  tick2trade_bd_i/tick2trade/inst/u_book/curr_level_reg[3]_rep__11/C
  -------------------------------------------------------------------    -------------------
    SLICE_X84Y110        FDRE (Prop_GFF2_SLICEM_C_Q)
                                                      0.060     2.012 r  tick2trade_bd_i/tick2trade/inst/u_book/curr_level_reg[3]_rep__11/Q
                         net (fo=384, routed)         0.155     2.167    tick2trade_bd_i/tick2trade/inst/u_book/ask_levels_reg_256_511_29_29/A3
    SLICE_X86Y110        RAMD64E                                      r  tick2trade_bd_i/tick2trade/inst/u_book/ask_levels_reg_256_511_29_29/DP.C/WADR3
  -------------------------------------------------------------------    -------------------

                         (clock clk_pl_1 rise edge)
                                                      0.000     0.000 r  
    PS8_X0Y0             PS8                          0.000     0.000 r  tick2trade_bd_i/zynq_ps/inst/PS8_i/PLCLK[1]
                         net (fo=1, routed)           0.180     0.180    tick2trade_bd_i/zynq_ps/inst/pl_clk_unbuffered[1]
    BUFG_PS_X0Y92        BUFG_PS (Prop_BUFG_PS_I_O)
                                                      0.028     0.208 r  tick2trade_bd_i/zynq_ps/inst/buffer_pl_clk_1.PL_CLK_1_BUFG/O
    X1Y2 (CLOCK_ROOT)    net (fo=19641, routed)       2.037     2.245    tick2trade_bd_i/tick2trade/inst/u_book/ask_levels_reg_256_511_29_29/WCLK
    SLICE_X86Y110        RAMD64E                                      r  tick2trade_bd_i/tick2trade/inst/u_book/ask_levels_reg_256_511_29_29/DP.C/CLK
                         clock pessimism             -0.179     2.066    
    SLICE_X86Y110        RAMD64E (Hold_B6LUT_SLICEM_CLK_WADR3)
                                                      0.091     2.157    tick2trade_bd_i/tick2trade/inst/u_book/ask_levels_reg_256_511_29_29/DP.C
  -------------------------------------------------------------------
                         required time                         -2.157    
                         arrival time                           2.167    
  -------------------------------------------------------------------
                         slack                                  0.010    

Slack (MET) :             0.010ns  (arrival time - required time)
  Source:                 tick2trade_bd_i/tick2trade/inst/u_book/curr_level_reg[3]_rep__11/C
                            (rising edge-triggered cell FDRE clocked by clk_pl_1  {rise@0.000ns fall@2.083ns period=4.166ns})
  Destination:            tick2trade_bd_i/tick2trade/inst/u_book/ask_levels_reg_256_511_29_29/DP.D/WADR3
                            (rising edge-triggered cell RAMD64E clocked by clk_pl_1  {rise@0.000ns fall@2.083ns period=4.166ns})
  Path Group:             clk_pl_1
  Path Type:              Hold (Min at Slow Process Corner)
  Requirement:            0.000ns  (clk_pl_1 rise@0.000ns - clk_pl_1 rise@0.000ns)
  Data Path Delay:        0.215ns  (logic 0.060ns (27.858%)  route 0.155ns (72.142%))
  Logic Levels:           0  
  Clock Path Skew:        0.114ns (DCD - SCD - CPR)
    Destination Clock Delay (DCD):    2.245ns
    Source Clock Delay      (SCD):    1.952ns
    Clock Pessimism Removal (CPR):    0.179ns
  Clock Net Delay (Source):      1.784ns (routing 0.593ns, distribution 1.191ns)
  Clock Net Delay (Destination): 2.037ns (routing 0.657ns, distribution 1.380ns)

    Location             Delay type                Incr(ns)  Path(ns)    Netlist Resource(s)
  -------------------------------------------------------------------    -------------------
                         (clock clk_pl_1 rise edge)
                                                      0.000     0.000 r  
    PS8_X0Y0             PS8                          0.000     0.000 r  tick2trade_bd_i/zynq_ps/inst/PS8_i/PLCLK[1]
                         net (fo=1, routed)           0.143     0.143    tick2trade_bd_i/zynq_ps/inst/pl_clk_unbuffered[1]
    BUFG_PS_X0Y92        BUFG_PS (Prop_BUFG_PS_I_O)
                                                      0.025     0.168 r  tick2trade_bd_i/zynq_ps/inst/buffer_pl_clk_1.PL_CLK_1_BUFG/O
    X1Y2 (CLOCK_ROOT)    net (fo=19641, routed)       1.784     1.952    tick2trade_bd_i/tick2trade/inst/u_book/core_clk
    SLICE_X84Y110        FDRE                                         r  tick2trade_bd_i/tick2trade/inst/u_book/curr_level_reg[3]_rep__11/C
  -------------------------------------------------------------------    -------------------
    SLICE_X84Y110        FDRE (Prop_GFF2_SLICEM_C_Q)
                                                      0.060     2.012 r  tick2trade_bd_i/tick2trade/inst/u_book/curr_level_reg[3]_rep__11/Q
                         net (fo=384, routed)         0.155     2.167    tick2trade_bd_i/tick2trade/inst/u_book/ask_levels_reg_256_511_29_29/A3
    SLICE_X86Y110        RAMD64E                                      r  tick2trade_bd_i/tick2trade/inst/u_book/ask_levels_reg_256_511_29_29/DP.D/WADR3
  -------------------------------------------------------------------    -------------------

                         (clock clk_pl_1 rise edge)
                                                      0.000     0.000 r  
    PS8_X0Y0             PS8                          0.000     0.000 r  tick2trade_bd_i/zynq_ps/inst/PS8_i/PLCLK[1]
                         net (fo=1, routed)           0.180     0.180    tick2trade_bd_i/zynq_ps/inst/pl_clk_unbuffered[1]
    BUFG_PS_X0Y92        BUFG_PS (Prop_BUFG_PS_I_O)
                                                      0.028     0.208 r  tick2trade_bd_i/zynq_ps/inst/buffer_pl_clk_1.PL_CLK_1_BUFG/O
    X1Y2 (CLOCK_ROOT)    net (fo=19641, routed)       2.037     2.245    tick2trade_bd_i/tick2trade/inst/u_book/ask_levels_reg_256_511_29_29/WCLK
    SLICE_X86Y110        RAMD64E                                      r  tick2trade_bd_i/tick2trade/inst/u_book/ask_levels_reg_256_511_29_29/DP.D/CLK
                         clock pessimism             -0.179     2.066    
    SLICE_X86Y110        RAMD64E (Hold_A6LUT_SLICEM_CLK_WADR3)
                                                      0.091     2.157    tick2trade_bd_i/tick2trade/inst/u_book/ask_levels_reg_256_511_29_29/DP.D
  -------------------------------------------------------------------
                         required time                         -2.157    
                         arrival time                           2.167    
  -------------------------------------------------------------------
                         slack                                  0.010    

Slack (MET) :             0.010ns  (arrival time - required time)
  Source:                 tick2trade_bd_i/tick2trade/inst/u_book/curr_level_reg[3]_rep__11/C
                            (rising edge-triggered cell FDRE clocked by clk_pl_1  {rise@0.000ns fall@2.083ns period=4.166ns})
  Destination:            tick2trade_bd_i/tick2trade/inst/u_book/ask_levels_reg_256_511_29_29/SP.A/WADR3
                            (rising edge-triggered cell RAMD64E clocked by clk_pl_1  {rise@0.000ns fall@2.083ns period=4.166ns})
  Path Group:             clk_pl_1
  Path Type:              Hold (Min at Slow Process Corner)
  Requirement:            0.000ns  (clk_pl_1 rise@0.000ns - clk_pl_1 rise@0.000ns)
  Data Path Delay:        0.215ns  (logic 0.060ns (27.858%)  route 0.155ns (72.142%))
  Logic Levels:           0  
  Clock Path Skew:        0.114ns (DCD - SCD - CPR)
    Destination Clock Delay (DCD):    2.245ns
    Source Clock Delay      (SCD):    1.952ns
    Clock Pessimism Removal (CPR):    0.179ns
  Clock Net Delay (Source):      1.784ns (routing 0.593ns, distribution 1.191ns)
  Clock Net Delay (Destination): 2.037ns (routing 0.657ns, distribution 1.380ns)

    Location             Delay type                Incr(ns)  Path(ns)    Netlist Resource(s)
  -------------------------------------------------------------------    -------------------
                         (clock clk_pl_1 rise edge)
                                                      0.000     0.000 r  
    PS8_X0Y0             PS8                          0.000     0.000 r  tick2trade_bd_i/zynq_ps/inst/PS8_i/PLCLK[1]
                         net (fo=1, routed)           0.143     0.143    tick2trade_bd_i/zynq_ps/inst/pl_clk_unbuffered[1]
    BUFG_PS_X0Y92        BUFG_PS (Prop_BUFG_PS_I_O)
                                                      0.025     0.168 r  tick2trade_bd_i/zynq_ps/inst/buffer_pl_clk_1.PL_CLK_1_BUFG/O
    X1Y2 (CLOCK_ROOT)    net (fo=19641, routed)       1.784     1.952    tick2trade_bd_i/tick2trade/inst/u_book/core_clk
    SLICE_X84Y110        FDRE                                         r  tick2trade_bd_i/tick2trade/inst/u_book/curr_level_reg[3]_rep__11/C
  -------------------------------------------------------------------    -------------------
    SLICE_X84Y110        FDRE (Prop_GFF2_SLICEM_C_Q)
                                                      0.060     2.012 r  tick2trade_bd_i/tick2trade/inst/u_book/curr_level_reg[3]_rep__11/Q
                         net (fo=384, routed)         0.155     2.167    tick2trade_bd_i/tick2trade/inst/u_book/ask_levels_reg_256_511_29_29/A3
    SLICE_X86Y110        RAMD64E                                      r  tick2trade_bd_i/tick2trade/inst/u_book/ask_levels_reg_256_511_29_29/SP.A/WADR3
  -------------------------------------------------------------------    -------------------

                         (clock clk_pl_1 rise edge)
                                                      0.000     0.000 r  
    PS8_X0Y0             PS8                          0.000     0.000 r  tick2trade_bd_i/zynq_ps/inst/PS8_i/PLCLK[1]
                         net (fo=1, routed)           0.180     0.180    tick2trade_bd_i/zynq_ps/inst/pl_clk_unbuffered[1]
    BUFG_PS_X0Y92        BUFG_PS (Prop_BUFG_PS_I_O)
                                                      0.028     0.208 r  tick2trade_bd_i/zynq_ps/inst/buffer_pl_clk_1.PL_CLK_1_BUFG/O
    X1Y2 (CLOCK_ROOT)    net (fo=19641, routed)       2.037     2.245    tick2trade_bd_i/tick2trade/inst/u_book/ask_levels_reg_256_511_29_29/WCLK
    SLICE_X86Y110        RAMD64E                                      r  tick2trade_bd_i/tick2trade/inst/u_book/ask_levels_reg_256_511_29_29/SP.A/CLK
                         clock pessimism             -0.179     2.066    
    SLICE_X86Y110        RAMD64E (Hold_H6LUT_SLICEM_CLK_WADR3)
                                                      0.091     2.157    tick2trade_bd_i/tick2trade/inst/u_book/ask_levels_reg_256_511_29_29/SP.A
  -------------------------------------------------------------------
                         required time                         -2.157    
                         arrival time                           2.167    
  -------------------------------------------------------------------
                         slack                                  0.010    

Slack (MET) :             0.010ns  (arrival time - required time)
  Source:                 tick2trade_bd_i/tick2trade/inst/u_book/curr_level_reg[3]_rep__11/C
                            (rising edge-triggered cell FDRE clocked by clk_pl_1  {rise@0.000ns fall@2.083ns period=4.166ns})
  Destination:            tick2trade_bd_i/tick2trade/inst/u_book/ask_levels_reg_256_511_29_29/SP.B/WADR3
                            (rising edge-triggered cell RAMD64E clocked by clk_pl_1  {rise@0.000ns fall@2.083ns period=4.166ns})
  Path Group:             clk_pl_1
  Path Type:              Hold (Min at Slow Process Corner)
  Requirement:            0.000ns  (clk_pl_1 rise@0.000ns - clk_pl_1 rise@0.000ns)
  Data Path Delay:        0.215ns  (logic 0.060ns (27.858%)  route 0.155ns (72.142%))
  Logic Levels:           0  
  Clock Path Skew:        0.114ns (DCD - SCD - CPR)
    Destination Clock Delay (DCD):    2.245ns
    Source Clock Delay      (SCD):    1.952ns
    Clock Pessimism Removal (CPR):    0.179ns
  Clock Net Delay (Source):      1.784ns (routing 0.593ns, distribution 1.191ns)
  Clock Net Delay (Destination): 2.037ns (routing 0.657ns, distribution 1.380ns)

    Location             Delay type                Incr(ns)  Path(ns)    Netlist Resource(s)
  -------------------------------------------------------------------    -------------------
                         (clock clk_pl_1 rise edge)
                                                      0.000     0.000 r  
    PS8_X0Y0             PS8                          0.000     0.000 r  tick2trade_bd_i/zynq_ps/inst/PS8_i/PLCLK[1]
                         net (fo=1, routed)           0.143     0.143    tick2trade_bd_i/zynq_ps/inst/pl_clk_unbuffered[1]
    BUFG_PS_X0Y92        BUFG_PS (Prop_BUFG_PS_I_O)
                                                      0.025     0.168 r  tick2trade_bd_i/zynq_ps/inst/buffer_pl_clk_1.PL_CLK_1_BUFG/O
    X1Y2 (CLOCK_ROOT)    net (fo=19641, routed)       1.784     1.952    tick2trade_bd_i/tick2trade/inst/u_book/core_clk
    SLICE_X84Y110        FDRE                                         r  tick2trade_bd_i/tick2trade/inst/u_book/curr_level_reg[3]_rep__11/C
  -------------------------------------------------------------------    -------------------
    SLICE_X84Y110        FDRE (Prop_GFF2_SLICEM_C_Q)
                                                      0.060     2.012 r  tick2trade_bd_i/tick2trade/inst/u_book/curr_level_reg[3]_rep__11/Q
                         net (fo=384, routed)         0.155     2.167    tick2trade_bd_i/tick2trade/inst/u_book/ask_levels_reg_256_511_29_29/A3
    SLICE_X86Y110        RAMD64E                                      r  tick2trade_bd_i/tick2trade/inst/u_book/ask_levels_reg_256_511_29_29/SP.B/WADR3
  -------------------------------------------------------------------    -------------------

                         (clock clk_pl_1 rise edge)
                                                      0.000     0.000 r  
    PS8_X0Y0             PS8                          0.000     0.000 r  tick2trade_bd_i/zynq_ps/inst/PS8_i/PLCLK[1]
                         net (fo=1, routed)           0.180     0.180    tick2trade_bd_i/zynq_ps/inst/pl_clk_unbuffered[1]
    BUFG_PS_X0Y92        BUFG_PS (Prop_BUFG_PS_I_O)
                                                      0.028     0.208 r  tick2trade_bd_i/zynq_ps/inst/buffer_pl_clk_1.PL_CLK_1_BUFG/O
    X1Y2 (CLOCK_ROOT)    net (fo=19641, routed)       2.037     2.245    tick2trade_bd_i/tick2trade/inst/u_book/ask_levels_reg_256_511_29_29/WCLK
    SLICE_X86Y110        RAMD64E                                      r  tick2trade_bd_i/tick2trade/inst/u_book/ask_levels_reg_256_511_29_29/SP.B/CLK
                         clock pessimism             -0.179     2.066    
    SLICE_X86Y110        RAMD64E (Hold_G6LUT_SLICEM_CLK_WADR3)
                                                      0.091     2.157    tick2trade_bd_i/tick2trade/inst/u_book/ask_levels_reg_256_511_29_29/SP.B
  -------------------------------------------------------------------
                         required time                         -2.157    
                         arrival time                           2.167    
  -------------------------------------------------------------------
                         slack                                  0.010    

Slack (MET) :             0.010ns  (arrival time - required time)
  Source:                 tick2trade_bd_i/tick2trade/inst/u_book/curr_level_reg[3]_rep__11/C
                            (rising edge-triggered cell FDRE clocked by clk_pl_1  {rise@0.000ns fall@2.083ns period=4.166ns})
  Destination:            tick2trade_bd_i/tick2trade/inst/u_book/ask_levels_reg_256_511_29_29/SP.C/WADR3
                            (rising edge-triggered cell RAMD64E clocked by clk_pl_1  {rise@0.000ns fall@2.083ns period=4.166ns})
  Path Group:             clk_pl_1
  Path Type:              Hold (Min at Slow Process Corner)
  Requirement:            0.000ns  (clk_pl_1 rise@0.000ns - clk_pl_1 rise@0.000ns)
  Data Path Delay:        0.215ns  (logic 0.060ns (27.858%)  route 0.155ns (72.142%))
  Logic Levels:           0  
  Clock Path Skew:        0.114ns (DCD - SCD - CPR)
    Destination Clock Delay (DCD):    2.245ns
    Source Clock Delay      (SCD):    1.952ns
    Clock Pessimism Removal (CPR):    0.179ns
  Clock Net Delay (Source):      1.784ns (routing 0.593ns, distribution 1.191ns)
  Clock Net Delay (Destination): 2.037ns (routing 0.657ns, distribution 1.380ns)

    Location             Delay type                Incr(ns)  Path(ns)    Netlist Resource(s)
  -------------------------------------------------------------------    -------------------
                         (clock clk_pl_1 rise edge)
                                                      0.000     0.000 r  
    PS8_X0Y0             PS8                          0.000     0.000 r  tick2trade_bd_i/zynq_ps/inst/PS8_i/PLCLK[1]
                         net (fo=1, routed)           0.143     0.143    tick2trade_bd_i/zynq_ps/inst/pl_clk_unbuffered[1]
    BUFG_PS_X0Y92        BUFG_PS (Prop_BUFG_PS_I_O)
                                                      0.025     0.168 r  tick2trade_bd_i/zynq_ps/inst/buffer_pl_clk_1.PL_CLK_1_BUFG/O
    X1Y2 (CLOCK_ROOT)    net (fo=19641, routed)       1.784     1.952    tick2trade_bd_i/tick2trade/inst/u_book/core_clk
    SLICE_X84Y110        FDRE                                         r  tick2trade_bd_i/tick2trade/inst/u_book/curr_level_reg[3]_rep__11/C
  -------------------------------------------------------------------    -------------------
    SLICE_X84Y110        FDRE (Prop_GFF2_SLICEM_C_Q)
                                                      0.060     2.012 r  tick2trade_bd_i/tick2trade/inst/u_book/curr_level_reg[3]_rep__11/Q
                         net (fo=384, routed)         0.155     2.167    tick2trade_bd_i/tick2trade/inst/u_book/ask_levels_reg_256_511_29_29/A3
    SLICE_X86Y110        RAMD64E                                      r  tick2trade_bd_i/tick2trade/inst/u_book/ask_levels_reg_256_511_29_29/SP.C/WADR3
  -------------------------------------------------------------------    -------------------

                         (clock clk_pl_1 rise edge)
                                                      0.000     0.000 r  
    PS8_X0Y0             PS8                          0.000     0.000 r  tick2trade_bd_i/zynq_ps/inst/PS8_i/PLCLK[1]
                         net (fo=1, routed)           0.180     0.180    tick2trade_bd_i/zynq_ps/inst/pl_clk_unbuffered[1]
    BUFG_PS_X0Y92        BUFG_PS (Prop_BUFG_PS_I_O)
                                                      0.028     0.208 r  tick2trade_bd_i/zynq_ps/inst/buffer_pl_clk_1.PL_CLK_1_BUFG/O
    X1Y2 (CLOCK_ROOT)    net (fo=19641, routed)       2.037     2.245    tick2trade_bd_i/tick2trade/inst/u_book/ask_levels_reg_256_511_29_29/WCLK
    SLICE_X86Y110        RAMD64E                                      r  tick2trade_bd_i/tick2trade/inst/u_book/ask_levels_reg_256_511_29_29/SP.C/CLK
                         clock pessimism             -0.179     2.066    
    SLICE_X86Y110        RAMD64E (Hold_F6LUT_SLICEM_CLK_WADR3)
                                                      0.091     2.157    tick2trade_bd_i/tick2trade/inst/u_book/ask_levels_reg_256_511_29_29/SP.C
  -------------------------------------------------------------------
                         required time                         -2.157    
                         arrival time                           2.167    
  -------------------------------------------------------------------
                         slack                                  0.010    

Slack (MET) :             0.010ns  (arrival time - required time)
  Source:                 tick2trade_bd_i/tick2trade/inst/u_book/curr_level_reg[3]_rep__11/C
                            (rising edge-triggered cell FDRE clocked by clk_pl_1  {rise@0.000ns fall@2.083ns period=4.166ns})
  Destination:            tick2trade_bd_i/tick2trade/inst/u_book/ask_levels_reg_256_511_29_29/SP.D/WADR3
                            (rising edge-triggered cell RAMD64E clocked by clk_pl_1  {rise@0.000ns fall@2.083ns period=4.166ns})
  Path Group:             clk_pl_1
  Path Type:              Hold (Min at Slow Process Corner)
  Requirement:            0.000ns  (clk_pl_1 rise@0.000ns - clk_pl_1 rise@0.000ns)
  Data Path Delay:        0.215ns  (logic 0.060ns (27.858%)  route 0.155ns (72.142%))
  Logic Levels:           0  
  Clock Path Skew:        0.114ns (DCD - SCD - CPR)
    Destination Clock Delay (DCD):    2.245ns
    Source Clock Delay      (SCD):    1.952ns
    Clock Pessimism Removal (CPR):    0.179ns
  Clock Net Delay (Source):      1.784ns (routing 0.593ns, distribution 1.191ns)
  Clock Net Delay (Destination): 2.037ns (routing 0.657ns, distribution 1.380ns)

    Location             Delay type                Incr(ns)  Path(ns)    Netlist Resource(s)
  -------------------------------------------------------------------    -------------------
                         (clock clk_pl_1 rise edge)
                                                      0.000     0.000 r  
    PS8_X0Y0             PS8                          0.000     0.000 r  tick2trade_bd_i/zynq_ps/inst/PS8_i/PLCLK[1]
                         net (fo=1, routed)           0.143     0.143    tick2trade_bd_i/zynq_ps/inst/pl_clk_unbuffered[1]
    BUFG_PS_X0Y92        BUFG_PS (Prop_BUFG_PS_I_O)
                                                      0.025     0.168 r  tick2trade_bd_i/zynq_ps/inst/buffer_pl_clk_1.PL_CLK_1_BUFG/O
    X1Y2 (CLOCK_ROOT)    net (fo=19641, routed)       1.784     1.952    tick2trade_bd_i/tick2trade/inst/u_book/core_clk
    SLICE_X84Y110        FDRE                                         r  tick2trade_bd_i/tick2trade/inst/u_book/curr_level_reg[3]_rep__11/C
  -------------------------------------------------------------------    -------------------
    SLICE_X84Y110        FDRE (Prop_GFF2_SLICEM_C_Q)
                                                      0.060     2.012 r  tick2trade_bd_i/tick2trade/inst/u_book/curr_level_reg[3]_rep__11/Q
                         net (fo=384, routed)         0.155     2.167    tick2trade_bd_i/tick2trade/inst/u_book/ask_levels_reg_256_511_29_29/A3
    SLICE_X86Y110        RAMD64E                                      r  tick2trade_bd_i/tick2trade/inst/u_book/ask_levels_reg_256_511_29_29/SP.D/WADR3
  -------------------------------------------------------------------    -------------------

                         (clock clk_pl_1 rise edge)
                                                      0.000     0.000 r  
    PS8_X0Y0             PS8                          0.000     0.000 r  tick2trade_bd_i/zynq_ps/inst/PS8_i/PLCLK[1]
                         net (fo=1, routed)           0.180     0.180    tick2trade_bd_i/zynq_ps/inst/pl_clk_unbuffered[1]
    BUFG_PS_X0Y92        BUFG_PS (Prop_BUFG_PS_I_O)
                                                      0.028     0.208 r  tick2trade_bd_i/zynq_ps/inst/buffer_pl_clk_1.PL_CLK_1_BUFG/O
    X1Y2 (CLOCK_ROOT)    net (fo=19641, routed)       2.037     2.245    tick2trade_bd_i/tick2trade/inst/u_book/ask_levels_reg_256_511_29_29/WCLK
    SLICE_X86Y110        RAMD64E                                      r  tick2trade_bd_i/tick2trade/inst/u_book/ask_levels_reg_256_511_29_29/SP.D/CLK
                         clock pessimism             -0.179     2.066    
    SLICE_X86Y110        RAMD64E (Hold_E6LUT_SLICEM_CLK_WADR3)
                                                      0.091     2.157    tick2trade_bd_i/tick2trade/inst/u_book/ask_levels_reg_256_511_29_29/SP.D
  -------------------------------------------------------------------
                         required time                         -2.157    
                         arrival time                           2.167    
  -------------------------------------------------------------------
                         slack                                  0.010    

Slack (MET) :             0.010ns  (arrival time - required time)
  Source:                 tick2trade_bd_i/tick2trade/inst/u_parser/fsm_tdata_reg[order_ref_num][50]/C
                            (rising edge-triggered cell FDRE clocked by clk_pl_1  {rise@0.000ns fall@2.083ns period=4.166ns})
  Destination:            tick2trade_bd_i/tick2trade/inst/u_parser/sb/spare_data_reg[242]/D
                            (rising edge-triggered cell FDRE clocked by clk_pl_1  {rise@0.000ns fall@2.083ns period=4.166ns})
  Path Group:             clk_pl_1
  Path Type:              Hold (Min at Slow Process Corner)
  Requirement:            0.000ns  (clk_pl_1 rise@0.000ns - clk_pl_1 rise@0.000ns)
  Data Path Delay:        0.240ns  (logic 0.059ns (24.572%)  route 0.181ns (75.428%))
  Logic Levels:           0  
  Clock Path Skew:        0.168ns (DCD - SCD - CPR)
    Destination Clock Delay (DCD):    2.072ns
    Source Clock Delay      (SCD):    1.796ns
    Clock Pessimism Removal (CPR):    0.108ns
  Clock Net Delay (Source):      1.628ns (routing 0.593ns, distribution 1.035ns)
  Clock Net Delay (Destination): 1.864ns (routing 0.657ns, distribution 1.207ns)

    Location             Delay type                Incr(ns)  Path(ns)    Netlist Resource(s)
  -------------------------------------------------------------------    -------------------
                         (clock clk_pl_1 rise edge)
                                                      0.000     0.000 r  
    PS8_X0Y0             PS8                          0.000     0.000 r  tick2trade_bd_i/zynq_ps/inst/PS8_i/PLCLK[1]
                         net (fo=1, routed)           0.143     0.143    tick2trade_bd_i/zynq_ps/inst/pl_clk_unbuffered[1]
    BUFG_PS_X0Y92        BUFG_PS (Prop_BUFG_PS_I_O)
                                                      0.025     0.168 r  tick2trade_bd_i/zynq_ps/inst/buffer_pl_clk_1.PL_CLK_1_BUFG/O
    X1Y2 (CLOCK_ROOT)    net (fo=19641, routed)       1.628     1.796    tick2trade_bd_i/tick2trade/inst/u_parser/core_clk
    SLICE_X59Y133        FDRE                                         r  tick2trade_bd_i/tick2trade/inst/u_parser/fsm_tdata_reg[order_ref_num][50]/C
  -------------------------------------------------------------------    -------------------
    SLICE_X59Y133        FDRE (Prop_EFF_SLICEL_C_Q)
                                                      0.059     1.855 r  tick2trade_bd_i/tick2trade/inst/u_parser/fsm_tdata_reg[order_ref_num][50]/Q
                         net (fo=2, routed)           0.181     2.036    tick2trade_bd_i/tick2trade/inst/u_parser/sb/D[114]
    SLICE_X59Y117        FDRE                                         r  tick2trade_bd_i/tick2trade/inst/u_parser/sb/spare_data_reg[242]/D
  -------------------------------------------------------------------    -------------------

                         (clock clk_pl_1 rise edge)
                                                      0.000     0.000 r  
    PS8_X0Y0             PS8                          0.000     0.000 r  tick2trade_bd_i/zynq_ps/inst/PS8_i/PLCLK[1]
                         net (fo=1, routed)           0.180     0.180    tick2trade_bd_i/zynq_ps/inst/pl_clk_unbuffered[1]
    BUFG_PS_X0Y92        BUFG_PS (Prop_BUFG_PS_I_O)
                                                      0.028     0.208 r  tick2trade_bd_i/zynq_ps/inst/buffer_pl_clk_1.PL_CLK_1_BUFG/O
    X1Y2 (CLOCK_ROOT)    net (fo=19641, routed)       1.864     2.072    tick2trade_bd_i/tick2trade/inst/u_parser/sb/core_clk
    SLICE_X59Y117        FDRE                                         r  tick2trade_bd_i/tick2trade/inst/u_parser/sb/spare_data_reg[242]/C
                         clock pessimism             -0.108     1.964    
    SLICE_X59Y117        FDRE (Hold_FFF2_SLICEL_C_D)
                                                      0.062     2.026    tick2trade_bd_i/tick2trade/inst/u_parser/sb/spare_data_reg[242]
  -------------------------------------------------------------------
                         required time                         -2.026    
                         arrival time                           2.036    
  -------------------------------------------------------------------
                         slack                                  0.010    

Slack (MET) :             0.012ns  (arrival time - required time)
  Source:                 tick2trade_bd_i/tick2trade/inst/u_book/curr_level_reg[0]_rep__19/C
                            (rising edge-triggered cell FDRE clocked by clk_pl_1  {rise@0.000ns fall@2.083ns period=4.166ns})
  Destination:            tick2trade_bd_i/tick2trade/inst/u_book/ask_levels_reg_256_511_76_76/DP.A/WADR0
                            (rising edge-triggered cell RAMD64E clocked by clk_pl_1  {rise@0.000ns fall@2.083ns period=4.166ns})
  Path Group:             clk_pl_1
  Path Type:              Hold (Min at Slow Process Corner)
  Requirement:            0.000ns  (clk_pl_1 rise@0.000ns - clk_pl_1 rise@0.000ns)
  Data Path Delay:        0.266ns  (logic 0.058ns (21.824%)  route 0.208ns (78.176%))
  Logic Levels:           0  
  Clock Path Skew:        0.168ns (DCD - SCD - CPR)
    Destination Clock Delay (DCD):    2.292ns
    Source Clock Delay      (SCD):    2.016ns
    Clock Pessimism Removal (CPR):    0.108ns
  Clock Net Delay (Source):      1.848ns (routing 0.593ns, distribution 1.255ns)
  Clock Net Delay (Destination): 2.084ns (routing 0.657ns, distribution 1.427ns)

    Location             Delay type                Incr(ns)  Path(ns)    Netlist Resource(s)
  -------------------------------------------------------------------    -------------------
                         (clock clk_pl_1 rise edge)
                                                      0.000     0.000 r  
    PS8_X0Y0             PS8                          0.000     0.000 r  tick2trade_bd_i/zynq_ps/inst/PS8_i/PLCLK[1]
                         net (fo=1, routed)           0.143     0.143    tick2trade_bd_i/zynq_ps/inst/pl_clk_unbuffered[1]
    BUFG_PS_X0Y92        BUFG_PS (Prop_BUFG_PS_I_O)
                                                      0.025     0.168 r  tick2trade_bd_i/zynq_ps/inst/buffer_pl_clk_1.PL_CLK_1_BUFG/O
    X1Y2 (CLOCK_ROOT)    net (fo=19641, routed)       1.848     2.016    tick2trade_bd_i/tick2trade/inst/u_book/core_clk
    SLICE_X94Y115        FDRE                                         r  tick2trade_bd_i/tick2trade/inst/u_book/curr_level_reg[0]_rep__19/C
  -------------------------------------------------------------------    -------------------
    SLICE_X94Y115        FDRE (Prop_AFF_SLICEM_C_Q)
                                                      0.058     2.074 r  tick2trade_bd_i/tick2trade/inst/u_book/curr_level_reg[0]_rep__19/Q
                         net (fo=384, routed)         0.208     2.281    tick2trade_bd_i/tick2trade/inst/u_book/ask_levels_reg_256_511_76_76/A0
    SLICE_X93Y120        RAMD64E                                      r  tick2trade_bd_i/tick2trade/inst/u_book/ask_levels_reg_256_511_76_76/DP.A/WADR0
  -------------------------------------------------------------------    -------------------

                         (clock clk_pl_1 rise edge)
                                                      0.000     0.000 r  
    PS8_X0Y0             PS8                          0.000     0.000 r  tick2trade_bd_i/zynq_ps/inst/PS8_i/PLCLK[1]
                         net (fo=1, routed)           0.180     0.180    tick2trade_bd_i/zynq_ps/inst/pl_clk_unbuffered[1]
    BUFG_PS_X0Y92        BUFG_PS (Prop_BUFG_PS_I_O)
                                                      0.028     0.208 r  tick2trade_bd_i/zynq_ps/inst/buffer_pl_clk_1.PL_CLK_1_BUFG/O
    X1Y2 (CLOCK_ROOT)    net (fo=19641, routed)       2.084     2.292    tick2trade_bd_i/tick2trade/inst/u_book/ask_levels_reg_256_511_76_76/WCLK
    SLICE_X93Y120        RAMD64E                                      r  tick2trade_bd_i/tick2trade/inst/u_book/ask_levels_reg_256_511_76_76/DP.A/CLK
                         clock pessimism             -0.108     2.184    
    SLICE_X93Y120        RAMD64E (Hold_D6LUT_SLICEM_CLK_WADR0)
                                                      0.085     2.269    tick2trade_bd_i/tick2trade/inst/u_book/ask_levels_reg_256_511_76_76/DP.A
  -------------------------------------------------------------------
                         required time                         -2.269    
                         arrival time                           2.281    
  -------------------------------------------------------------------
                         slack                                  0.012    





Pulse Width Checks
--------------------------------------------------------------------------------------
Clock Name:         clk_pl_1
Waveform(ns):       { 0.000 2.083 }
Period(ns):         4.166
Sources:            { tick2trade_bd_i/zynq_ps/inst/PS8_i/PLCLK[1] }

Check Type        Corner  Lib Pin      Reference Pin  Required(ns)  Actual(ns)  Slack(ns)  Location       Pin
Min Period        n/a     SRL16E/CLK   n/a            1.064         4.166       3.102      SLICE_X64Y10   tick2trade_bd_i/rst_core_250M/U0/EXT_LPF/POR_SRL_I/CLK
Min Period        n/a     RAMD64E/CLK  n/a            1.064         4.166       3.102      SLICE_X81Y121  tick2trade_bd_i/tick2trade/inst/u_book/ask_levels_reg_0_255_0_0/DP.A/CLK
Min Period        n/a     RAMD64E/CLK  n/a            1.064         4.166       3.102      SLICE_X81Y121  tick2trade_bd_i/tick2trade/inst/u_book/ask_levels_reg_0_255_0_0/DP.B/CLK
Min Period        n/a     RAMD64E/CLK  n/a            1.064         4.166       3.102      SLICE_X81Y121  tick2trade_bd_i/tick2trade/inst/u_book/ask_levels_reg_0_255_0_0/DP.C/CLK
Min Period        n/a     RAMD64E/CLK  n/a            1.064         4.166       3.102      SLICE_X81Y121  tick2trade_bd_i/tick2trade/inst/u_book/ask_levels_reg_0_255_0_0/DP.D/CLK
Min Period        n/a     RAMD64E/CLK  n/a            1.064         4.166       3.102      SLICE_X81Y121  tick2trade_bd_i/tick2trade/inst/u_book/ask_levels_reg_0_255_0_0/SP.A/CLK
Min Period        n/a     RAMD64E/CLK  n/a            1.064         4.166       3.102      SLICE_X81Y121  tick2trade_bd_i/tick2trade/inst/u_book/ask_levels_reg_0_255_0_0/SP.B/CLK
Min Period        n/a     RAMD64E/CLK  n/a            1.064         4.166       3.102      SLICE_X81Y121  tick2trade_bd_i/tick2trade/inst/u_book/ask_levels_reg_0_255_0_0/SP.C/CLK
Min Period        n/a     RAMD64E/CLK  n/a            1.064         4.166       3.102      SLICE_X81Y121  tick2trade_bd_i/tick2trade/inst/u_book/ask_levels_reg_0_255_0_0/SP.D/CLK
Min Period        n/a     RAMD64E/CLK  n/a            1.064         4.166       3.102      SLICE_X88Y112  tick2trade_bd_i/tick2trade/inst/u_book/ask_levels_reg_0_255_10_10/DP.A/CLK
Low Pulse Width   Slow    SRL16E/CLK   n/a            0.532         2.083       1.551      SLICE_X64Y10   tick2trade_bd_i/rst_core_250M/U0/EXT_LPF/POR_SRL_I/CLK
Low Pulse Width   Fast    SRL16E/CLK   n/a            0.532         2.083       1.551      SLICE_X64Y10   tick2trade_bd_i/rst_core_250M/U0/EXT_LPF/POR_SRL_I/CLK
Low Pulse Width   Slow    RAMD64E/CLK  n/a            0.532         2.083       1.551      SLICE_X81Y121  tick2trade_bd_i/tick2trade/inst/u_book/ask_levels_reg_0_255_0_0/DP.A/CLK
Low Pulse Width   Fast    RAMD64E/CLK  n/a            0.532         2.083       1.551      SLICE_X81Y121  tick2trade_bd_i/tick2trade/inst/u_book/ask_levels_reg_0_255_0_0/DP.A/CLK
Low Pulse Width   Slow    RAMD64E/CLK  n/a            0.532         2.083       1.551      SLICE_X81Y121  tick2trade_bd_i/tick2trade/inst/u_book/ask_levels_reg_0_255_0_0/DP.B/CLK
Low Pulse Width   Fast    RAMD64E/CLK  n/a            0.532         2.083       1.551      SLICE_X81Y121  tick2trade_bd_i/tick2trade/inst/u_book/ask_levels_reg_0_255_0_0/DP.B/CLK
Low Pulse Width   Slow    RAMD64E/CLK  n/a            0.532         2.083       1.551      SLICE_X81Y121  tick2trade_bd_i/tick2trade/inst/u_book/ask_levels_reg_0_255_0_0/DP.C/CLK
Low Pulse Width   Fast    RAMD64E/CLK  n/a            0.532         2.083       1.551      SLICE_X81Y121  tick2trade_bd_i/tick2trade/inst/u_book/ask_levels_reg_0_255_0_0/DP.C/CLK
Low Pulse Width   Slow    RAMD64E/CLK  n/a            0.532         2.083       1.551      SLICE_X81Y121  tick2trade_bd_i/tick2trade/inst/u_book/ask_levels_reg_0_255_0_0/DP.D/CLK
Low Pulse Width   Fast    RAMD64E/CLK  n/a            0.532         2.083       1.551      SLICE_X81Y121  tick2trade_bd_i/tick2trade/inst/u_book/ask_levels_reg_0_255_0_0/DP.D/CLK
High Pulse Width  Slow    SRL16E/CLK   n/a            0.532         2.083       1.551      SLICE_X64Y10   tick2trade_bd_i/rst_core_250M/U0/EXT_LPF/POR_SRL_I/CLK
High Pulse Width  Fast    SRL16E/CLK   n/a            0.532         2.083       1.551      SLICE_X64Y10   tick2trade_bd_i/rst_core_250M/U0/EXT_LPF/POR_SRL_I/CLK
High Pulse Width  Slow    RAMD64E/CLK  n/a            0.532         2.083       1.551      SLICE_X81Y121  tick2trade_bd_i/tick2trade/inst/u_book/ask_levels_reg_0_255_0_0/DP.A/CLK
High Pulse Width  Fast    RAMD64E/CLK  n/a            0.532         2.083       1.551      SLICE_X81Y121  tick2trade_bd_i/tick2trade/inst/u_book/ask_levels_reg_0_255_0_0/DP.A/CLK
High Pulse Width  Slow    RAMD64E/CLK  n/a            0.532         2.083       1.551      SLICE_X81Y121  tick2trade_bd_i/tick2trade/inst/u_book/ask_levels_reg_0_255_0_0/DP.B/CLK
High Pulse Width  Fast    RAMD64E/CLK  n/a            0.532         2.083       1.551      SLICE_X81Y121  tick2trade_bd_i/tick2trade/inst/u_book/ask_levels_reg_0_255_0_0/DP.B/CLK
High Pulse Width  Slow    RAMD64E/CLK  n/a            0.532         2.083       1.551      SLICE_X81Y121  tick2trade_bd_i/tick2trade/inst/u_book/ask_levels_reg_0_255_0_0/DP.C/CLK
High Pulse Width  Fast    RAMD64E/CLK  n/a            0.532         2.083       1.551      SLICE_X81Y121  tick2trade_bd_i/tick2trade/inst/u_book/ask_levels_reg_0_255_0_0/DP.C/CLK
High Pulse Width  Slow    RAMD64E/CLK  n/a            0.532         2.083       1.551      SLICE_X81Y121  tick2trade_bd_i/tick2trade/inst/u_book/ask_levels_reg_0_255_0_0/DP.D/CLK
High Pulse Width  Fast    RAMD64E/CLK  n/a            0.532         2.083       1.551      SLICE_X81Y121  tick2trade_bd_i/tick2trade/inst/u_book/ask_levels_reg_0_255_0_0/DP.D/CLK



--------------------------------------------------------------------------------------
Path Group:  (none)
From Clock:  
  To Clock:  clk_pl_0

Max Delay             1 Endpoint
Min Delay             1 Endpoint
--------------------------------------------------------------------------------------


Max Delay Paths
--------------------------------------------------------------------------------------
Slack:                    inf
  Source:                 tick2trade_bd_i/zynq_ps/inst/PS8_i/EMIOGPIOO[95]
                            (internal pin)
  Destination:            tick2trade_bd_i/rst_zynq_ps_100M/U0/EXT_LPF/ACTIVE_LOW_EXT.ACT_LO_EXT/GENERATE_LEVEL_P_S_CDC.SINGLE_BIT.CROSS_PLEVEL_IN2SCNDRY_IN_cdc_to/D
                            (rising edge-triggered cell FDRE clocked by clk_pl_0  {rise@0.000ns fall@5.000ns period=10.000ns})
  Path Group:             (none)
  Path Type:              Setup (Max at Slow Process Corner)
  Data Path Delay:        2.391ns  (logic 0.088ns (3.680%)  route 2.303ns (96.320%))
  Logic Levels:           1  (LUT1=1)
  Clock Uncertainty:      0.127ns  ((TSJ^2 + DJ^2)^1/2) / 2 + PE
    Total System Jitter     (TSJ):    0.050ns
    Discrete Jitter          (DJ):    0.250ns
    Phase Error              (PE):    0.000ns
  Clock Net Delay (Destination): 1.591ns (routing 0.512ns, distribution 1.079ns)
  Timing Exception:       False Path

    Location             Delay type                Incr(ns)  Path(ns)    Netlist Resource(s)
  -------------------------------------------------------------------    -------------------
    PS8_X0Y0             PS8                          0.000     0.000 f  tick2trade_bd_i/zynq_ps/inst/PS8_i/EMIOGPIOO[95]
                         net (fo=2, routed)           2.122     2.122    tick2trade_bd_i/rst_zynq_ps_100M/U0/EXT_LPF/ACTIVE_LOW_EXT.ACT_LO_EXT/ext_reset_in
    SLICE_X61Y9          LUT1 (Prop_C6LUT_SLICEM_I0_O)
                                                      0.088     2.210 r  tick2trade_bd_i/rst_zynq_ps_100M/U0/EXT_LPF/ACTIVE_LOW_EXT.ACT_LO_EXT/GENERATE_LEVEL_P_S_CDC.SINGLE_BIT.CROSS_PLEVEL_IN2SCNDRY_IN_cdc_to_i_1/O
                         net (fo=1, routed)           0.181     2.391    tick2trade_bd_i/rst_zynq_ps_100M/U0/EXT_LPF/ACTIVE_LOW_EXT.ACT_LO_EXT/exr_d1
    SLICE_X61Y9          FDRE                                         r  tick2trade_bd_i/rst_zynq_ps_100M/U0/EXT_LPF/ACTIVE_LOW_EXT.ACT_LO_EXT/GENERATE_LEVEL_P_S_CDC.SINGLE_BIT.CROSS_PLEVEL_IN2SCNDRY_IN_cdc_to/D
  -------------------------------------------------------------------    -------------------

                         (clock clk_pl_0 rise edge)
                                                      0.000     0.000 r  
    PS8_X0Y0             PS8                          0.000     0.000 r  tick2trade_bd_i/zynq_ps/inst/PS8_i/PLCLK[0]
                         net (fo=1, routed)           0.143     0.143    tick2trade_bd_i/zynq_ps/inst/pl_clk_unbuffered[0]
    BUFG_PS_X0Y80        BUFG_PS (Prop_BUFG_PS_I_O)
                                                      0.025     0.168 r  tick2trade_bd_i/zynq_ps/inst/buffer_pl_clk_0.PL_CLK_0_BUFG/O
    X1Y2 (CLOCK_ROOT)    net (fo=2122, routed)        1.591     1.759    tick2trade_bd_i/rst_zynq_ps_100M/U0/EXT_LPF/ACTIVE_LOW_EXT.ACT_LO_EXT/slowest_sync_clk
    SLICE_X61Y9          FDRE                                         r  tick2trade_bd_i/rst_zynq_ps_100M/U0/EXT_LPF/ACTIVE_LOW_EXT.ACT_LO_EXT/GENERATE_LEVEL_P_S_CDC.SINGLE_BIT.CROSS_PLEVEL_IN2SCNDRY_IN_cdc_to/C





Min Delay Paths
--------------------------------------------------------------------------------------
Slack:                    inf
  Source:                 tick2trade_bd_i/zynq_ps/inst/PS8_i/EMIOGPIOO[95]
                            (internal pin)
  Destination:            tick2trade_bd_i/rst_zynq_ps_100M/U0/EXT_LPF/ACTIVE_LOW_EXT.ACT_LO_EXT/GENERATE_LEVEL_P_S_CDC.SINGLE_BIT.CROSS_PLEVEL_IN2SCNDRY_IN_cdc_to/D
                            (rising edge-triggered cell FDRE clocked by clk_pl_0  {rise@0.000ns fall@5.000ns period=10.000ns})
  Path Group:             (none)
  Path Type:              Hold (Min at Fast Process Corner)
  Data Path Delay:        1.195ns  (logic 0.035ns (2.929%)  route 1.160ns (97.071%))
  Logic Levels:           1  (LUT1=1)
  Clock Uncertainty:      0.127ns  ((TSJ^2 + DJ^2)^1/2) / 2 + PE
    Total System Jitter     (TSJ):    0.050ns
    Discrete Jitter          (DJ):    0.250ns
    Phase Error              (PE):    0.000ns
  Clock Net Delay (Destination): 1.135ns (routing 0.352ns, distribution 0.783ns)
  Timing Exception:       False Path

    Location             Delay type                Incr(ns)  Path(ns)    Netlist Resource(s)
  -------------------------------------------------------------------    -------------------
    PS8_X0Y0             PS8                          0.000     0.000 f  tick2trade_bd_i/zynq_ps/inst/PS8_i/EMIOGPIOO[95]
                         net (fo=2, routed)           1.099     1.099    tick2trade_bd_i/rst_zynq_ps_100M/U0/EXT_LPF/ACTIVE_LOW_EXT.ACT_LO_EXT/ext_reset_in
    SLICE_X61Y9          LUT1 (Prop_C6LUT_SLICEM_I0_O)
                                                      0.035     1.134 r  tick2trade_bd_i/rst_zynq_ps_100M/U0/EXT_LPF/ACTIVE_LOW_EXT.ACT_LO_EXT/GENERATE_LEVEL_P_S_CDC.SINGLE_BIT.CROSS_PLEVEL_IN2SCNDRY_IN_cdc_to_i_1/O
                         net (fo=1, routed)           0.061     1.195    tick2trade_bd_i/rst_zynq_ps_100M/U0/EXT_LPF/ACTIVE_LOW_EXT.ACT_LO_EXT/exr_d1
    SLICE_X61Y9          FDRE                                         r  tick2trade_bd_i/rst_zynq_ps_100M/U0/EXT_LPF/ACTIVE_LOW_EXT.ACT_LO_EXT/GENERATE_LEVEL_P_S_CDC.SINGLE_BIT.CROSS_PLEVEL_IN2SCNDRY_IN_cdc_to/D
  -------------------------------------------------------------------    -------------------

                         (clock clk_pl_0 rise edge)
                                                      0.000     0.000 r  
    PS8_X0Y0             PS8                          0.000     0.000 r  tick2trade_bd_i/zynq_ps/inst/PS8_i/PLCLK[0]
                         net (fo=1, routed)           0.154     0.154    tick2trade_bd_i/zynq_ps/inst/pl_clk_unbuffered[0]
    BUFG_PS_X0Y80        BUFG_PS (Prop_BUFG_PS_I_O)
                                                      0.018     0.172 r  tick2trade_bd_i/zynq_ps/inst/buffer_pl_clk_0.PL_CLK_0_BUFG/O
    X1Y2 (CLOCK_ROOT)    net (fo=2122, routed)        1.135     1.307    tick2trade_bd_i/rst_zynq_ps_100M/U0/EXT_LPF/ACTIVE_LOW_EXT.ACT_LO_EXT/slowest_sync_clk
    SLICE_X61Y9          FDRE                                         r  tick2trade_bd_i/rst_zynq_ps_100M/U0/EXT_LPF/ACTIVE_LOW_EXT.ACT_LO_EXT/GENERATE_LEVEL_P_S_CDC.SINGLE_BIT.CROSS_PLEVEL_IN2SCNDRY_IN_cdc_to/C





--------------------------------------------------------------------------------------
Path Group:  (none)
From Clock:  clk_pl_0
  To Clock:  clk_pl_0

Max Delay             2 Endpoints
Min Delay             2 Endpoints
--------------------------------------------------------------------------------------


Max Delay Paths
--------------------------------------------------------------------------------------
Slack:                    inf
  Source:                 tick2trade_bd_i/rst_zynq_ps_100M/U0/ACTIVE_LOW_PR_OUT_DFF[0].FDRE_PER_N/C
                            (rising edge-triggered cell FDRE clocked by clk_pl_0  {rise@0.000ns fall@5.000ns period=10.000ns})
  Destination:            tick2trade_bd_i/axi_dma/U0/I_RST_MODULE/REG_HRD_RST_OUT/GENERATE_LEVEL_P_S_CDC.SINGLE_BIT.CROSS_PLEVEL_IN2SCNDRY_IN_cdc_to/D
                            (rising edge-triggered cell FDRE clocked by clk_pl_0  {rise@0.000ns fall@5.000ns period=10.000ns})
  Path Group:             (none)
  Path Type:              Setup (Max at Slow Process Corner)
  Data Path Delay:        2.585ns  (logic 0.079ns (3.056%)  route 2.506ns (96.944%))
  Logic Levels:           0  
  Clock Path Skew:        -0.248ns (DCD - SCD + CPR)
    Destination Clock Delay (DCD):    1.744ns
    Source Clock Delay      (SCD):    1.992ns
    Clock Pessimism Removal (CPR):    0.000ns
  Clock Uncertainty:      0.130ns  ((TSJ^2 + DJ^2)^1/2) / 2 + PE
    Total System Jitter     (TSJ):    0.071ns
    Discrete Jitter          (DJ):    0.250ns
    Phase Error              (PE):    0.000ns
  Clock Net Delay (Source):      1.784ns (routing 0.569ns, distribution 1.215ns)
  Clock Net Delay (Destination): 1.576ns (routing 0.512ns, distribution 1.064ns)
  Timing Exception:       False Path

    Location             Delay type                Incr(ns)  Path(ns)    Netlist Resource(s)
  -------------------------------------------------------------------    -------------------
                         (clock clk_pl_0 rise edge)
                                                      0.000     0.000 r  
    PS8_X0Y0             PS8                          0.000     0.000 r  tick2trade_bd_i/zynq_ps/inst/PS8_i/PLCLK[0]
                         net (fo=1, routed)           0.180     0.180    tick2trade_bd_i/zynq_ps/inst/pl_clk_unbuffered[0]
    BUFG_PS_X0Y80        BUFG_PS (Prop_BUFG_PS_I_O)
                                                      0.028     0.208 r  tick2trade_bd_i/zynq_ps/inst/buffer_pl_clk_0.PL_CLK_0_BUFG/O
    X1Y2 (CLOCK_ROOT)    net (fo=2122, routed)        1.784     1.992    tick2trade_bd_i/rst_zynq_ps_100M/U0/slowest_sync_clk
    SLICE_X58Y9          FDRE                                         r  tick2trade_bd_i/rst_zynq_ps_100M/U0/ACTIVE_LOW_PR_OUT_DFF[0].FDRE_PER_N/C
  -------------------------------------------------------------------    -------------------
    SLICE_X58Y9          FDRE (Prop_DFF_SLICEL_C_Q)
                                                      0.079     2.071 r  tick2trade_bd_i/rst_zynq_ps_100M/U0/ACTIVE_LOW_PR_OUT_DFF[0].FDRE_PER_N/Q
                         net (fo=86, routed)          2.506     4.577    tick2trade_bd_i/axi_dma/U0/I_RST_MODULE/REG_HRD_RST_OUT/axi_resetn
    SLICE_X52Y231        FDRE                                         r  tick2trade_bd_i/axi_dma/U0/I_RST_MODULE/REG_HRD_RST_OUT/GENERATE_LEVEL_P_S_CDC.SINGLE_BIT.CROSS_PLEVEL_IN2SCNDRY_IN_cdc_to/D
  -------------------------------------------------------------------    -------------------

                         (clock clk_pl_0 rise edge)
                                                      0.000     0.000 r  
    PS8_X0Y0             PS8                          0.000     0.000 r  tick2trade_bd_i/zynq_ps/inst/PS8_i/PLCLK[0]
                         net (fo=1, routed)           0.143     0.143    tick2trade_bd_i/zynq_ps/inst/pl_clk_unbuffered[0]
    BUFG_PS_X0Y80        BUFG_PS (Prop_BUFG_PS_I_O)
                                                      0.025     0.168 r  tick2trade_bd_i/zynq_ps/inst/buffer_pl_clk_0.PL_CLK_0_BUFG/O
    X1Y2 (CLOCK_ROOT)    net (fo=2122, routed)        1.576     1.744    tick2trade_bd_i/axi_dma/U0/I_RST_MODULE/REG_HRD_RST_OUT/s_axi_lite_aclk
    SLICE_X52Y231        FDRE                                         r  tick2trade_bd_i/axi_dma/U0/I_RST_MODULE/REG_HRD_RST_OUT/GENERATE_LEVEL_P_S_CDC.SINGLE_BIT.CROSS_PLEVEL_IN2SCNDRY_IN_cdc_to/C

Slack:                    inf
  Source:                 tick2trade_bd_i/rst_zynq_ps_100M/U0/ACTIVE_LOW_PR_OUT_DFF[0].FDRE_PER_N/C
                            (rising edge-triggered cell FDRE clocked by clk_pl_0  {rise@0.000ns fall@5.000ns period=10.000ns})
  Destination:            tick2trade_bd_i/axi_dma/U0/I_RST_MODULE/REG_HRD_RST/GENERATE_LEVEL_P_S_CDC.SINGLE_BIT.CROSS_PLEVEL_IN2SCNDRY_IN_cdc_to/D
                            (rising edge-triggered cell FDRE clocked by clk_pl_0  {rise@0.000ns fall@5.000ns period=10.000ns})
  Path Group:             (none)
  Path Type:              Setup (Max at Slow Process Corner)
  Data Path Delay:        2.526ns  (logic 0.079ns (3.127%)  route 2.447ns (96.873%))
  Logic Levels:           0  
  Clock Path Skew:        -0.237ns (DCD - SCD + CPR)
    Destination Clock Delay (DCD):    1.755ns
    Source Clock Delay      (SCD):    1.992ns
    Clock Pessimism Removal (CPR):    0.000ns
  Clock Uncertainty:      0.130ns  ((TSJ^2 + DJ^2)^1/2) / 2 + PE
    Total System Jitter     (TSJ):    0.071ns
    Discrete Jitter          (DJ):    0.250ns
    Phase Error              (PE):    0.000ns
  Clock Net Delay (Source):      1.784ns (routing 0.569ns, distribution 1.215ns)
  Clock Net Delay (Destination): 1.587ns (routing 0.512ns, distribution 1.075ns)
  Timing Exception:       False Path

    Location             Delay type                Incr(ns)  Path(ns)    Netlist Resource(s)
  -------------------------------------------------------------------    -------------------
                         (clock clk_pl_0 rise edge)
                                                      0.000     0.000 r  
    PS8_X0Y0             PS8                          0.000     0.000 r  tick2trade_bd_i/zynq_ps/inst/PS8_i/PLCLK[0]
                         net (fo=1, routed)           0.180     0.180    tick2trade_bd_i/zynq_ps/inst/pl_clk_unbuffered[0]
    BUFG_PS_X0Y80        BUFG_PS (Prop_BUFG_PS_I_O)
                                                      0.028     0.208 r  tick2trade_bd_i/zynq_ps/inst/buffer_pl_clk_0.PL_CLK_0_BUFG/O
    X1Y2 (CLOCK_ROOT)    net (fo=2122, routed)        1.784     1.992    tick2trade_bd_i/rst_zynq_ps_100M/U0/slowest_sync_clk
    SLICE_X58Y9          FDRE                                         r  tick2trade_bd_i/rst_zynq_ps_100M/U0/ACTIVE_LOW_PR_OUT_DFF[0].FDRE_PER_N/C
  -------------------------------------------------------------------    -------------------
    SLICE_X58Y9          FDRE (Prop_DFF_SLICEL_C_Q)
                                                      0.079     2.071 r  tick2trade_bd_i/rst_zynq_ps_100M/U0/ACTIVE_LOW_PR_OUT_DFF[0].FDRE_PER_N/Q
                         net (fo=86, routed)          2.447     4.518    tick2trade_bd_i/axi_dma/U0/I_RST_MODULE/REG_HRD_RST/axi_resetn
    SLICE_X54Y219        FDRE                                         r  tick2trade_bd_i/axi_dma/U0/I_RST_MODULE/REG_HRD_RST/GENERATE_LEVEL_P_S_CDC.SINGLE_BIT.CROSS_PLEVEL_IN2SCNDRY_IN_cdc_to/D
  -------------------------------------------------------------------    -------------------

                         (clock clk_pl_0 rise edge)
                                                      0.000     0.000 r  
    PS8_X0Y0             PS8                          0.000     0.000 r  tick2trade_bd_i/zynq_ps/inst/PS8_i/PLCLK[0]
                         net (fo=1, routed)           0.143     0.143    tick2trade_bd_i/zynq_ps/inst/pl_clk_unbuffered[0]
    BUFG_PS_X0Y80        BUFG_PS (Prop_BUFG_PS_I_O)
                                                      0.025     0.168 r  tick2trade_bd_i/zynq_ps/inst/buffer_pl_clk_0.PL_CLK_0_BUFG/O
    X1Y2 (CLOCK_ROOT)    net (fo=2122, routed)        1.587     1.755    tick2trade_bd_i/axi_dma/U0/I_RST_MODULE/REG_HRD_RST/s_axi_lite_aclk
    SLICE_X54Y219        FDRE                                         r  tick2trade_bd_i/axi_dma/U0/I_RST_MODULE/REG_HRD_RST/GENERATE_LEVEL_P_S_CDC.SINGLE_BIT.CROSS_PLEVEL_IN2SCNDRY_IN_cdc_to/C





Min Delay Paths
--------------------------------------------------------------------------------------
Slack:                    inf
  Source:                 tick2trade_bd_i/rst_zynq_ps_100M/U0/ACTIVE_LOW_PR_OUT_DFF[0].FDRE_PER_N/C
                            (rising edge-triggered cell FDRE clocked by clk_pl_0  {rise@0.000ns fall@5.000ns period=10.000ns})
  Destination:            tick2trade_bd_i/axi_dma/U0/I_RST_MODULE/REG_HRD_RST/GENERATE_LEVEL_P_S_CDC.SINGLE_BIT.CROSS_PLEVEL_IN2SCNDRY_IN_cdc_to/D
                            (rising edge-triggered cell FDRE clocked by clk_pl_0  {rise@0.000ns fall@5.000ns period=10.000ns})
  Path Group:             (none)
  Path Type:              Hold (Min at Fast Process Corner)
  Data Path Delay:        1.292ns  (logic 0.039ns (3.019%)  route 1.253ns (96.981%))
  Logic Levels:           0  
  Clock Path Skew:        0.165ns (DCD - SCD - CPR)
    Destination Clock Delay (DCD):    1.292ns
    Source Clock Delay      (SCD):    1.127ns
    Clock Pessimism Removal (CPR):    -0.000ns
  Clock Uncertainty:      0.130ns  ((TSJ^2 + DJ^2)^1/2) / 2 + PE
    Total System Jitter     (TSJ):    0.071ns
    Discrete Jitter          (DJ):    0.250ns
    Phase Error              (PE):    0.000ns
  Clock Net Delay (Source):      0.988ns (routing 0.311ns, distribution 0.677ns)
  Clock Net Delay (Destination): 1.120ns (routing 0.352ns, distribution 0.768ns)
  Timing Exception:       False Path

    Location             Delay type                Incr(ns)  Path(ns)    Netlist Resource(s)
  -------------------------------------------------------------------    -------------------
                         (clock clk_pl_0 rise edge)
                                                      0.000     0.000 r  
    PS8_X0Y0             PS8                          0.000     0.000 r  tick2trade_bd_i/zynq_ps/inst/PS8_i/PLCLK[0]
                         net (fo=1, routed)           0.122     0.122    tick2trade_bd_i/zynq_ps/inst/pl_clk_unbuffered[0]
    BUFG_PS_X0Y80        BUFG_PS (Prop_BUFG_PS_I_O)
                                                      0.017     0.139 r  tick2trade_bd_i/zynq_ps/inst/buffer_pl_clk_0.PL_CLK_0_BUFG/O
    X1Y2 (CLOCK_ROOT)    net (fo=2122, routed)        0.988     1.127    tick2trade_bd_i/rst_zynq_ps_100M/U0/slowest_sync_clk
    SLICE_X58Y9          FDRE                                         r  tick2trade_bd_i/rst_zynq_ps_100M/U0/ACTIVE_LOW_PR_OUT_DFF[0].FDRE_PER_N/C
  -------------------------------------------------------------------    -------------------
    SLICE_X58Y9          FDRE (Prop_DFF_SLICEL_C_Q)
                                                      0.039     1.166 r  tick2trade_bd_i/rst_zynq_ps_100M/U0/ACTIVE_LOW_PR_OUT_DFF[0].FDRE_PER_N/Q
                         net (fo=86, routed)          1.253     2.419    tick2trade_bd_i/axi_dma/U0/I_RST_MODULE/REG_HRD_RST/axi_resetn
    SLICE_X54Y219        FDRE                                         r  tick2trade_bd_i/axi_dma/U0/I_RST_MODULE/REG_HRD_RST/GENERATE_LEVEL_P_S_CDC.SINGLE_BIT.CROSS_PLEVEL_IN2SCNDRY_IN_cdc_to/D
  -------------------------------------------------------------------    -------------------

                         (clock clk_pl_0 rise edge)
                                                      0.000     0.000 r  
    PS8_X0Y0             PS8                          0.000     0.000 r  tick2trade_bd_i/zynq_ps/inst/PS8_i/PLCLK[0]
                         net (fo=1, routed)           0.154     0.154    tick2trade_bd_i/zynq_ps/inst/pl_clk_unbuffered[0]
    BUFG_PS_X0Y80        BUFG_PS (Prop_BUFG_PS_I_O)
                                                      0.018     0.172 r  tick2trade_bd_i/zynq_ps/inst/buffer_pl_clk_0.PL_CLK_0_BUFG/O
    X1Y2 (CLOCK_ROOT)    net (fo=2122, routed)        1.120     1.292    tick2trade_bd_i/axi_dma/U0/I_RST_MODULE/REG_HRD_RST/s_axi_lite_aclk
    SLICE_X54Y219        FDRE                                         r  tick2trade_bd_i/axi_dma/U0/I_RST_MODULE/REG_HRD_RST/GENERATE_LEVEL_P_S_CDC.SINGLE_BIT.CROSS_PLEVEL_IN2SCNDRY_IN_cdc_to/C

Slack:                    inf
  Source:                 tick2trade_bd_i/rst_zynq_ps_100M/U0/ACTIVE_LOW_PR_OUT_DFF[0].FDRE_PER_N/C
                            (rising edge-triggered cell FDRE clocked by clk_pl_0  {rise@0.000ns fall@5.000ns period=10.000ns})
  Destination:            tick2trade_bd_i/axi_dma/U0/I_RST_MODULE/REG_HRD_RST_OUT/GENERATE_LEVEL_P_S_CDC.SINGLE_BIT.CROSS_PLEVEL_IN2SCNDRY_IN_cdc_to/D
                            (rising edge-triggered cell FDRE clocked by clk_pl_0  {rise@0.000ns fall@5.000ns period=10.000ns})
  Path Group:             (none)
  Path Type:              Hold (Min at Fast Process Corner)
  Data Path Delay:        1.322ns  (logic 0.039ns (2.950%)  route 1.283ns (97.050%))
  Logic Levels:           0  
  Clock Path Skew:        0.152ns (DCD - SCD - CPR)
    Destination Clock Delay (DCD):    1.279ns
    Source Clock Delay      (SCD):    1.127ns
    Clock Pessimism Removal (CPR):    -0.000ns
  Clock Uncertainty:      0.130ns  ((TSJ^2 + DJ^2)^1/2) / 2 + PE
    Total System Jitter     (TSJ):    0.071ns
    Discrete Jitter          (DJ):    0.250ns
    Phase Error              (PE):    0.000ns
  Clock Net Delay (Source):      0.988ns (routing 0.311ns, distribution 0.677ns)
  Clock Net Delay (Destination): 1.107ns (routing 0.352ns, distribution 0.755ns)
  Timing Exception:       False Path

    Location             Delay type                Incr(ns)  Path(ns)    Netlist Resource(s)
  -------------------------------------------------------------------    -------------------
                         (clock clk_pl_0 rise edge)
                                                      0.000     0.000 r  
    PS8_X0Y0             PS8                          0.000     0.000 r  tick2trade_bd_i/zynq_ps/inst/PS8_i/PLCLK[0]
                         net (fo=1, routed)           0.122     0.122    tick2trade_bd_i/zynq_ps/inst/pl_clk_unbuffered[0]
    BUFG_PS_X0Y80        BUFG_PS (Prop_BUFG_PS_I_O)
                                                      0.017     0.139 r  tick2trade_bd_i/zynq_ps/inst/buffer_pl_clk_0.PL_CLK_0_BUFG/O
    X1Y2 (CLOCK_ROOT)    net (fo=2122, routed)        0.988     1.127    tick2trade_bd_i/rst_zynq_ps_100M/U0/slowest_sync_clk
    SLICE_X58Y9          FDRE                                         r  tick2trade_bd_i/rst_zynq_ps_100M/U0/ACTIVE_LOW_PR_OUT_DFF[0].FDRE_PER_N/C
  -------------------------------------------------------------------    -------------------
    SLICE_X58Y9          FDRE (Prop_DFF_SLICEL_C_Q)
                                                      0.039     1.166 r  tick2trade_bd_i/rst_zynq_ps_100M/U0/ACTIVE_LOW_PR_OUT_DFF[0].FDRE_PER_N/Q
                         net (fo=86, routed)          1.283     2.449    tick2trade_bd_i/axi_dma/U0/I_RST_MODULE/REG_HRD_RST_OUT/axi_resetn
    SLICE_X52Y231        FDRE                                         r  tick2trade_bd_i/axi_dma/U0/I_RST_MODULE/REG_HRD_RST_OUT/GENERATE_LEVEL_P_S_CDC.SINGLE_BIT.CROSS_PLEVEL_IN2SCNDRY_IN_cdc_to/D
  -------------------------------------------------------------------    -------------------

                         (clock clk_pl_0 rise edge)
                                                      0.000     0.000 r  
    PS8_X0Y0             PS8                          0.000     0.000 r  tick2trade_bd_i/zynq_ps/inst/PS8_i/PLCLK[0]
                         net (fo=1, routed)           0.154     0.154    tick2trade_bd_i/zynq_ps/inst/pl_clk_unbuffered[0]
    BUFG_PS_X0Y80        BUFG_PS (Prop_BUFG_PS_I_O)
                                                      0.018     0.172 r  tick2trade_bd_i/zynq_ps/inst/buffer_pl_clk_0.PL_CLK_0_BUFG/O
    X1Y2 (CLOCK_ROOT)    net (fo=2122, routed)        1.107     1.279    tick2trade_bd_i/axi_dma/U0/I_RST_MODULE/REG_HRD_RST_OUT/s_axi_lite_aclk
    SLICE_X52Y231        FDRE                                         r  tick2trade_bd_i/axi_dma/U0/I_RST_MODULE/REG_HRD_RST_OUT/GENERATE_LEVEL_P_S_CDC.SINGLE_BIT.CROSS_PLEVEL_IN2SCNDRY_IN_cdc_to/C





--------------------------------------------------------------------------------------
Path Group:  (none)
From Clock:  clk_pl_1
  To Clock:  clk_pl_0

Max Delay            46 Endpoints
Min Delay            46 Endpoints
--------------------------------------------------------------------------------------


Max Delay Paths
--------------------------------------------------------------------------------------
Slack:                    inf
  Source:                 tick2trade_bd_i/zynq_ps_axi_periph/m01_couplers/auto_cc/inst/gen_clock_conv.gen_async_lite_conv.clock_conv_lite_resp_b/handshake/src_sendd_ff_reg/C
                            (rising edge-triggered cell FDRE clocked by clk_pl_1  {rise@0.000ns fall@2.083ns period=4.166ns})
  Destination:            tick2trade_bd_i/zynq_ps_axi_periph/m01_couplers/auto_cc/inst/gen_clock_conv.gen_async_lite_conv.clock_conv_lite_resp_b/handshake/xpm_cdc_single_src2dest_inst/syncstages_ff_reg[0]/D
                            (rising edge-triggered cell FDRE clocked by clk_pl_0  {rise@0.000ns fall@5.000ns period=10.000ns})
  Path Group:             (none)
  Path Type:              Setup (Max at Slow Process Corner)
  Data Path Delay:        0.544ns  (logic 0.079ns (14.534%)  route 0.465ns (85.466%))
  Logic Levels:           0  
  Clock Path Skew:        -0.376ns (DCD - SCD + CPR)
    Destination Clock Delay (DCD):    1.745ns
    Source Clock Delay      (SCD):    2.121ns
    Clock Pessimism Removal (CPR):    0.000ns
  Clock Uncertainty:      0.130ns  ((TSJ^2 + DJ^2)^1/2) / 2 + PE
    Total System Jitter     (TSJ):    0.071ns
    Discrete Jitter          (DJ):    0.250ns
    Phase Error              (PE):    0.000ns
  Clock Net Delay (Source):      1.913ns (routing 0.657ns, distribution 1.256ns)
  Clock Net Delay (Destination): 1.577ns (routing 0.512ns, distribution 1.065ns)
  Timing Exception:       Asynchronous Clock Groups

    Location             Delay type                Incr(ns)  Path(ns)    Netlist Resource(s)
  -------------------------------------------------------------------    -------------------
                         (clock clk_pl_1 rise edge)
                                                      0.000     0.000 r  
    PS8_X0Y0             PS8                          0.000     0.000 r  tick2trade_bd_i/zynq_ps/inst/PS8_i/PLCLK[1]
                         net (fo=1, routed)           0.180     0.180    tick2trade_bd_i/zynq_ps/inst/pl_clk_unbuffered[1]
    BUFG_PS_X0Y92        BUFG_PS (Prop_BUFG_PS_I_O)
                                                      0.028     0.208 r  tick2trade_bd_i/zynq_ps/inst/buffer_pl_clk_1.PL_CLK_1_BUFG/O
    X1Y2 (CLOCK_ROOT)    net (fo=19641, routed)       1.913     2.121    tick2trade_bd_i/zynq_ps_axi_periph/m01_couplers/auto_cc/inst/gen_clock_conv.gen_async_lite_conv.clock_conv_lite_resp_b/handshake/src_clk
    SLICE_X55Y235        FDRE                                         r  tick2trade_bd_i/zynq_ps_axi_periph/m01_couplers/auto_cc/inst/gen_clock_conv.gen_async_lite_conv.clock_conv_lite_resp_b/handshake/src_sendd_ff_reg/C
  -------------------------------------------------------------------    -------------------
    SLICE_X55Y235        FDRE (Prop_EFF_SLICEL_C_Q)
                                                      0.079     2.200 r  tick2trade_bd_i/zynq_ps_axi_periph/m01_couplers/auto_cc/inst/gen_clock_conv.gen_async_lite_conv.clock_conv_lite_resp_b/handshake/src_sendd_ff_reg/Q
                         net (fo=2, routed)           0.465     2.665    tick2trade_bd_i/zynq_ps_axi_periph/m01_couplers/auto_cc/inst/gen_clock_conv.gen_async_lite_conv.clock_conv_lite_resp_b/handshake/xpm_cdc_single_src2dest_inst/src_in
    SLICE_X52Y239        FDRE                                         r  tick2trade_bd_i/zynq_ps_axi_periph/m01_couplers/auto_cc/inst/gen_clock_conv.gen_async_lite_conv.clock_conv_lite_resp_b/handshake/xpm_cdc_single_src2dest_inst/syncstages_ff_reg[0]/D
  -------------------------------------------------------------------    -------------------

                         (clock clk_pl_0 rise edge)
                                                      0.000     0.000 r  
    PS8_X0Y0             PS8                          0.000     0.000 r  tick2trade_bd_i/zynq_ps/inst/PS8_i/PLCLK[0]
                         net (fo=1, routed)           0.143     0.143    tick2trade_bd_i/zynq_ps/inst/pl_clk_unbuffered[0]
    BUFG_PS_X0Y80        BUFG_PS (Prop_BUFG_PS_I_O)
                                                      0.025     0.168 r  tick2trade_bd_i/zynq_ps/inst/buffer_pl_clk_0.PL_CLK_0_BUFG/O
    X1Y2 (CLOCK_ROOT)    net (fo=2122, routed)        1.577     1.745    tick2trade_bd_i/zynq_ps_axi_periph/m01_couplers/auto_cc/inst/gen_clock_conv.gen_async_lite_conv.clock_conv_lite_resp_b/handshake/xpm_cdc_single_src2dest_inst/dest_clk
    SLICE_X52Y239        FDRE                                         r  tick2trade_bd_i/zynq_ps_axi_periph/m01_couplers/auto_cc/inst/gen_clock_conv.gen_async_lite_conv.clock_conv_lite_resp_b/handshake/xpm_cdc_single_src2dest_inst/syncstages_ff_reg[0]/C

Slack:                    inf
  Source:                 tick2trade_bd_i/zynq_ps_axi_periph/m01_couplers/auto_cc/inst/gen_clock_conv.gen_async_lite_conv.clock_conv_lite_resp_r/handshake/src_sendd_ff_reg/C
                            (rising edge-triggered cell FDRE clocked by clk_pl_1  {rise@0.000ns fall@2.083ns period=4.166ns})
  Destination:            tick2trade_bd_i/zynq_ps_axi_periph/m01_couplers/auto_cc/inst/gen_clock_conv.gen_async_lite_conv.clock_conv_lite_resp_r/handshake/xpm_cdc_single_src2dest_inst/syncstages_ff_reg[0]/D
                            (rising edge-triggered cell FDRE clocked by clk_pl_0  {rise@0.000ns fall@5.000ns period=10.000ns})
  Path Group:             (none)
  Path Type:              Setup (Max at Slow Process Corner)
  Data Path Delay:        0.365ns  (logic 0.081ns (22.178%)  route 0.284ns (77.822%))
  Logic Levels:           0  
  Clock Path Skew:        -0.371ns (DCD - SCD + CPR)
    Destination Clock Delay (DCD):    1.750ns
    Source Clock Delay      (SCD):    2.121ns
    Clock Pessimism Removal (CPR):    0.000ns
  Clock Uncertainty:      0.130ns  ((TSJ^2 + DJ^2)^1/2) / 2 + PE
    Total System Jitter     (TSJ):    0.071ns
    Discrete Jitter          (DJ):    0.250ns
    Phase Error              (PE):    0.000ns
  Clock Net Delay (Source):      1.913ns (routing 0.657ns, distribution 1.256ns)
  Clock Net Delay (Destination): 1.582ns (routing 0.512ns, distribution 1.070ns)
  Timing Exception:       Asynchronous Clock Groups

    Location             Delay type                Incr(ns)  Path(ns)    Netlist Resource(s)
  -------------------------------------------------------------------    -------------------
                         (clock clk_pl_1 rise edge)
                                                      0.000     0.000 r  
    PS8_X0Y0             PS8                          0.000     0.000 r  tick2trade_bd_i/zynq_ps/inst/PS8_i/PLCLK[1]
                         net (fo=1, routed)           0.180     0.180    tick2trade_bd_i/zynq_ps/inst/pl_clk_unbuffered[1]
    BUFG_PS_X0Y92        BUFG_PS (Prop_BUFG_PS_I_O)
                                                      0.028     0.208 r  tick2trade_bd_i/zynq_ps/inst/buffer_pl_clk_1.PL_CLK_1_BUFG/O
    X1Y2 (CLOCK_ROOT)    net (fo=19641, routed)       1.913     2.121    tick2trade_bd_i/zynq_ps_axi_periph/m01_couplers/auto_cc/inst/gen_clock_conv.gen_async_lite_conv.clock_conv_lite_resp_r/handshake/src_clk
    SLICE_X55Y235        FDRE                                         r  tick2trade_bd_i/zynq_ps_axi_periph/m01_couplers/auto_cc/inst/gen_clock_conv.gen_async_lite_conv.clock_conv_lite_resp_r/handshake/src_sendd_ff_reg/C
  -------------------------------------------------------------------    -------------------
    SLICE_X55Y235        FDRE (Prop_EFF2_SLICEL_C_Q)
                                                      0.081     2.202 r  tick2trade_bd_i/zynq_ps_axi_periph/m01_couplers/auto_cc/inst/gen_clock_conv.gen_async_lite_conv.clock_conv_lite_resp_r/handshake/src_sendd_ff_reg/Q
                         net (fo=2, routed)           0.284     2.486    tick2trade_bd_i/zynq_ps_axi_periph/m01_couplers/auto_cc/inst/gen_clock_conv.gen_async_lite_conv.clock_conv_lite_resp_r/handshake/xpm_cdc_single_src2dest_inst/src_in
    SLICE_X53Y233        FDRE                                         r  tick2trade_bd_i/zynq_ps_axi_periph/m01_couplers/auto_cc/inst/gen_clock_conv.gen_async_lite_conv.clock_conv_lite_resp_r/handshake/xpm_cdc_single_src2dest_inst/syncstages_ff_reg[0]/D
  -------------------------------------------------------------------    -------------------

                         (clock clk_pl_0 rise edge)
                                                      0.000     0.000 r  
    PS8_X0Y0             PS8                          0.000     0.000 r  tick2trade_bd_i/zynq_ps/inst/PS8_i/PLCLK[0]
                         net (fo=1, routed)           0.143     0.143    tick2trade_bd_i/zynq_ps/inst/pl_clk_unbuffered[0]
    BUFG_PS_X0Y80        BUFG_PS (Prop_BUFG_PS_I_O)
                                                      0.025     0.168 r  tick2trade_bd_i/zynq_ps/inst/buffer_pl_clk_0.PL_CLK_0_BUFG/O
    X1Y2 (CLOCK_ROOT)    net (fo=2122, routed)        1.582     1.750    tick2trade_bd_i/zynq_ps_axi_periph/m01_couplers/auto_cc/inst/gen_clock_conv.gen_async_lite_conv.clock_conv_lite_resp_r/handshake/xpm_cdc_single_src2dest_inst/dest_clk
    SLICE_X53Y233        FDRE                                         r  tick2trade_bd_i/zynq_ps_axi_periph/m01_couplers/auto_cc/inst/gen_clock_conv.gen_async_lite_conv.clock_conv_lite_resp_r/handshake/xpm_cdc_single_src2dest_inst/syncstages_ff_reg[0]/C

Slack:                    inf
  Source:                 tick2trade_bd_i/zynq_ps_axi_periph/m01_couplers/auto_cc/inst/gen_clock_conv.gen_async_lite_conv.clock_conv_lite_fwd_w/dest_ack_reg/C
                            (rising edge-triggered cell FDRE clocked by clk_pl_1  {rise@0.000ns fall@2.083ns period=4.166ns})
  Destination:            tick2trade_bd_i/zynq_ps_axi_periph/m01_couplers/auto_cc/inst/gen_clock_conv.gen_async_lite_conv.clock_conv_lite_fwd_w/handshake/xpm_cdc_single_dest2src_inst/syncstages_ff_reg[0]/D
                            (rising edge-triggered cell FDRE clocked by clk_pl_0  {rise@0.000ns fall@5.000ns period=10.000ns})
  Path Group:             (none)
  Path Type:              Setup (Max at Slow Process Corner)
  Data Path Delay:        0.320ns  (logic 0.079ns (24.665%)  route 0.241ns (75.335%))
  Logic Levels:           0  
  Clock Path Skew:        -0.375ns (DCD - SCD + CPR)
    Destination Clock Delay (DCD):    1.746ns
    Source Clock Delay      (SCD):    2.121ns
    Clock Pessimism Removal (CPR):    0.000ns
  Clock Uncertainty:      0.130ns  ((TSJ^2 + DJ^2)^1/2) / 2 + PE
    Total System Jitter     (TSJ):    0.071ns
    Discrete Jitter          (DJ):    0.250ns
    Phase Error              (PE):    0.000ns
  Clock Net Delay (Source):      1.913ns (routing 0.657ns, distribution 1.256ns)
  Clock Net Delay (Destination): 1.578ns (routing 0.512ns, distribution 1.066ns)
  Timing Exception:       Asynchronous Clock Groups

    Location             Delay type                Incr(ns)  Path(ns)    Netlist Resource(s)
  -------------------------------------------------------------------    -------------------
                         (clock clk_pl_1 rise edge)
                                                      0.000     0.000 r  
    PS8_X0Y0             PS8                          0.000     0.000 r  tick2trade_bd_i/zynq_ps/inst/PS8_i/PLCLK[1]
                         net (fo=1, routed)           0.180     0.180    tick2trade_bd_i/zynq_ps/inst/pl_clk_unbuffered[1]
    BUFG_PS_X0Y92        BUFG_PS (Prop_BUFG_PS_I_O)
                                                      0.028     0.208 r  tick2trade_bd_i/zynq_ps/inst/buffer_pl_clk_1.PL_CLK_1_BUFG/O
    X1Y2 (CLOCK_ROOT)    net (fo=19641, routed)       1.913     2.121    tick2trade_bd_i/zynq_ps_axi_periph/m01_couplers/auto_cc/inst/gen_clock_conv.gen_async_lite_conv.clock_conv_lite_fwd_w/dest_ack_reg_0
    SLICE_X54Y234        FDRE                                         r  tick2trade_bd_i/zynq_ps_axi_periph/m01_couplers/auto_cc/inst/gen_clock_conv.gen_async_lite_conv.clock_conv_lite_fwd_w/dest_ack_reg/C
  -------------------------------------------------------------------    -------------------
    SLICE_X54Y234        FDRE (Prop_HFF_SLICEM_C_Q)
                                                      0.079     2.200 r  tick2trade_bd_i/zynq_ps_axi_periph/m01_couplers/auto_cc/inst/gen_clock_conv.gen_async_lite_conv.clock_conv_lite_fwd_w/dest_ack_reg/Q
                         net (fo=2, routed)           0.241     2.441    tick2trade_bd_i/zynq_ps_axi_periph/m01_couplers/auto_cc/inst/gen_clock_conv.gen_async_lite_conv.clock_conv_lite_fwd_w/handshake/xpm_cdc_single_dest2src_inst/src_in
    SLICE_X53Y234        FDRE                                         r  tick2trade_bd_i/zynq_ps_axi_periph/m01_couplers/auto_cc/inst/gen_clock_conv.gen_async_lite_conv.clock_conv_lite_fwd_w/handshake/xpm_cdc_single_dest2src_inst/syncstages_ff_reg[0]/D
  -------------------------------------------------------------------    -------------------

                         (clock clk_pl_0 rise edge)
                                                      0.000     0.000 r  
    PS8_X0Y0             PS8                          0.000     0.000 r  tick2trade_bd_i/zynq_ps/inst/PS8_i/PLCLK[0]
                         net (fo=1, routed)           0.143     0.143    tick2trade_bd_i/zynq_ps/inst/pl_clk_unbuffered[0]
    BUFG_PS_X0Y80        BUFG_PS (Prop_BUFG_PS_I_O)
                                                      0.025     0.168 r  tick2trade_bd_i/zynq_ps/inst/buffer_pl_clk_0.PL_CLK_0_BUFG/O
    X1Y2 (CLOCK_ROOT)    net (fo=2122, routed)        1.578     1.746    tick2trade_bd_i/zynq_ps_axi_periph/m01_couplers/auto_cc/inst/gen_clock_conv.gen_async_lite_conv.clock_conv_lite_fwd_w/handshake/xpm_cdc_single_dest2src_inst/dest_clk
    SLICE_X53Y234        FDRE                                         r  tick2trade_bd_i/zynq_ps_axi_periph/m01_couplers/auto_cc/inst/gen_clock_conv.gen_async_lite_conv.clock_conv_lite_fwd_w/handshake/xpm_cdc_single_dest2src_inst/syncstages_ff_reg[0]/C

Slack:                    inf
  Source:                 tick2trade_bd_i/zynq_ps_axi_periph/m01_couplers/auto_cc/inst/gen_clock_conv.gen_async_lite_conv.clock_conv_lite_fwd_ar/dest_ack_reg/C
                            (rising edge-triggered cell FDRE clocked by clk_pl_1  {rise@0.000ns fall@2.083ns period=4.166ns})
  Destination:            tick2trade_bd_i/zynq_ps_axi_periph/m01_couplers/auto_cc/inst/gen_clock_conv.gen_async_lite_conv.clock_conv_lite_fwd_ar/handshake/xpm_cdc_single_dest2src_inst/syncstages_ff_reg[0]/D
                            (rising edge-triggered cell FDRE clocked by clk_pl_0  {rise@0.000ns fall@5.000ns period=10.000ns})
  Path Group:             (none)
  Path Type:              Setup (Max at Slow Process Corner)
  Data Path Delay:        0.323ns  (logic 0.079ns (24.488%)  route 0.244ns (75.512%))
  Logic Levels:           0  
  Clock Path Skew:        -0.344ns (DCD - SCD + CPR)
    Destination Clock Delay (DCD):    1.755ns
    Source Clock Delay      (SCD):    2.099ns
    Clock Pessimism Removal (CPR):    0.000ns
  Clock Uncertainty:      0.130ns  ((TSJ^2 + DJ^2)^1/2) / 2 + PE
    Total System Jitter     (TSJ):    0.071ns
    Discrete Jitter          (DJ):    0.250ns
    Phase Error              (PE):    0.000ns
  Clock Net Delay (Source):      1.891ns (routing 0.657ns, distribution 1.234ns)
  Clock Net Delay (Destination): 1.587ns (routing 0.512ns, distribution 1.075ns)
  Timing Exception:       Asynchronous Clock Groups

    Location             Delay type                Incr(ns)  Path(ns)    Netlist Resource(s)
  -------------------------------------------------------------------    -------------------
                         (clock clk_pl_1 rise edge)
                                                      0.000     0.000 r  
    PS8_X0Y0             PS8                          0.000     0.000 r  tick2trade_bd_i/zynq_ps/inst/PS8_i/PLCLK[1]
                         net (fo=1, routed)           0.180     0.180    tick2trade_bd_i/zynq_ps/inst/pl_clk_unbuffered[1]
    BUFG_PS_X0Y92        BUFG_PS (Prop_BUFG_PS_I_O)
                                                      0.028     0.208 r  tick2trade_bd_i/zynq_ps/inst/buffer_pl_clk_1.PL_CLK_1_BUFG/O
    X1Y2 (CLOCK_ROOT)    net (fo=19641, routed)       1.891     2.099    tick2trade_bd_i/zynq_ps_axi_periph/m01_couplers/auto_cc/inst/gen_clock_conv.gen_async_lite_conv.clock_conv_lite_fwd_ar/m_valid_i_reg_1
    SLICE_X56Y234        FDRE                                         r  tick2trade_bd_i/zynq_ps_axi_periph/m01_couplers/auto_cc/inst/gen_clock_conv.gen_async_lite_conv.clock_conv_lite_fwd_ar/dest_ack_reg/C
  -------------------------------------------------------------------    -------------------
    SLICE_X56Y234        FDRE (Prop_HFF_SLICEM_C_Q)
                                                      0.079     2.178 r  tick2trade_bd_i/zynq_ps_axi_periph/m01_couplers/auto_cc/inst/gen_clock_conv.gen_async_lite_conv.clock_conv_lite_fwd_ar/dest_ack_reg/Q
                         net (fo=2, routed)           0.244     2.422    tick2trade_bd_i/zynq_ps_axi_periph/m01_couplers/auto_cc/inst/gen_clock_conv.gen_async_lite_conv.clock_conv_lite_fwd_ar/handshake/xpm_cdc_single_dest2src_inst/src_in
    SLICE_X56Y235        FDRE                                         r  tick2trade_bd_i/zynq_ps_axi_periph/m01_couplers/auto_cc/inst/gen_clock_conv.gen_async_lite_conv.clock_conv_lite_fwd_ar/handshake/xpm_cdc_single_dest2src_inst/syncstages_ff_reg[0]/D
  -------------------------------------------------------------------    -------------------

                         (clock clk_pl_0 rise edge)
                                                      0.000     0.000 r  
    PS8_X0Y0             PS8                          0.000     0.000 r  tick2trade_bd_i/zynq_ps/inst/PS8_i/PLCLK[0]
                         net (fo=1, routed)           0.143     0.143    tick2trade_bd_i/zynq_ps/inst/pl_clk_unbuffered[0]
    BUFG_PS_X0Y80        BUFG_PS (Prop_BUFG_PS_I_O)
                                                      0.025     0.168 r  tick2trade_bd_i/zynq_ps/inst/buffer_pl_clk_0.PL_CLK_0_BUFG/O
    X1Y2 (CLOCK_ROOT)    net (fo=2122, routed)        1.587     1.755    tick2trade_bd_i/zynq_ps_axi_periph/m01_couplers/auto_cc/inst/gen_clock_conv.gen_async_lite_conv.clock_conv_lite_fwd_ar/handshake/xpm_cdc_single_dest2src_inst/dest_clk
    SLICE_X56Y235        FDRE                                         r  tick2trade_bd_i/zynq_ps_axi_periph/m01_couplers/auto_cc/inst/gen_clock_conv.gen_async_lite_conv.clock_conv_lite_fwd_ar/handshake/xpm_cdc_single_dest2src_inst/syncstages_ff_reg[0]/C

Slack:                    inf
  Source:                 tick2trade_bd_i/zynq_ps_axi_periph/m01_couplers/auto_cc/inst/gen_clock_conv.gen_async_lite_conv.clock_conv_lite_fwd_aw/dest_ack_reg/C
                            (rising edge-triggered cell FDRE clocked by clk_pl_1  {rise@0.000ns fall@2.083ns period=4.166ns})
  Destination:            tick2trade_bd_i/zynq_ps_axi_periph/m01_couplers/auto_cc/inst/gen_clock_conv.gen_async_lite_conv.clock_conv_lite_fwd_aw/handshake/xpm_cdc_single_dest2src_inst/syncstages_ff_reg[0]/D
                            (rising edge-triggered cell FDRE clocked by clk_pl_0  {rise@0.000ns fall@5.000ns period=10.000ns})
  Path Group:             (none)
  Path Type:              Setup (Max at Slow Process Corner)
  Data Path Delay:        0.259ns  (logic 0.079ns (30.468%)  route 0.180ns (69.532%))
  Logic Levels:           0  
  Clock Path Skew:        -0.334ns (DCD - SCD + CPR)
    Destination Clock Delay (DCD):    1.755ns
    Source Clock Delay      (SCD):    2.089ns
    Clock Pessimism Removal (CPR):    0.000ns
  Clock Uncertainty:      0.130ns  ((TSJ^2 + DJ^2)^1/2) / 2 + PE
    Total System Jitter     (TSJ):    0.071ns
    Discrete Jitter          (DJ):    0.250ns
    Phase Error              (PE):    0.000ns
  Clock Net Delay (Source):      1.881ns (routing 0.657ns, distribution 1.224ns)
  Clock Net Delay (Destination): 1.587ns (routing 0.512ns, distribution 1.075ns)
  Timing Exception:       Asynchronous Clock Groups

    Location             Delay type                Incr(ns)  Path(ns)    Netlist Resource(s)
  -------------------------------------------------------------------    -------------------
                         (clock clk_pl_1 rise edge)
                                                      0.000     0.000 r  
    PS8_X0Y0             PS8                          0.000     0.000 r  tick2trade_bd_i/zynq_ps/inst/PS8_i/PLCLK[1]
                         net (fo=1, routed)           0.180     0.180    tick2trade_bd_i/zynq_ps/inst/pl_clk_unbuffered[1]
    BUFG_PS_X0Y92        BUFG_PS (Prop_BUFG_PS_I_O)
                                                      0.028     0.208 r  tick2trade_bd_i/zynq_ps/inst/buffer_pl_clk_1.PL_CLK_1_BUFG/O
    X1Y2 (CLOCK_ROOT)    net (fo=19641, routed)       1.881     2.089    tick2trade_bd_i/zynq_ps_axi_periph/m01_couplers/auto_cc/inst/gen_clock_conv.gen_async_lite_conv.clock_conv_lite_fwd_aw/dest_ack_reg_0
    SLICE_X56Y236        FDRE                                         r  tick2trade_bd_i/zynq_ps_axi_periph/m01_couplers/auto_cc/inst/gen_clock_conv.gen_async_lite_conv.clock_conv_lite_fwd_aw/dest_ack_reg/C
  -------------------------------------------------------------------    -------------------
    SLICE_X56Y236        FDRE (Prop_HFF_SLICEM_C_Q)
                                                      0.079     2.168 r  tick2trade_bd_i/zynq_ps_axi_periph/m01_couplers/auto_cc/inst/gen_clock_conv.gen_async_lite_conv.clock_conv_lite_fwd_aw/dest_ack_reg/Q
                         net (fo=2, routed)           0.180     2.348    tick2trade_bd_i/zynq_ps_axi_periph/m01_couplers/auto_cc/inst/gen_clock_conv.gen_async_lite_conv.clock_conv_lite_fwd_aw/handshake/xpm_cdc_single_dest2src_inst/src_in
    SLICE_X56Y236        FDRE                                         r  tick2trade_bd_i/zynq_ps_axi_periph/m01_couplers/auto_cc/inst/gen_clock_conv.gen_async_lite_conv.clock_conv_lite_fwd_aw/handshake/xpm_cdc_single_dest2src_inst/syncstages_ff_reg[0]/D
  -------------------------------------------------------------------    -------------------

                         (clock clk_pl_0 rise edge)
                                                      0.000     0.000 r  
    PS8_X0Y0             PS8                          0.000     0.000 r  tick2trade_bd_i/zynq_ps/inst/PS8_i/PLCLK[0]
                         net (fo=1, routed)           0.143     0.143    tick2trade_bd_i/zynq_ps/inst/pl_clk_unbuffered[0]
    BUFG_PS_X0Y80        BUFG_PS (Prop_BUFG_PS_I_O)
                                                      0.025     0.168 r  tick2trade_bd_i/zynq_ps/inst/buffer_pl_clk_0.PL_CLK_0_BUFG/O
    X1Y2 (CLOCK_ROOT)    net (fo=2122, routed)        1.587     1.755    tick2trade_bd_i/zynq_ps_axi_periph/m01_couplers/auto_cc/inst/gen_clock_conv.gen_async_lite_conv.clock_conv_lite_fwd_aw/handshake/xpm_cdc_single_dest2src_inst/dest_clk
    SLICE_X56Y236        FDRE                                         r  tick2trade_bd_i/zynq_ps_axi_periph/m01_couplers/auto_cc/inst/gen_clock_conv.gen_async_lite_conv.clock_conv_lite_fwd_aw/handshake/xpm_cdc_single_dest2src_inst/syncstages_ff_reg[0]/C

Slack:                    inf
  Source:                 tick2trade_bd_i/zynq_ps_axi_periph/m01_couplers/auto_cc/inst/gen_clock_conv.gen_async_lite_conv.clock_conv_lite_resp_r/handshake/src_hsdata_ff_reg[19]/C
                            (rising edge-triggered cell FDRE clocked by clk_pl_1  {rise@0.000ns fall@2.083ns period=4.166ns})
  Destination:            tick2trade_bd_i/zynq_ps_axi_periph/m01_couplers/auto_cc/inst/gen_clock_conv.gen_async_lite_conv.clock_conv_lite_resp_r/handshake/dest_hsdata_ff_reg[19]/D
                            (rising edge-triggered cell FDRE clocked by clk_pl_0  {rise@0.000ns fall@5.000ns period=10.000ns})
  Path Group:             (none)
  Path Type:              Setup (Max at Slow Process Corner)
  Data Path Delay:        0.731ns  (logic 0.076ns (10.397%)  route 0.655ns (89.603%))
  Logic Levels:           0  
  Clock Path Skew:        -0.367ns (DCD - SCD + CPR)
    Destination Clock Delay (DCD):    1.742ns
    Source Clock Delay      (SCD):    2.109ns
    Clock Pessimism Removal (CPR):    0.000ns
  Clock Uncertainty:      0.130ns  ((TSJ^2 + DJ^2)^1/2) / 2 + PE
    Total System Jitter     (TSJ):    0.071ns
    Discrete Jitter          (DJ):    0.250ns
    Phase Error              (PE):    0.000ns
  Clock Net Delay (Source):      1.901ns (routing 0.657ns, distribution 1.244ns)
  Clock Net Delay (Destination): 1.574ns (routing 0.512ns, distribution 1.062ns)
  Timing Exception:       Asynchronous Clock Groups

    Location             Delay type                Incr(ns)  Path(ns)    Netlist Resource(s)
  -------------------------------------------------------------------    -------------------
                         (clock clk_pl_1 rise edge)
                                                      0.000     0.000 r  
    PS8_X0Y0             PS8                          0.000     0.000 r  tick2trade_bd_i/zynq_ps/inst/PS8_i/PLCLK[1]
                         net (fo=1, routed)           0.180     0.180    tick2trade_bd_i/zynq_ps/inst/pl_clk_unbuffered[1]
    BUFG_PS_X0Y92        BUFG_PS (Prop_BUFG_PS_I_O)
                                                      0.028     0.208 r  tick2trade_bd_i/zynq_ps/inst/buffer_pl_clk_1.PL_CLK_1_BUFG/O
    X1Y2 (CLOCK_ROOT)    net (fo=19641, routed)       1.901     2.109    tick2trade_bd_i/zynq_ps_axi_periph/m01_couplers/auto_cc/inst/gen_clock_conv.gen_async_lite_conv.clock_conv_lite_resp_r/handshake/src_clk
    SLICE_X54Y182        FDRE                                         r  tick2trade_bd_i/zynq_ps_axi_periph/m01_couplers/auto_cc/inst/gen_clock_conv.gen_async_lite_conv.clock_conv_lite_resp_r/handshake/src_hsdata_ff_reg[19]/C
  -------------------------------------------------------------------    -------------------
    SLICE_X54Y182        FDRE (Prop_EFF_SLICEM_C_Q)
                                                      0.076     2.185 r  tick2trade_bd_i/zynq_ps_axi_periph/m01_couplers/auto_cc/inst/gen_clock_conv.gen_async_lite_conv.clock_conv_lite_resp_r/handshake/src_hsdata_ff_reg[19]/Q
                         net (fo=1, routed)           0.655     2.840    tick2trade_bd_i/zynq_ps_axi_periph/m01_couplers/auto_cc/inst/gen_clock_conv.gen_async_lite_conv.clock_conv_lite_resp_r/handshake/src_hsdata_ff[19]
    SLICE_X53Y228        FDRE                                         r  tick2trade_bd_i/zynq_ps_axi_periph/m01_couplers/auto_cc/inst/gen_clock_conv.gen_async_lite_conv.clock_conv_lite_resp_r/handshake/dest_hsdata_ff_reg[19]/D
  -------------------------------------------------------------------    -------------------

                         (clock clk_pl_0 rise edge)
                                                      0.000     0.000 r  
    PS8_X0Y0             PS8                          0.000     0.000 r  tick2trade_bd_i/zynq_ps/inst/PS8_i/PLCLK[0]
                         net (fo=1, routed)           0.143     0.143    tick2trade_bd_i/zynq_ps/inst/pl_clk_unbuffered[0]
    BUFG_PS_X0Y80        BUFG_PS (Prop_BUFG_PS_I_O)
                                                      0.025     0.168 r  tick2trade_bd_i/zynq_ps/inst/buffer_pl_clk_0.PL_CLK_0_BUFG/O
    X1Y2 (CLOCK_ROOT)    net (fo=2122, routed)        1.574     1.742    tick2trade_bd_i/zynq_ps_axi_periph/m01_couplers/auto_cc/inst/gen_clock_conv.gen_async_lite_conv.clock_conv_lite_resp_r/handshake/dest_clk
    SLICE_X53Y228        FDRE                                         r  tick2trade_bd_i/zynq_ps_axi_periph/m01_couplers/auto_cc/inst/gen_clock_conv.gen_async_lite_conv.clock_conv_lite_resp_r/handshake/dest_hsdata_ff_reg[19]/C

Slack:                    inf
  Source:                 tick2trade_bd_i/zynq_ps_axi_periph/m01_couplers/auto_cc/inst/gen_clock_conv.gen_async_lite_conv.clock_conv_lite_resp_r/handshake/src_hsdata_ff_reg[20]/C
                            (rising edge-triggered cell FDRE clocked by clk_pl_1  {rise@0.000ns fall@2.083ns period=4.166ns})
  Destination:            tick2trade_bd_i/zynq_ps_axi_periph/m01_couplers/auto_cc/inst/gen_clock_conv.gen_async_lite_conv.clock_conv_lite_resp_r/handshake/dest_hsdata_ff_reg[20]/D
                            (rising edge-triggered cell FDRE clocked by clk_pl_0  {rise@0.000ns fall@5.000ns period=10.000ns})
  Path Group:             (none)
  Path Type:              Setup (Max at Slow Process Corner)
  Data Path Delay:        0.592ns  (logic 0.076ns (12.838%)  route 0.516ns (87.162%))
  Logic Levels:           0  
  Clock Path Skew:        -0.357ns (DCD - SCD + CPR)
    Destination Clock Delay (DCD):    1.733ns
    Source Clock Delay      (SCD):    2.090ns
    Clock Pessimism Removal (CPR):    0.000ns
  Clock Uncertainty:      0.130ns  ((TSJ^2 + DJ^2)^1/2) / 2 + PE
    Total System Jitter     (TSJ):    0.071ns
    Discrete Jitter          (DJ):    0.250ns
    Phase Error              (PE):    0.000ns
  Clock Net Delay (Source):      1.882ns (routing 0.657ns, distribution 1.225ns)
  Clock Net Delay (Destination): 1.565ns (routing 0.512ns, distribution 1.053ns)
  Timing Exception:       Asynchronous Clock Groups

    Location             Delay type                Incr(ns)  Path(ns)    Netlist Resource(s)
  -------------------------------------------------------------------    -------------------
                         (clock clk_pl_1 rise edge)
                                                      0.000     0.000 r  
    PS8_X0Y0             PS8                          0.000     0.000 r  tick2trade_bd_i/zynq_ps/inst/PS8_i/PLCLK[1]
                         net (fo=1, routed)           0.180     0.180    tick2trade_bd_i/zynq_ps/inst/pl_clk_unbuffered[1]
    BUFG_PS_X0Y92        BUFG_PS (Prop_BUFG_PS_I_O)
                                                      0.028     0.208 r  tick2trade_bd_i/zynq_ps/inst/buffer_pl_clk_1.PL_CLK_1_BUFG/O
    X1Y2 (CLOCK_ROOT)    net (fo=19641, routed)       1.882     2.090    tick2trade_bd_i/zynq_ps_axi_periph/m01_couplers/auto_cc/inst/gen_clock_conv.gen_async_lite_conv.clock_conv_lite_resp_r/handshake/src_clk
    SLICE_X54Y197        FDRE                                         r  tick2trade_bd_i/zynq_ps_axi_periph/m01_couplers/auto_cc/inst/gen_clock_conv.gen_async_lite_conv.clock_conv_lite_resp_r/handshake/src_hsdata_ff_reg[20]/C
  -------------------------------------------------------------------    -------------------
    SLICE_X54Y197        FDRE (Prop_EFF_SLICEM_C_Q)
                                                      0.076     2.166 r  tick2trade_bd_i/zynq_ps_axi_periph/m01_couplers/auto_cc/inst/gen_clock_conv.gen_async_lite_conv.clock_conv_lite_resp_r/handshake/src_hsdata_ff_reg[20]/Q
                         net (fo=1, routed)           0.516     2.682    tick2trade_bd_i/zynq_ps_axi_periph/m01_couplers/auto_cc/inst/gen_clock_conv.gen_async_lite_conv.clock_conv_lite_resp_r/handshake/src_hsdata_ff[20]
    SLICE_X52Y220        FDRE                                         r  tick2trade_bd_i/zynq_ps_axi_periph/m01_couplers/auto_cc/inst/gen_clock_conv.gen_async_lite_conv.clock_conv_lite_resp_r/handshake/dest_hsdata_ff_reg[20]/D
  -------------------------------------------------------------------    -------------------

                         (clock clk_pl_0 rise edge)
                                                      0.000     0.000 r  
    PS8_X0Y0             PS8                          0.000     0.000 r  tick2trade_bd_i/zynq_ps/inst/PS8_i/PLCLK[0]
                         net (fo=1, routed)           0.143     0.143    tick2trade_bd_i/zynq_ps/inst/pl_clk_unbuffered[0]
    BUFG_PS_X0Y80        BUFG_PS (Prop_BUFG_PS_I_O)
                                                      0.025     0.168 r  tick2trade_bd_i/zynq_ps/inst/buffer_pl_clk_0.PL_CLK_0_BUFG/O
    X1Y2 (CLOCK_ROOT)    net (fo=2122, routed)        1.565     1.733    tick2trade_bd_i/zynq_ps_axi_periph/m01_couplers/auto_cc/inst/gen_clock_conv.gen_async_lite_conv.clock_conv_lite_resp_r/handshake/dest_clk
    SLICE_X52Y220        FDRE                                         r  tick2trade_bd_i/zynq_ps_axi_periph/m01_couplers/auto_cc/inst/gen_clock_conv.gen_async_lite_conv.clock_conv_lite_resp_r/handshake/dest_hsdata_ff_reg[20]/C

Slack:                    inf
  Source:                 tick2trade_bd_i/zynq_ps_axi_periph/m01_couplers/auto_cc/inst/gen_clock_conv.gen_async_lite_conv.clock_conv_lite_resp_r/handshake/src_hsdata_ff_reg[2]/C
                            (rising edge-triggered cell FDRE clocked by clk_pl_1  {rise@0.000ns fall@2.083ns period=4.166ns})
  Destination:            tick2trade_bd_i/zynq_ps_axi_periph/m01_couplers/auto_cc/inst/gen_clock_conv.gen_async_lite_conv.clock_conv_lite_resp_r/handshake/dest_hsdata_ff_reg[2]/D
                            (rising edge-triggered cell FDRE clocked by clk_pl_0  {rise@0.000ns fall@5.000ns period=10.000ns})
  Path Group:             (none)
  Path Type:              Setup (Max at Slow Process Corner)
  Data Path Delay:        0.585ns  (logic 0.081ns (13.846%)  route 0.504ns (86.154%))
  Logic Levels:           0  
  Clock Path Skew:        -0.329ns (DCD - SCD + CPR)
    Destination Clock Delay (DCD):    1.739ns
    Source Clock Delay      (SCD):    2.068ns
    Clock Pessimism Removal (CPR):    0.000ns
  Clock Uncertainty:      0.130ns  ((TSJ^2 + DJ^2)^1/2) / 2 + PE
    Total System Jitter     (TSJ):    0.071ns
    Discrete Jitter          (DJ):    0.250ns
    Phase Error              (PE):    0.000ns
  Clock Net Delay (Source):      1.860ns (routing 0.657ns, distribution 1.203ns)
  Clock Net Delay (Destination): 1.571ns (routing 0.512ns, distribution 1.059ns)
  Timing Exception:       Asynchronous Clock Groups

    Location             Delay type                Incr(ns)  Path(ns)    Netlist Resource(s)
  -------------------------------------------------------------------    -------------------
                         (clock clk_pl_1 rise edge)
                                                      0.000     0.000 r  
    PS8_X0Y0             PS8                          0.000     0.000 r  tick2trade_bd_i/zynq_ps/inst/PS8_i/PLCLK[1]
                         net (fo=1, routed)           0.180     0.180    tick2trade_bd_i/zynq_ps/inst/pl_clk_unbuffered[1]
    BUFG_PS_X0Y92        BUFG_PS (Prop_BUFG_PS_I_O)
                                                      0.028     0.208 r  tick2trade_bd_i/zynq_ps/inst/buffer_pl_clk_1.PL_CLK_1_BUFG/O
    X1Y2 (CLOCK_ROOT)    net (fo=19641, routed)       1.860     2.068    tick2trade_bd_i/zynq_ps_axi_periph/m01_couplers/auto_cc/inst/gen_clock_conv.gen_async_lite_conv.clock_conv_lite_resp_r/handshake/src_clk
    SLICE_X58Y179        FDRE                                         r  tick2trade_bd_i/zynq_ps_axi_periph/m01_couplers/auto_cc/inst/gen_clock_conv.gen_async_lite_conv.clock_conv_lite_resp_r/handshake/src_hsdata_ff_reg[2]/C
  -------------------------------------------------------------------    -------------------
    SLICE_X58Y179        FDRE (Prop_AFF2_SLICEL_C_Q)
                                                      0.081     2.149 r  tick2trade_bd_i/zynq_ps_axi_periph/m01_couplers/auto_cc/inst/gen_clock_conv.gen_async_lite_conv.clock_conv_lite_resp_r/handshake/src_hsdata_ff_reg[2]/Q
                         net (fo=1, routed)           0.504     2.653    tick2trade_bd_i/zynq_ps_axi_periph/m01_couplers/auto_cc/inst/gen_clock_conv.gen_async_lite_conv.clock_conv_lite_resp_r/handshake/src_hsdata_ff[2]
    SLICE_X54Y204        FDRE                                         r  tick2trade_bd_i/zynq_ps_axi_periph/m01_couplers/auto_cc/inst/gen_clock_conv.gen_async_lite_conv.clock_conv_lite_resp_r/handshake/dest_hsdata_ff_reg[2]/D
  -------------------------------------------------------------------    -------------------

                         (clock clk_pl_0 rise edge)
                                                      0.000     0.000 r  
    PS8_X0Y0             PS8                          0.000     0.000 r  tick2trade_bd_i/zynq_ps/inst/PS8_i/PLCLK[0]
                         net (fo=1, routed)           0.143     0.143    tick2trade_bd_i/zynq_ps/inst/pl_clk_unbuffered[0]
    BUFG_PS_X0Y80        BUFG_PS (Prop_BUFG_PS_I_O)
                                                      0.025     0.168 r  tick2trade_bd_i/zynq_ps/inst/buffer_pl_clk_0.PL_CLK_0_BUFG/O
    X1Y2 (CLOCK_ROOT)    net (fo=2122, routed)        1.571     1.739    tick2trade_bd_i/zynq_ps_axi_periph/m01_couplers/auto_cc/inst/gen_clock_conv.gen_async_lite_conv.clock_conv_lite_resp_r/handshake/dest_clk
    SLICE_X54Y204        FDRE                                         r  tick2trade_bd_i/zynq_ps_axi_periph/m01_couplers/auto_cc/inst/gen_clock_conv.gen_async_lite_conv.clock_conv_lite_resp_r/handshake/dest_hsdata_ff_reg[2]/C

Slack:                    inf
  Source:                 tick2trade_bd_i/zynq_ps_axi_periph/m01_couplers/auto_cc/inst/gen_clock_conv.gen_async_lite_conv.clock_conv_lite_resp_r/handshake/src_hsdata_ff_reg[28]/C
                            (rising edge-triggered cell FDRE clocked by clk_pl_1  {rise@0.000ns fall@2.083ns period=4.166ns})
  Destination:            tick2trade_bd_i/zynq_ps_axi_periph/m01_couplers/auto_cc/inst/gen_clock_conv.gen_async_lite_conv.clock_conv_lite_resp_r/handshake/dest_hsdata_ff_reg[28]/D
                            (rising edge-triggered cell FDRE clocked by clk_pl_0  {rise@0.000ns fall@5.000ns period=10.000ns})
  Path Group:             (none)
  Path Type:              Setup (Max at Slow Process Corner)
  Data Path Delay:        0.548ns  (logic 0.076ns (13.869%)  route 0.472ns (86.131%))
  Logic Levels:           0  
  Clock Path Skew:        -0.340ns (DCD - SCD + CPR)
    Destination Clock Delay (DCD):    1.742ns
    Source Clock Delay      (SCD):    2.082ns
    Clock Pessimism Removal (CPR):    0.000ns
  Clock Uncertainty:      0.130ns  ((TSJ^2 + DJ^2)^1/2) / 2 + PE
    Total System Jitter     (TSJ):    0.071ns
    Discrete Jitter          (DJ):    0.250ns
    Phase Error              (PE):    0.000ns
  Clock Net Delay (Source):      1.874ns (routing 0.657ns, distribution 1.217ns)
  Clock Net Delay (Destination): 1.574ns (routing 0.512ns, distribution 1.062ns)
  Timing Exception:       Asynchronous Clock Groups

    Location             Delay type                Incr(ns)  Path(ns)    Netlist Resource(s)
  -------------------------------------------------------------------    -------------------
                         (clock clk_pl_1 rise edge)
                                                      0.000     0.000 r  
    PS8_X0Y0             PS8                          0.000     0.000 r  tick2trade_bd_i/zynq_ps/inst/PS8_i/PLCLK[1]
                         net (fo=1, routed)           0.180     0.180    tick2trade_bd_i/zynq_ps/inst/pl_clk_unbuffered[1]
    BUFG_PS_X0Y92        BUFG_PS (Prop_BUFG_PS_I_O)
                                                      0.028     0.208 r  tick2trade_bd_i/zynq_ps/inst/buffer_pl_clk_1.PL_CLK_1_BUFG/O
    X1Y2 (CLOCK_ROOT)    net (fo=19641, routed)       1.874     2.082    tick2trade_bd_i/zynq_ps_axi_periph/m01_couplers/auto_cc/inst/gen_clock_conv.gen_async_lite_conv.clock_conv_lite_resp_r/handshake/src_clk
    SLICE_X57Y215        FDRE                                         r  tick2trade_bd_i/zynq_ps_axi_periph/m01_couplers/auto_cc/inst/gen_clock_conv.gen_async_lite_conv.clock_conv_lite_resp_r/handshake/src_hsdata_ff_reg[28]/C
  -------------------------------------------------------------------    -------------------
    SLICE_X57Y215        FDRE (Prop_EFF_SLICEM_C_Q)
                                                      0.076     2.158 r  tick2trade_bd_i/zynq_ps_axi_periph/m01_couplers/auto_cc/inst/gen_clock_conv.gen_async_lite_conv.clock_conv_lite_resp_r/handshake/src_hsdata_ff_reg[28]/Q
                         net (fo=1, routed)           0.472     2.630    tick2trade_bd_i/zynq_ps_axi_periph/m01_couplers/auto_cc/inst/gen_clock_conv.gen_async_lite_conv.clock_conv_lite_resp_r/handshake/src_hsdata_ff[28]
    SLICE_X54Y221        FDRE                                         r  tick2trade_bd_i/zynq_ps_axi_periph/m01_couplers/auto_cc/inst/gen_clock_conv.gen_async_lite_conv.clock_conv_lite_resp_r/handshake/dest_hsdata_ff_reg[28]/D
  -------------------------------------------------------------------    -------------------

                         (clock clk_pl_0 rise edge)
                                                      0.000     0.000 r  
    PS8_X0Y0             PS8                          0.000     0.000 r  tick2trade_bd_i/zynq_ps/inst/PS8_i/PLCLK[0]
                         net (fo=1, routed)           0.143     0.143    tick2trade_bd_i/zynq_ps/inst/pl_clk_unbuffered[0]
    BUFG_PS_X0Y80        BUFG_PS (Prop_BUFG_PS_I_O)
                                                      0.025     0.168 r  tick2trade_bd_i/zynq_ps/inst/buffer_pl_clk_0.PL_CLK_0_BUFG/O
    X1Y2 (CLOCK_ROOT)    net (fo=2122, routed)        1.574     1.742    tick2trade_bd_i/zynq_ps_axi_periph/m01_couplers/auto_cc/inst/gen_clock_conv.gen_async_lite_conv.clock_conv_lite_resp_r/handshake/dest_clk
    SLICE_X54Y221        FDRE                                         r  tick2trade_bd_i/zynq_ps_axi_periph/m01_couplers/auto_cc/inst/gen_clock_conv.gen_async_lite_conv.clock_conv_lite_resp_r/handshake/dest_hsdata_ff_reg[28]/C

Slack:                    inf
  Source:                 tick2trade_bd_i/zynq_ps_axi_periph/m01_couplers/auto_cc/inst/gen_clock_conv.gen_async_lite_conv.clock_conv_lite_resp_r/handshake/src_hsdata_ff_reg[3]/C
                            (rising edge-triggered cell FDRE clocked by clk_pl_1  {rise@0.000ns fall@2.083ns period=4.166ns})
  Destination:            tick2trade_bd_i/zynq_ps_axi_periph/m01_couplers/auto_cc/inst/gen_clock_conv.gen_async_lite_conv.clock_conv_lite_resp_r/handshake/dest_hsdata_ff_reg[3]/D
                            (rising edge-triggered cell FDRE clocked by clk_pl_0  {rise@0.000ns fall@5.000ns period=10.000ns})
  Path Group:             (none)
  Path Type:              Setup (Max at Slow Process Corner)
  Data Path Delay:        0.538ns  (logic 0.079ns (14.684%)  route 0.459ns (85.316%))
  Logic Levels:           0  
  Clock Path Skew:        -0.333ns (DCD - SCD + CPR)
    Destination Clock Delay (DCD):    1.751ns
    Source Clock Delay      (SCD):    2.084ns
    Clock Pessimism Removal (CPR):    0.000ns
  Clock Uncertainty:      0.130ns  ((TSJ^2 + DJ^2)^1/2) / 2 + PE
    Total System Jitter     (TSJ):    0.071ns
    Discrete Jitter          (DJ):    0.250ns
    Phase Error              (PE):    0.000ns
  Clock Net Delay (Source):      1.876ns (routing 0.657ns, distribution 1.219ns)
  Clock Net Delay (Destination): 1.583ns (routing 0.512ns, distribution 1.071ns)
  Timing Exception:       Asynchronous Clock Groups

    Location             Delay type                Incr(ns)  Path(ns)    Netlist Resource(s)
  -------------------------------------------------------------------    -------------------
                         (clock clk_pl_1 rise edge)
                                                      0.000     0.000 r  
    PS8_X0Y0             PS8                          0.000     0.000 r  tick2trade_bd_i/zynq_ps/inst/PS8_i/PLCLK[1]
                         net (fo=1, routed)           0.180     0.180    tick2trade_bd_i/zynq_ps/inst/pl_clk_unbuffered[1]
    BUFG_PS_X0Y92        BUFG_PS (Prop_BUFG_PS_I_O)
                                                      0.028     0.208 r  tick2trade_bd_i/zynq_ps/inst/buffer_pl_clk_1.PL_CLK_1_BUFG/O
    X1Y2 (CLOCK_ROOT)    net (fo=19641, routed)       1.876     2.084    tick2trade_bd_i/zynq_ps_axi_periph/m01_couplers/auto_cc/inst/gen_clock_conv.gen_async_lite_conv.clock_conv_lite_resp_r/handshake/src_clk
    SLICE_X56Y203        FDRE                                         r  tick2trade_bd_i/zynq_ps_axi_periph/m01_couplers/auto_cc/inst/gen_clock_conv.gen_async_lite_conv.clock_conv_lite_resp_r/handshake/src_hsdata_ff_reg[3]/C
  -------------------------------------------------------------------    -------------------
    SLICE_X56Y203        FDRE (Prop_EFF2_SLICEM_C_Q)
                                                      0.079     2.163 r  tick2trade_bd_i/zynq_ps_axi_periph/m01_couplers/auto_cc/inst/gen_clock_conv.gen_async_lite_conv.clock_conv_lite_resp_r/handshake/src_hsdata_ff_reg[3]/Q
                         net (fo=1, routed)           0.459     2.622    tick2trade_bd_i/zynq_ps_axi_periph/m01_couplers/auto_cc/inst/gen_clock_conv.gen_async_lite_conv.clock_conv_lite_resp_r/handshake/src_hsdata_ff[3]
    SLICE_X54Y217        FDRE                                         r  tick2trade_bd_i/zynq_ps_axi_periph/m01_couplers/auto_cc/inst/gen_clock_conv.gen_async_lite_conv.clock_conv_lite_resp_r/handshake/dest_hsdata_ff_reg[3]/D
  -------------------------------------------------------------------    -------------------

                         (clock clk_pl_0 rise edge)
                                                      0.000     0.000 r  
    PS8_X0Y0             PS8                          0.000     0.000 r  tick2trade_bd_i/zynq_ps/inst/PS8_i/PLCLK[0]
                         net (fo=1, routed)           0.143     0.143    tick2trade_bd_i/zynq_ps/inst/pl_clk_unbuffered[0]
    BUFG_PS_X0Y80        BUFG_PS (Prop_BUFG_PS_I_O)
                                                      0.025     0.168 r  tick2trade_bd_i/zynq_ps/inst/buffer_pl_clk_0.PL_CLK_0_BUFG/O
    X1Y2 (CLOCK_ROOT)    net (fo=2122, routed)        1.583     1.751    tick2trade_bd_i/zynq_ps_axi_periph/m01_couplers/auto_cc/inst/gen_clock_conv.gen_async_lite_conv.clock_conv_lite_resp_r/handshake/dest_clk
    SLICE_X54Y217        FDRE                                         r  tick2trade_bd_i/zynq_ps_axi_periph/m01_couplers/auto_cc/inst/gen_clock_conv.gen_async_lite_conv.clock_conv_lite_resp_r/handshake/dest_hsdata_ff_reg[3]/C





Min Delay Paths
--------------------------------------------------------------------------------------
Slack:                    inf
  Source:                 tick2trade_bd_i/zynq_ps_axi_periph/m01_couplers/auto_cc/inst/gen_clock_conv.gen_async_lite_conv.clock_conv_lite_fwd_aw/dest_ack_reg/C
                            (rising edge-triggered cell FDRE clocked by clk_pl_1  {rise@0.000ns fall@2.083ns period=4.166ns})
  Destination:            tick2trade_bd_i/zynq_ps_axi_periph/m01_couplers/auto_cc/inst/gen_clock_conv.gen_async_lite_conv.clock_conv_lite_fwd_aw/handshake/xpm_cdc_single_dest2src_inst/syncstages_ff_reg[0]/D
                            (rising edge-triggered cell FDRE clocked by clk_pl_0  {rise@0.000ns fall@5.000ns period=10.000ns})
  Path Group:             (none)
  Path Type:              Hold (Min at Fast Process Corner)
  Data Path Delay:        0.102ns  (logic 0.039ns (38.200%)  route 0.063ns (61.800%))
  Logic Levels:           0  
  Clock Path Skew:        0.113ns (DCD - SCD - CPR)
    Destination Clock Delay (DCD):    1.287ns
    Source Clock Delay      (SCD):    1.174ns
    Clock Pessimism Removal (CPR):    -0.000ns
  Clock Uncertainty:      0.130ns  ((TSJ^2 + DJ^2)^1/2) / 2 + PE
    Total System Jitter     (TSJ):    0.071ns
    Discrete Jitter          (DJ):    0.250ns
    Phase Error              (PE):    0.000ns
  Clock Net Delay (Source):      1.035ns (routing 0.359ns, distribution 0.676ns)
  Clock Net Delay (Destination): 1.115ns (routing 0.352ns, distribution 0.763ns)
  Timing Exception:       Asynchronous Clock Groups

    Location             Delay type                Incr(ns)  Path(ns)    Netlist Resource(s)
  -------------------------------------------------------------------    -------------------
                         (clock clk_pl_1 rise edge)
                                                      0.000     0.000 r  
    PS8_X0Y0             PS8                          0.000     0.000 r  tick2trade_bd_i/zynq_ps/inst/PS8_i/PLCLK[1]
                         net (fo=1, routed)           0.122     0.122    tick2trade_bd_i/zynq_ps/inst/pl_clk_unbuffered[1]
    BUFG_PS_X0Y92        BUFG_PS (Prop_BUFG_PS_I_O)
                                                      0.017     0.139 r  tick2trade_bd_i/zynq_ps/inst/buffer_pl_clk_1.PL_CLK_1_BUFG/O
    X1Y2 (CLOCK_ROOT)    net (fo=19641, routed)       1.035     1.174    tick2trade_bd_i/zynq_ps_axi_periph/m01_couplers/auto_cc/inst/gen_clock_conv.gen_async_lite_conv.clock_conv_lite_fwd_aw/dest_ack_reg_0
    SLICE_X56Y236        FDRE                                         r  tick2trade_bd_i/zynq_ps_axi_periph/m01_couplers/auto_cc/inst/gen_clock_conv.gen_async_lite_conv.clock_conv_lite_fwd_aw/dest_ack_reg/C
  -------------------------------------------------------------------    -------------------
    SLICE_X56Y236        FDRE (Prop_HFF_SLICEM_C_Q)
                                                      0.039     1.213 r  tick2trade_bd_i/zynq_ps_axi_periph/m01_couplers/auto_cc/inst/gen_clock_conv.gen_async_lite_conv.clock_conv_lite_fwd_aw/dest_ack_reg/Q
                         net (fo=2, routed)           0.063     1.276    tick2trade_bd_i/zynq_ps_axi_periph/m01_couplers/auto_cc/inst/gen_clock_conv.gen_async_lite_conv.clock_conv_lite_fwd_aw/handshake/xpm_cdc_single_dest2src_inst/src_in
    SLICE_X56Y236        FDRE                                         r  tick2trade_bd_i/zynq_ps_axi_periph/m01_couplers/auto_cc/inst/gen_clock_conv.gen_async_lite_conv.clock_conv_lite_fwd_aw/handshake/xpm_cdc_single_dest2src_inst/syncstages_ff_reg[0]/D
  -------------------------------------------------------------------    -------------------

                         (clock clk_pl_0 rise edge)
                                                      0.000     0.000 r  
    PS8_X0Y0             PS8                          0.000     0.000 r  tick2trade_bd_i/zynq_ps/inst/PS8_i/PLCLK[0]
                         net (fo=1, routed)           0.154     0.154    tick2trade_bd_i/zynq_ps/inst/pl_clk_unbuffered[0]
    BUFG_PS_X0Y80        BUFG_PS (Prop_BUFG_PS_I_O)
                                                      0.018     0.172 r  tick2trade_bd_i/zynq_ps/inst/buffer_pl_clk_0.PL_CLK_0_BUFG/O
    X1Y2 (CLOCK_ROOT)    net (fo=2122, routed)        1.115     1.287    tick2trade_bd_i/zynq_ps_axi_periph/m01_couplers/auto_cc/inst/gen_clock_conv.gen_async_lite_conv.clock_conv_lite_fwd_aw/handshake/xpm_cdc_single_dest2src_inst/dest_clk
    SLICE_X56Y236        FDRE                                         r  tick2trade_bd_i/zynq_ps_axi_periph/m01_couplers/auto_cc/inst/gen_clock_conv.gen_async_lite_conv.clock_conv_lite_fwd_aw/handshake/xpm_cdc_single_dest2src_inst/syncstages_ff_reg[0]/C

Slack:                    inf
  Source:                 tick2trade_bd_i/zynq_ps_axi_periph/m01_couplers/auto_cc/inst/gen_clock_conv.gen_async_lite_conv.clock_conv_lite_resp_r/handshake/src_hsdata_ff_reg[13]/C
                            (rising edge-triggered cell FDRE clocked by clk_pl_1  {rise@0.000ns fall@2.083ns period=4.166ns})
  Destination:            tick2trade_bd_i/zynq_ps_axi_periph/m01_couplers/auto_cc/inst/gen_clock_conv.gen_async_lite_conv.clock_conv_lite_resp_r/handshake/dest_hsdata_ff_reg[13]/D
                            (rising edge-triggered cell FDRE clocked by clk_pl_0  {rise@0.000ns fall@5.000ns period=10.000ns})
  Path Group:             (none)
  Path Type:              Hold (Min at Fast Process Corner)
  Data Path Delay:        0.132ns  (logic 0.039ns (29.545%)  route 0.093ns (70.454%))
  Logic Levels:           0  
  Clock Path Skew:        0.101ns (DCD - SCD - CPR)
    Destination Clock Delay (DCD):    1.252ns
    Source Clock Delay      (SCD):    1.151ns
    Clock Pessimism Removal (CPR):    -0.000ns
  Clock Uncertainty:      0.130ns  ((TSJ^2 + DJ^2)^1/2) / 2 + PE
    Total System Jitter     (TSJ):    0.071ns
    Discrete Jitter          (DJ):    0.250ns
    Phase Error              (PE):    0.000ns
  Clock Net Delay (Source):      1.012ns (routing 0.359ns, distribution 0.653ns)
  Clock Net Delay (Destination): 1.080ns (routing 0.352ns, distribution 0.728ns)
  Timing Exception:       Asynchronous Clock Groups

    Location             Delay type                Incr(ns)  Path(ns)    Netlist Resource(s)
  -------------------------------------------------------------------    -------------------
                         (clock clk_pl_1 rise edge)
                                                      0.000     0.000 r  
    PS8_X0Y0             PS8                          0.000     0.000 r  tick2trade_bd_i/zynq_ps/inst/PS8_i/PLCLK[1]
                         net (fo=1, routed)           0.122     0.122    tick2trade_bd_i/zynq_ps/inst/pl_clk_unbuffered[1]
    BUFG_PS_X0Y92        BUFG_PS (Prop_BUFG_PS_I_O)
                                                      0.017     0.139 r  tick2trade_bd_i/zynq_ps/inst/buffer_pl_clk_1.PL_CLK_1_BUFG/O
    X1Y2 (CLOCK_ROOT)    net (fo=19641, routed)       1.012     1.151    tick2trade_bd_i/zynq_ps_axi_periph/m01_couplers/auto_cc/inst/gen_clock_conv.gen_async_lite_conv.clock_conv_lite_resp_r/handshake/src_clk
    SLICE_X53Y179        FDRE                                         r  tick2trade_bd_i/zynq_ps_axi_periph/m01_couplers/auto_cc/inst/gen_clock_conv.gen_async_lite_conv.clock_conv_lite_resp_r/handshake/src_hsdata_ff_reg[13]/C
  -------------------------------------------------------------------    -------------------
    SLICE_X53Y179        FDRE (Prop_AFF2_SLICEM_C_Q)
                                                      0.039     1.190 r  tick2trade_bd_i/zynq_ps_axi_periph/m01_couplers/auto_cc/inst/gen_clock_conv.gen_async_lite_conv.clock_conv_lite_resp_r/handshake/src_hsdata_ff_reg[13]/Q
                         net (fo=1, routed)           0.093     1.283    tick2trade_bd_i/zynq_ps_axi_periph/m01_couplers/auto_cc/inst/gen_clock_conv.gen_async_lite_conv.clock_conv_lite_resp_r/handshake/src_hsdata_ff[13]
    SLICE_X53Y179        FDRE                                         r  tick2trade_bd_i/zynq_ps_axi_periph/m01_couplers/auto_cc/inst/gen_clock_conv.gen_async_lite_conv.clock_conv_lite_resp_r/handshake/dest_hsdata_ff_reg[13]/D
  -------------------------------------------------------------------    -------------------

                         (clock clk_pl_0 rise edge)
                                                      0.000     0.000 r  
    PS8_X0Y0             PS8                          0.000     0.000 r  tick2trade_bd_i/zynq_ps/inst/PS8_i/PLCLK[0]
                         net (fo=1, routed)           0.154     0.154    tick2trade_bd_i/zynq_ps/inst/pl_clk_unbuffered[0]
    BUFG_PS_X0Y80        BUFG_PS (Prop_BUFG_PS_I_O)
                                                      0.018     0.172 r  tick2trade_bd_i/zynq_ps/inst/buffer_pl_clk_0.PL_CLK_0_BUFG/O
    X1Y2 (CLOCK_ROOT)    net (fo=2122, routed)        1.080     1.252    tick2trade_bd_i/zynq_ps_axi_periph/m01_couplers/auto_cc/inst/gen_clock_conv.gen_async_lite_conv.clock_conv_lite_resp_r/handshake/dest_clk
    SLICE_X53Y179        FDRE                                         r  tick2trade_bd_i/zynq_ps_axi_periph/m01_couplers/auto_cc/inst/gen_clock_conv.gen_async_lite_conv.clock_conv_lite_resp_r/handshake/dest_hsdata_ff_reg[13]/C

Slack:                    inf
  Source:                 tick2trade_bd_i/zynq_ps_axi_periph/m01_couplers/auto_cc/inst/gen_clock_conv.gen_async_lite_conv.clock_conv_lite_resp_r/handshake/src_hsdata_ff_reg[18]/C
                            (rising edge-triggered cell FDRE clocked by clk_pl_1  {rise@0.000ns fall@2.083ns period=4.166ns})
  Destination:            tick2trade_bd_i/zynq_ps_axi_periph/m01_couplers/auto_cc/inst/gen_clock_conv.gen_async_lite_conv.clock_conv_lite_resp_r/handshake/dest_hsdata_ff_reg[18]/D
                            (rising edge-triggered cell FDRE clocked by clk_pl_0  {rise@0.000ns fall@5.000ns period=10.000ns})
  Path Group:             (none)
  Path Type:              Hold (Min at Fast Process Corner)
  Data Path Delay:        0.118ns  (logic 0.039ns (33.051%)  route 0.079ns (66.949%))
  Logic Levels:           0  
  Clock Path Skew:        0.105ns (DCD - SCD - CPR)
    Destination Clock Delay (DCD):    1.275ns
    Source Clock Delay      (SCD):    1.170ns
    Clock Pessimism Removal (CPR):    -0.000ns
  Clock Uncertainty:      0.130ns  ((TSJ^2 + DJ^2)^1/2) / 2 + PE
    Total System Jitter     (TSJ):    0.071ns
    Discrete Jitter          (DJ):    0.250ns
    Phase Error              (PE):    0.000ns
  Clock Net Delay (Source):      1.031ns (routing 0.359ns, distribution 0.672ns)
  Clock Net Delay (Destination): 1.103ns (routing 0.352ns, distribution 0.751ns)
  Timing Exception:       Asynchronous Clock Groups

    Location             Delay type                Incr(ns)  Path(ns)    Netlist Resource(s)
  -------------------------------------------------------------------    -------------------
                         (clock clk_pl_1 rise edge)
                                                      0.000     0.000 r  
    PS8_X0Y0             PS8                          0.000     0.000 r  tick2trade_bd_i/zynq_ps/inst/PS8_i/PLCLK[1]
                         net (fo=1, routed)           0.122     0.122    tick2trade_bd_i/zynq_ps/inst/pl_clk_unbuffered[1]
    BUFG_PS_X0Y92        BUFG_PS (Prop_BUFG_PS_I_O)
                                                      0.017     0.139 r  tick2trade_bd_i/zynq_ps/inst/buffer_pl_clk_1.PL_CLK_1_BUFG/O
    X1Y2 (CLOCK_ROOT)    net (fo=19641, routed)       1.031     1.170    tick2trade_bd_i/zynq_ps_axi_periph/m01_couplers/auto_cc/inst/gen_clock_conv.gen_async_lite_conv.clock_conv_lite_resp_r/handshake/src_clk
    SLICE_X52Y220        FDRE                                         r  tick2trade_bd_i/zynq_ps_axi_periph/m01_couplers/auto_cc/inst/gen_clock_conv.gen_async_lite_conv.clock_conv_lite_resp_r/handshake/src_hsdata_ff_reg[18]/C
  -------------------------------------------------------------------    -------------------
    SLICE_X52Y220        FDRE (Prop_AFF_SLICEL_C_Q)
                                                      0.039     1.209 r  tick2trade_bd_i/zynq_ps_axi_periph/m01_couplers/auto_cc/inst/gen_clock_conv.gen_async_lite_conv.clock_conv_lite_resp_r/handshake/src_hsdata_ff_reg[18]/Q
                         net (fo=1, routed)           0.079     1.288    tick2trade_bd_i/zynq_ps_axi_periph/m01_couplers/auto_cc/inst/gen_clock_conv.gen_async_lite_conv.clock_conv_lite_resp_r/handshake/src_hsdata_ff[18]
    SLICE_X52Y220        FDRE                                         r  tick2trade_bd_i/zynq_ps_axi_periph/m01_couplers/auto_cc/inst/gen_clock_conv.gen_async_lite_conv.clock_conv_lite_resp_r/handshake/dest_hsdata_ff_reg[18]/D
  -------------------------------------------------------------------    -------------------

                         (clock clk_pl_0 rise edge)
                                                      0.000     0.000 r  
    PS8_X0Y0             PS8                          0.000     0.000 r  tick2trade_bd_i/zynq_ps/inst/PS8_i/PLCLK[0]
                         net (fo=1, routed)           0.154     0.154    tick2trade_bd_i/zynq_ps/inst/pl_clk_unbuffered[0]
    BUFG_PS_X0Y80        BUFG_PS (Prop_BUFG_PS_I_O)
                                                      0.018     0.172 r  tick2trade_bd_i/zynq_ps/inst/buffer_pl_clk_0.PL_CLK_0_BUFG/O
    X1Y2 (CLOCK_ROOT)    net (fo=2122, routed)        1.103     1.275    tick2trade_bd_i/zynq_ps_axi_periph/m01_couplers/auto_cc/inst/gen_clock_conv.gen_async_lite_conv.clock_conv_lite_resp_r/handshake/dest_clk
    SLICE_X52Y220        FDRE                                         r  tick2trade_bd_i/zynq_ps_axi_periph/m01_couplers/auto_cc/inst/gen_clock_conv.gen_async_lite_conv.clock_conv_lite_resp_r/handshake/dest_hsdata_ff_reg[18]/C

Slack:                    inf
  Source:                 tick2trade_bd_i/zynq_ps_axi_periph/m01_couplers/auto_cc/inst/gen_clock_conv.gen_async_lite_conv.clock_conv_lite_resp_r/handshake/src_hsdata_ff_reg[31]/C
                            (rising edge-triggered cell FDRE clocked by clk_pl_1  {rise@0.000ns fall@2.083ns period=4.166ns})
  Destination:            tick2trade_bd_i/zynq_ps_axi_periph/m01_couplers/auto_cc/inst/gen_clock_conv.gen_async_lite_conv.clock_conv_lite_resp_r/handshake/dest_hsdata_ff_reg[31]/D
                            (rising edge-triggered cell FDRE clocked by clk_pl_0  {rise@0.000ns fall@5.000ns period=10.000ns})
  Path Group:             (none)
  Path Type:              Hold (Min at Fast Process Corner)
  Data Path Delay:        0.119ns  (logic 0.038ns (31.933%)  route 0.081ns (68.067%))
  Logic Levels:           0  
  Clock Path Skew:        0.111ns (DCD - SCD - CPR)
    Destination Clock Delay (DCD):    1.282ns
    Source Clock Delay      (SCD):    1.171ns
    Clock Pessimism Removal (CPR):    -0.000ns
  Clock Uncertainty:      0.130ns  ((TSJ^2 + DJ^2)^1/2) / 2 + PE
    Total System Jitter     (TSJ):    0.071ns
    Discrete Jitter          (DJ):    0.250ns
    Phase Error              (PE):    0.000ns
  Clock Net Delay (Source):      1.032ns (routing 0.359ns, distribution 0.673ns)
  Clock Net Delay (Destination): 1.110ns (routing 0.352ns, distribution 0.758ns)
  Timing Exception:       Asynchronous Clock Groups

    Location             Delay type                Incr(ns)  Path(ns)    Netlist Resource(s)
  -------------------------------------------------------------------    -------------------
                         (clock clk_pl_1 rise edge)
                                                      0.000     0.000 r  
    PS8_X0Y0             PS8                          0.000     0.000 r  tick2trade_bd_i/zynq_ps/inst/PS8_i/PLCLK[1]
                         net (fo=1, routed)           0.122     0.122    tick2trade_bd_i/zynq_ps/inst/pl_clk_unbuffered[1]
    BUFG_PS_X0Y92        BUFG_PS (Prop_BUFG_PS_I_O)
                                                      0.017     0.139 r  tick2trade_bd_i/zynq_ps/inst/buffer_pl_clk_1.PL_CLK_1_BUFG/O
    X1Y2 (CLOCK_ROOT)    net (fo=19641, routed)       1.032     1.171    tick2trade_bd_i/zynq_ps_axi_periph/m01_couplers/auto_cc/inst/gen_clock_conv.gen_async_lite_conv.clock_conv_lite_resp_r/handshake/src_clk
    SLICE_X56Y203        FDRE                                         r  tick2trade_bd_i/zynq_ps_axi_periph/m01_couplers/auto_cc/inst/gen_clock_conv.gen_async_lite_conv.clock_conv_lite_resp_r/handshake/src_hsdata_ff_reg[31]/C
  -------------------------------------------------------------------    -------------------
    SLICE_X56Y203        FDRE (Prop_EFF_SLICEM_C_Q)
                                                      0.038     1.209 r  tick2trade_bd_i/zynq_ps_axi_periph/m01_couplers/auto_cc/inst/gen_clock_conv.gen_async_lite_conv.clock_conv_lite_resp_r/handshake/src_hsdata_ff_reg[31]/Q
                         net (fo=1, routed)           0.081     1.290    tick2trade_bd_i/zynq_ps_axi_periph/m01_couplers/auto_cc/inst/gen_clock_conv.gen_async_lite_conv.clock_conv_lite_resp_r/handshake/src_hsdata_ff[31]
    SLICE_X56Y203        FDRE                                         r  tick2trade_bd_i/zynq_ps_axi_periph/m01_couplers/auto_cc/inst/gen_clock_conv.gen_async_lite_conv.clock_conv_lite_resp_r/handshake/dest_hsdata_ff_reg[31]/D
  -------------------------------------------------------------------    -------------------

                         (clock clk_pl_0 rise edge)
                                                      0.000     0.000 r  
    PS8_X0Y0             PS8                          0.000     0.000 r  tick2trade_bd_i/zynq_ps/inst/PS8_i/PLCLK[0]
                         net (fo=1, routed)           0.154     0.154    tick2trade_bd_i/zynq_ps/inst/pl_clk_unbuffered[0]
    BUFG_PS_X0Y80        BUFG_PS (Prop_BUFG_PS_I_O)
                                                      0.018     0.172 r  tick2trade_bd_i/zynq_ps/inst/buffer_pl_clk_0.PL_CLK_0_BUFG/O
    X1Y2 (CLOCK_ROOT)    net (fo=2122, routed)        1.110     1.282    tick2trade_bd_i/zynq_ps_axi_periph/m01_couplers/auto_cc/inst/gen_clock_conv.gen_async_lite_conv.clock_conv_lite_resp_r/handshake/dest_clk
    SLICE_X56Y203        FDRE                                         r  tick2trade_bd_i/zynq_ps_axi_periph/m01_couplers/auto_cc/inst/gen_clock_conv.gen_async_lite_conv.clock_conv_lite_resp_r/handshake/dest_hsdata_ff_reg[31]/C

Slack:                    inf
  Source:                 tick2trade_bd_i/zynq_ps_axi_periph/m01_couplers/auto_cc/inst/gen_clock_conv.gen_async_lite_conv.clock_conv_lite_resp_r/handshake/src_hsdata_ff_reg[10]/C
                            (rising edge-triggered cell FDRE clocked by clk_pl_1  {rise@0.000ns fall@2.083ns period=4.166ns})
  Destination:            tick2trade_bd_i/zynq_ps_axi_periph/m01_couplers/auto_cc/inst/gen_clock_conv.gen_async_lite_conv.clock_conv_lite_resp_r/handshake/dest_hsdata_ff_reg[10]/D
                            (rising edge-triggered cell FDRE clocked by clk_pl_0  {rise@0.000ns fall@5.000ns period=10.000ns})
  Path Group:             (none)
  Path Type:              Hold (Min at Fast Process Corner)
  Data Path Delay:        0.140ns  (logic 0.038ns (27.143%)  route 0.102ns (72.857%))
  Logic Levels:           0  
  Clock Path Skew:        0.101ns (DCD - SCD - CPR)
    Destination Clock Delay (DCD):    1.252ns
    Source Clock Delay      (SCD):    1.151ns
    Clock Pessimism Removal (CPR):    -0.000ns
  Clock Uncertainty:      0.130ns  ((TSJ^2 + DJ^2)^1/2) / 2 + PE
    Total System Jitter     (TSJ):    0.071ns
    Discrete Jitter          (DJ):    0.250ns
    Phase Error              (PE):    0.000ns
  Clock Net Delay (Source):      1.012ns (routing 0.359ns, distribution 0.653ns)
  Clock Net Delay (Destination): 1.080ns (routing 0.352ns, distribution 0.728ns)
  Timing Exception:       Asynchronous Clock Groups

    Location             Delay type                Incr(ns)  Path(ns)    Netlist Resource(s)
  -------------------------------------------------------------------    -------------------
                         (clock clk_pl_1 rise edge)
                                                      0.000     0.000 r  
    PS8_X0Y0             PS8                          0.000     0.000 r  tick2trade_bd_i/zynq_ps/inst/PS8_i/PLCLK[1]
                         net (fo=1, routed)           0.122     0.122    tick2trade_bd_i/zynq_ps/inst/pl_clk_unbuffered[1]
    BUFG_PS_X0Y92        BUFG_PS (Prop_BUFG_PS_I_O)
                                                      0.017     0.139 r  tick2trade_bd_i/zynq_ps/inst/buffer_pl_clk_1.PL_CLK_1_BUFG/O
    X1Y2 (CLOCK_ROOT)    net (fo=19641, routed)       1.012     1.151    tick2trade_bd_i/zynq_ps_axi_periph/m01_couplers/auto_cc/inst/gen_clock_conv.gen_async_lite_conv.clock_conv_lite_resp_r/handshake/src_clk
    SLICE_X53Y179        FDRE                                         r  tick2trade_bd_i/zynq_ps_axi_periph/m01_couplers/auto_cc/inst/gen_clock_conv.gen_async_lite_conv.clock_conv_lite_resp_r/handshake/src_hsdata_ff_reg[10]/C
  -------------------------------------------------------------------    -------------------
    SLICE_X53Y179        FDRE (Prop_AFF_SLICEM_C_Q)
                                                      0.038     1.189 r  tick2trade_bd_i/zynq_ps_axi_periph/m01_couplers/auto_cc/inst/gen_clock_conv.gen_async_lite_conv.clock_conv_lite_resp_r/handshake/src_hsdata_ff_reg[10]/Q
                         net (fo=1, routed)           0.102     1.291    tick2trade_bd_i/zynq_ps_axi_periph/m01_couplers/auto_cc/inst/gen_clock_conv.gen_async_lite_conv.clock_conv_lite_resp_r/handshake/src_hsdata_ff[10]
    SLICE_X53Y179        FDRE                                         r  tick2trade_bd_i/zynq_ps_axi_periph/m01_couplers/auto_cc/inst/gen_clock_conv.gen_async_lite_conv.clock_conv_lite_resp_r/handshake/dest_hsdata_ff_reg[10]/D
  -------------------------------------------------------------------    -------------------

                         (clock clk_pl_0 rise edge)
                                                      0.000     0.000 r  
    PS8_X0Y0             PS8                          0.000     0.000 r  tick2trade_bd_i/zynq_ps/inst/PS8_i/PLCLK[0]
                         net (fo=1, routed)           0.154     0.154    tick2trade_bd_i/zynq_ps/inst/pl_clk_unbuffered[0]
    BUFG_PS_X0Y80        BUFG_PS (Prop_BUFG_PS_I_O)
                                                      0.018     0.172 r  tick2trade_bd_i/zynq_ps/inst/buffer_pl_clk_0.PL_CLK_0_BUFG/O
    X1Y2 (CLOCK_ROOT)    net (fo=2122, routed)        1.080     1.252    tick2trade_bd_i/zynq_ps_axi_periph/m01_couplers/auto_cc/inst/gen_clock_conv.gen_async_lite_conv.clock_conv_lite_resp_r/handshake/dest_clk
    SLICE_X53Y179        FDRE                                         r  tick2trade_bd_i/zynq_ps_axi_periph/m01_couplers/auto_cc/inst/gen_clock_conv.gen_async_lite_conv.clock_conv_lite_resp_r/handshake/dest_hsdata_ff_reg[10]/C

Slack:                    inf
  Source:                 tick2trade_bd_i/zynq_ps_axi_periph/m01_couplers/auto_cc/inst/gen_clock_conv.gen_async_lite_conv.clock_conv_lite_resp_r/handshake/src_hsdata_ff_reg[12]/C
                            (rising edge-triggered cell FDRE clocked by clk_pl_1  {rise@0.000ns fall@2.083ns period=4.166ns})
  Destination:            tick2trade_bd_i/zynq_ps_axi_periph/m01_couplers/auto_cc/inst/gen_clock_conv.gen_async_lite_conv.clock_conv_lite_resp_r/handshake/dest_hsdata_ff_reg[12]/D
                            (rising edge-triggered cell FDRE clocked by clk_pl_0  {rise@0.000ns fall@5.000ns period=10.000ns})
  Path Group:             (none)
  Path Type:              Hold (Min at Fast Process Corner)
  Data Path Delay:        0.124ns  (logic 0.038ns (30.645%)  route 0.086ns (69.355%))
  Logic Levels:           0  
  Clock Path Skew:        0.103ns (DCD - SCD - CPR)
    Destination Clock Delay (DCD):    1.277ns
    Source Clock Delay      (SCD):    1.174ns
    Clock Pessimism Removal (CPR):    -0.000ns
  Clock Uncertainty:      0.130ns  ((TSJ^2 + DJ^2)^1/2) / 2 + PE
    Total System Jitter     (TSJ):    0.071ns
    Discrete Jitter          (DJ):    0.250ns
    Phase Error              (PE):    0.000ns
  Clock Net Delay (Source):      1.035ns (routing 0.359ns, distribution 0.676ns)
  Clock Net Delay (Destination): 1.105ns (routing 0.352ns, distribution 0.753ns)
  Timing Exception:       Asynchronous Clock Groups

    Location             Delay type                Incr(ns)  Path(ns)    Netlist Resource(s)
  -------------------------------------------------------------------    -------------------
                         (clock clk_pl_1 rise edge)
                                                      0.000     0.000 r  
    PS8_X0Y0             PS8                          0.000     0.000 r  tick2trade_bd_i/zynq_ps/inst/PS8_i/PLCLK[1]
                         net (fo=1, routed)           0.122     0.122    tick2trade_bd_i/zynq_ps/inst/pl_clk_unbuffered[1]
    BUFG_PS_X0Y92        BUFG_PS (Prop_BUFG_PS_I_O)
                                                      0.017     0.139 r  tick2trade_bd_i/zynq_ps/inst/buffer_pl_clk_1.PL_CLK_1_BUFG/O
    X1Y2 (CLOCK_ROOT)    net (fo=19641, routed)       1.035     1.174    tick2trade_bd_i/zynq_ps_axi_periph/m01_couplers/auto_cc/inst/gen_clock_conv.gen_async_lite_conv.clock_conv_lite_resp_r/handshake/src_clk
    SLICE_X53Y224        FDRE                                         r  tick2trade_bd_i/zynq_ps_axi_periph/m01_couplers/auto_cc/inst/gen_clock_conv.gen_async_lite_conv.clock_conv_lite_resp_r/handshake/src_hsdata_ff_reg[12]/C
  -------------------------------------------------------------------    -------------------
    SLICE_X53Y224        FDRE (Prop_AFF_SLICEM_C_Q)
                                                      0.038     1.212 r  tick2trade_bd_i/zynq_ps_axi_periph/m01_couplers/auto_cc/inst/gen_clock_conv.gen_async_lite_conv.clock_conv_lite_resp_r/handshake/src_hsdata_ff_reg[12]/Q
                         net (fo=1, routed)           0.086     1.298    tick2trade_bd_i/zynq_ps_axi_periph/m01_couplers/auto_cc/inst/gen_clock_conv.gen_async_lite_conv.clock_conv_lite_resp_r/handshake/src_hsdata_ff[12]
    SLICE_X53Y224        FDRE                                         r  tick2trade_bd_i/zynq_ps_axi_periph/m01_couplers/auto_cc/inst/gen_clock_conv.gen_async_lite_conv.clock_conv_lite_resp_r/handshake/dest_hsdata_ff_reg[12]/D
  -------------------------------------------------------------------    -------------------

                         (clock clk_pl_0 rise edge)
                                                      0.000     0.000 r  
    PS8_X0Y0             PS8                          0.000     0.000 r  tick2trade_bd_i/zynq_ps/inst/PS8_i/PLCLK[0]
                         net (fo=1, routed)           0.154     0.154    tick2trade_bd_i/zynq_ps/inst/pl_clk_unbuffered[0]
    BUFG_PS_X0Y80        BUFG_PS (Prop_BUFG_PS_I_O)
                                                      0.018     0.172 r  tick2trade_bd_i/zynq_ps/inst/buffer_pl_clk_0.PL_CLK_0_BUFG/O
    X1Y2 (CLOCK_ROOT)    net (fo=2122, routed)        1.105     1.277    tick2trade_bd_i/zynq_ps_axi_periph/m01_couplers/auto_cc/inst/gen_clock_conv.gen_async_lite_conv.clock_conv_lite_resp_r/handshake/dest_clk
    SLICE_X53Y224        FDRE                                         r  tick2trade_bd_i/zynq_ps_axi_periph/m01_couplers/auto_cc/inst/gen_clock_conv.gen_async_lite_conv.clock_conv_lite_resp_r/handshake/dest_hsdata_ff_reg[12]/C

Slack:                    inf
  Source:                 tick2trade_bd_i/zynq_ps_axi_periph/m01_couplers/auto_cc/inst/gen_clock_conv.gen_async_lite_conv.clock_conv_lite_resp_r/handshake/src_hsdata_ff_reg[22]/C
                            (rising edge-triggered cell FDRE clocked by clk_pl_1  {rise@0.000ns fall@2.083ns period=4.166ns})
  Destination:            tick2trade_bd_i/zynq_ps_axi_periph/m01_couplers/auto_cc/inst/gen_clock_conv.gen_async_lite_conv.clock_conv_lite_resp_r/handshake/dest_hsdata_ff_reg[22]/D
                            (rising edge-triggered cell FDRE clocked by clk_pl_0  {rise@0.000ns fall@5.000ns period=10.000ns})
  Path Group:             (none)
  Path Type:              Hold (Min at Fast Process Corner)
  Data Path Delay:        0.130ns  (logic 0.039ns (30.000%)  route 0.091ns (70.000%))
  Logic Levels:           0  
  Clock Path Skew:        0.103ns (DCD - SCD - CPR)
    Destination Clock Delay (DCD):    1.277ns
    Source Clock Delay      (SCD):    1.174ns
    Clock Pessimism Removal (CPR):    -0.000ns
  Clock Uncertainty:      0.130ns  ((TSJ^2 + DJ^2)^1/2) / 2 + PE
    Total System Jitter     (TSJ):    0.071ns
    Discrete Jitter          (DJ):    0.250ns
    Phase Error              (PE):    0.000ns
  Clock Net Delay (Source):      1.035ns (routing 0.359ns, distribution 0.676ns)
  Clock Net Delay (Destination): 1.105ns (routing 0.352ns, distribution 0.753ns)
  Timing Exception:       Asynchronous Clock Groups

    Location             Delay type                Incr(ns)  Path(ns)    Netlist Resource(s)
  -------------------------------------------------------------------    -------------------
                         (clock clk_pl_1 rise edge)
                                                      0.000     0.000 r  
    PS8_X0Y0             PS8                          0.000     0.000 r  tick2trade_bd_i/zynq_ps/inst/PS8_i/PLCLK[1]
                         net (fo=1, routed)           0.122     0.122    tick2trade_bd_i/zynq_ps/inst/pl_clk_unbuffered[1]
    BUFG_PS_X0Y92        BUFG_PS (Prop_BUFG_PS_I_O)
                                                      0.017     0.139 r  tick2trade_bd_i/zynq_ps/inst/buffer_pl_clk_1.PL_CLK_1_BUFG/O
    X1Y2 (CLOCK_ROOT)    net (fo=19641, routed)       1.035     1.174    tick2trade_bd_i/zynq_ps_axi_periph/m01_couplers/auto_cc/inst/gen_clock_conv.gen_async_lite_conv.clock_conv_lite_resp_r/handshake/src_clk
    SLICE_X53Y224        FDRE                                         r  tick2trade_bd_i/zynq_ps_axi_periph/m01_couplers/auto_cc/inst/gen_clock_conv.gen_async_lite_conv.clock_conv_lite_resp_r/handshake/src_hsdata_ff_reg[22]/C
  -------------------------------------------------------------------    -------------------
    SLICE_X53Y224        FDRE (Prop_AFF2_SLICEM_C_Q)
                                                      0.039     1.213 r  tick2trade_bd_i/zynq_ps_axi_periph/m01_couplers/auto_cc/inst/gen_clock_conv.gen_async_lite_conv.clock_conv_lite_resp_r/handshake/src_hsdata_ff_reg[22]/Q
                         net (fo=1, routed)           0.091     1.304    tick2trade_bd_i/zynq_ps_axi_periph/m01_couplers/auto_cc/inst/gen_clock_conv.gen_async_lite_conv.clock_conv_lite_resp_r/handshake/src_hsdata_ff[22]
    SLICE_X53Y224        FDRE                                         r  tick2trade_bd_i/zynq_ps_axi_periph/m01_couplers/auto_cc/inst/gen_clock_conv.gen_async_lite_conv.clock_conv_lite_resp_r/handshake/dest_hsdata_ff_reg[22]/D
  -------------------------------------------------------------------    -------------------

                         (clock clk_pl_0 rise edge)
                                                      0.000     0.000 r  
    PS8_X0Y0             PS8                          0.000     0.000 r  tick2trade_bd_i/zynq_ps/inst/PS8_i/PLCLK[0]
                         net (fo=1, routed)           0.154     0.154    tick2trade_bd_i/zynq_ps/inst/pl_clk_unbuffered[0]
    BUFG_PS_X0Y80        BUFG_PS (Prop_BUFG_PS_I_O)
                                                      0.018     0.172 r  tick2trade_bd_i/zynq_ps/inst/buffer_pl_clk_0.PL_CLK_0_BUFG/O
    X1Y2 (CLOCK_ROOT)    net (fo=2122, routed)        1.105     1.277    tick2trade_bd_i/zynq_ps_axi_periph/m01_couplers/auto_cc/inst/gen_clock_conv.gen_async_lite_conv.clock_conv_lite_resp_r/handshake/dest_clk
    SLICE_X53Y224        FDRE                                         r  tick2trade_bd_i/zynq_ps_axi_periph/m01_couplers/auto_cc/inst/gen_clock_conv.gen_async_lite_conv.clock_conv_lite_resp_r/handshake/dest_hsdata_ff_reg[22]/C

Slack:                    inf
  Source:                 tick2trade_bd_i/zynq_ps_axi_periph/m01_couplers/auto_cc/inst/gen_clock_conv.gen_async_lite_conv.clock_conv_lite_fwd_ar/dest_ack_reg/C
                            (rising edge-triggered cell FDRE clocked by clk_pl_1  {rise@0.000ns fall@2.083ns period=4.166ns})
  Destination:            tick2trade_bd_i/zynq_ps_axi_periph/m01_couplers/auto_cc/inst/gen_clock_conv.gen_async_lite_conv.clock_conv_lite_fwd_ar/handshake/xpm_cdc_single_dest2src_inst/syncstages_ff_reg[0]/D
                            (rising edge-triggered cell FDRE clocked by clk_pl_0  {rise@0.000ns fall@5.000ns period=10.000ns})
  Path Group:             (none)
  Path Type:              Hold (Min at Fast Process Corner)
  Data Path Delay:        0.128ns  (logic 0.039ns (30.465%)  route 0.089ns (69.535%))
  Logic Levels:           0  
  Clock Path Skew:        0.109ns (DCD - SCD - CPR)
    Destination Clock Delay (DCD):    1.287ns
    Source Clock Delay      (SCD):    1.178ns
    Clock Pessimism Removal (CPR):    -0.000ns
  Clock Uncertainty:      0.130ns  ((TSJ^2 + DJ^2)^1/2) / 2 + PE
    Total System Jitter     (TSJ):    0.071ns
    Discrete Jitter          (DJ):    0.250ns
    Phase Error              (PE):    0.000ns
  Clock Net Delay (Source):      1.039ns (routing 0.359ns, distribution 0.680ns)
  Clock Net Delay (Destination): 1.115ns (routing 0.352ns, distribution 0.763ns)
  Timing Exception:       Asynchronous Clock Groups

    Location             Delay type                Incr(ns)  Path(ns)    Netlist Resource(s)
  -------------------------------------------------------------------    -------------------
                         (clock clk_pl_1 rise edge)
                                                      0.000     0.000 r  
    PS8_X0Y0             PS8                          0.000     0.000 r  tick2trade_bd_i/zynq_ps/inst/PS8_i/PLCLK[1]
                         net (fo=1, routed)           0.122     0.122    tick2trade_bd_i/zynq_ps/inst/pl_clk_unbuffered[1]
    BUFG_PS_X0Y92        BUFG_PS (Prop_BUFG_PS_I_O)
                                                      0.017     0.139 r  tick2trade_bd_i/zynq_ps/inst/buffer_pl_clk_1.PL_CLK_1_BUFG/O
    X1Y2 (CLOCK_ROOT)    net (fo=19641, routed)       1.039     1.178    tick2trade_bd_i/zynq_ps_axi_periph/m01_couplers/auto_cc/inst/gen_clock_conv.gen_async_lite_conv.clock_conv_lite_fwd_ar/m_valid_i_reg_1
    SLICE_X56Y234        FDRE                                         r  tick2trade_bd_i/zynq_ps_axi_periph/m01_couplers/auto_cc/inst/gen_clock_conv.gen_async_lite_conv.clock_conv_lite_fwd_ar/dest_ack_reg/C
  -------------------------------------------------------------------    -------------------
    SLICE_X56Y234        FDRE (Prop_HFF_SLICEM_C_Q)
                                                      0.039     1.217 r  tick2trade_bd_i/zynq_ps_axi_periph/m01_couplers/auto_cc/inst/gen_clock_conv.gen_async_lite_conv.clock_conv_lite_fwd_ar/dest_ack_reg/Q
                         net (fo=2, routed)           0.089     1.306    tick2trade_bd_i/zynq_ps_axi_periph/m01_couplers/auto_cc/inst/gen_clock_conv.gen_async_lite_conv.clock_conv_lite_fwd_ar/handshake/xpm_cdc_single_dest2src_inst/src_in
    SLICE_X56Y235        FDRE                                         r  tick2trade_bd_i/zynq_ps_axi_periph/m01_couplers/auto_cc/inst/gen_clock_conv.gen_async_lite_conv.clock_conv_lite_fwd_ar/handshake/xpm_cdc_single_dest2src_inst/syncstages_ff_reg[0]/D
  -------------------------------------------------------------------    -------------------

                         (clock clk_pl_0 rise edge)
                                                      0.000     0.000 r  
    PS8_X0Y0             PS8                          0.000     0.000 r  tick2trade_bd_i/zynq_ps/inst/PS8_i/PLCLK[0]
                         net (fo=1, routed)           0.154     0.154    tick2trade_bd_i/zynq_ps/inst/pl_clk_unbuffered[0]
    BUFG_PS_X0Y80        BUFG_PS (Prop_BUFG_PS_I_O)
                                                      0.018     0.172 r  tick2trade_bd_i/zynq_ps/inst/buffer_pl_clk_0.PL_CLK_0_BUFG/O
    X1Y2 (CLOCK_ROOT)    net (fo=2122, routed)        1.115     1.287    tick2trade_bd_i/zynq_ps_axi_periph/m01_couplers/auto_cc/inst/gen_clock_conv.gen_async_lite_conv.clock_conv_lite_fwd_ar/handshake/xpm_cdc_single_dest2src_inst/dest_clk
    SLICE_X56Y235        FDRE                                         r  tick2trade_bd_i/zynq_ps_axi_periph/m01_couplers/auto_cc/inst/gen_clock_conv.gen_async_lite_conv.clock_conv_lite_fwd_ar/handshake/xpm_cdc_single_dest2src_inst/syncstages_ff_reg[0]/C

Slack:                    inf
  Source:                 tick2trade_bd_i/zynq_ps_axi_periph/m01_couplers/auto_cc/inst/gen_clock_conv.gen_async_lite_conv.clock_conv_lite_resp_r/handshake/src_hsdata_ff_reg[0]/C
                            (rising edge-triggered cell FDRE clocked by clk_pl_1  {rise@0.000ns fall@2.083ns period=4.166ns})
  Destination:            tick2trade_bd_i/zynq_ps_axi_periph/m01_couplers/auto_cc/inst/gen_clock_conv.gen_async_lite_conv.clock_conv_lite_resp_r/handshake/dest_hsdata_ff_reg[0]/D
                            (rising edge-triggered cell FDRE clocked by clk_pl_0  {rise@0.000ns fall@5.000ns period=10.000ns})
  Path Group:             (none)
  Path Type:              Hold (Min at Fast Process Corner)
  Data Path Delay:        0.134ns  (logic 0.039ns (29.104%)  route 0.095ns (70.896%))
  Logic Levels:           0  
  Clock Path Skew:        0.105ns (DCD - SCD - CPR)
    Destination Clock Delay (DCD):    1.279ns
    Source Clock Delay      (SCD):    1.174ns
    Clock Pessimism Removal (CPR):    -0.000ns
  Clock Uncertainty:      0.130ns  ((TSJ^2 + DJ^2)^1/2) / 2 + PE
    Total System Jitter     (TSJ):    0.071ns
    Discrete Jitter          (DJ):    0.250ns
    Phase Error              (PE):    0.000ns
  Clock Net Delay (Source):      1.035ns (routing 0.359ns, distribution 0.676ns)
  Clock Net Delay (Destination): 1.107ns (routing 0.352ns, distribution 0.755ns)
  Timing Exception:       Asynchronous Clock Groups

    Location             Delay type                Incr(ns)  Path(ns)    Netlist Resource(s)
  -------------------------------------------------------------------    -------------------
                         (clock clk_pl_1 rise edge)
                                                      0.000     0.000 r  
    PS8_X0Y0             PS8                          0.000     0.000 r  tick2trade_bd_i/zynq_ps/inst/PS8_i/PLCLK[1]
                         net (fo=1, routed)           0.122     0.122    tick2trade_bd_i/zynq_ps/inst/pl_clk_unbuffered[1]
    BUFG_PS_X0Y92        BUFG_PS (Prop_BUFG_PS_I_O)
                                                      0.017     0.139 r  tick2trade_bd_i/zynq_ps/inst/buffer_pl_clk_1.PL_CLK_1_BUFG/O
    X1Y2 (CLOCK_ROOT)    net (fo=19641, routed)       1.035     1.174    tick2trade_bd_i/zynq_ps_axi_periph/m01_couplers/auto_cc/inst/gen_clock_conv.gen_async_lite_conv.clock_conv_lite_resp_r/handshake/src_clk
    SLICE_X52Y230        FDRE                                         r  tick2trade_bd_i/zynq_ps_axi_periph/m01_couplers/auto_cc/inst/gen_clock_conv.gen_async_lite_conv.clock_conv_lite_resp_r/handshake/src_hsdata_ff_reg[0]/C
  -------------------------------------------------------------------    -------------------
    SLICE_X52Y230        FDRE (Prop_AFF_SLICEL_C_Q)
                                                      0.039     1.213 r  tick2trade_bd_i/zynq_ps_axi_periph/m01_couplers/auto_cc/inst/gen_clock_conv.gen_async_lite_conv.clock_conv_lite_resp_r/handshake/src_hsdata_ff_reg[0]/Q
                         net (fo=1, routed)           0.095     1.308    tick2trade_bd_i/zynq_ps_axi_periph/m01_couplers/auto_cc/inst/gen_clock_conv.gen_async_lite_conv.clock_conv_lite_resp_r/handshake/src_hsdata_ff[0]
    SLICE_X52Y230        FDRE                                         r  tick2trade_bd_i/zynq_ps_axi_periph/m01_couplers/auto_cc/inst/gen_clock_conv.gen_async_lite_conv.clock_conv_lite_resp_r/handshake/dest_hsdata_ff_reg[0]/D
  -------------------------------------------------------------------    -------------------

                         (clock clk_pl_0 rise edge)
                                                      0.000     0.000 r  
    PS8_X0Y0             PS8                          0.000     0.000 r  tick2trade_bd_i/zynq_ps/inst/PS8_i/PLCLK[0]
                         net (fo=1, routed)           0.154     0.154    tick2trade_bd_i/zynq_ps/inst/pl_clk_unbuffered[0]
    BUFG_PS_X0Y80        BUFG_PS (Prop_BUFG_PS_I_O)
                                                      0.018     0.172 r  tick2trade_bd_i/zynq_ps/inst/buffer_pl_clk_0.PL_CLK_0_BUFG/O
    X1Y2 (CLOCK_ROOT)    net (fo=2122, routed)        1.107     1.279    tick2trade_bd_i/zynq_ps_axi_periph/m01_couplers/auto_cc/inst/gen_clock_conv.gen_async_lite_conv.clock_conv_lite_resp_r/handshake/dest_clk
    SLICE_X52Y230        FDRE                                         r  tick2trade_bd_i/zynq_ps_axi_periph/m01_couplers/auto_cc/inst/gen_clock_conv.gen_async_lite_conv.clock_conv_lite_resp_r/handshake/dest_hsdata_ff_reg[0]/C

Slack:                    inf
  Source:                 tick2trade_bd_i/zynq_ps_axi_periph/m01_couplers/auto_cc/inst/gen_clock_conv.gen_async_lite_conv.clock_conv_lite_resp_r/handshake/src_hsdata_ff_reg[21]/C
                            (rising edge-triggered cell FDRE clocked by clk_pl_1  {rise@0.000ns fall@2.083ns period=4.166ns})
  Destination:            tick2trade_bd_i/zynq_ps_axi_periph/m01_couplers/auto_cc/inst/gen_clock_conv.gen_async_lite_conv.clock_conv_lite_resp_r/handshake/dest_hsdata_ff_reg[21]/D
                            (rising edge-triggered cell FDRE clocked by clk_pl_0  {rise@0.000ns fall@5.000ns period=10.000ns})
  Path Group:             (none)
  Path Type:              Hold (Min at Fast Process Corner)
  Data Path Delay:        0.138ns  (logic 0.038ns (27.536%)  route 0.100ns (72.464%))
  Logic Levels:           0  
  Clock Path Skew:        0.107ns (DCD - SCD - CPR)
    Destination Clock Delay (DCD):    1.278ns
    Source Clock Delay      (SCD):    1.171ns
    Clock Pessimism Removal (CPR):    -0.000ns
  Clock Uncertainty:      0.130ns  ((TSJ^2 + DJ^2)^1/2) / 2 + PE
    Total System Jitter     (TSJ):    0.071ns
    Discrete Jitter          (DJ):    0.250ns
    Phase Error              (PE):    0.000ns
  Clock Net Delay (Source):      1.032ns (routing 0.359ns, distribution 0.673ns)
  Clock Net Delay (Destination): 1.106ns (routing 0.352ns, distribution 0.754ns)
  Timing Exception:       Asynchronous Clock Groups

    Location             Delay type                Incr(ns)  Path(ns)    Netlist Resource(s)
  -------------------------------------------------------------------    -------------------
                         (clock clk_pl_1 rise edge)
                                                      0.000     0.000 r  
    PS8_X0Y0             PS8                          0.000     0.000 r  tick2trade_bd_i/zynq_ps/inst/PS8_i/PLCLK[1]
                         net (fo=1, routed)           0.122     0.122    tick2trade_bd_i/zynq_ps/inst/pl_clk_unbuffered[1]
    BUFG_PS_X0Y92        BUFG_PS (Prop_BUFG_PS_I_O)
                                                      0.017     0.139 r  tick2trade_bd_i/zynq_ps/inst/buffer_pl_clk_1.PL_CLK_1_BUFG/O
    X1Y2 (CLOCK_ROOT)    net (fo=19641, routed)       1.032     1.171    tick2trade_bd_i/zynq_ps_axi_periph/m01_couplers/auto_cc/inst/gen_clock_conv.gen_async_lite_conv.clock_conv_lite_resp_r/handshake/src_clk
    SLICE_X54Y221        FDRE                                         r  tick2trade_bd_i/zynq_ps_axi_periph/m01_couplers/auto_cc/inst/gen_clock_conv.gen_async_lite_conv.clock_conv_lite_resp_r/handshake/src_hsdata_ff_reg[21]/C
  -------------------------------------------------------------------    -------------------
    SLICE_X54Y221        FDRE (Prop_AFF_SLICEM_C_Q)
                                                      0.038     1.209 r  tick2trade_bd_i/zynq_ps_axi_periph/m01_couplers/auto_cc/inst/gen_clock_conv.gen_async_lite_conv.clock_conv_lite_resp_r/handshake/src_hsdata_ff_reg[21]/Q
                         net (fo=1, routed)           0.100     1.309    tick2trade_bd_i/zynq_ps_axi_periph/m01_couplers/auto_cc/inst/gen_clock_conv.gen_async_lite_conv.clock_conv_lite_resp_r/handshake/src_hsdata_ff[21]
    SLICE_X54Y221        FDRE                                         r  tick2trade_bd_i/zynq_ps_axi_periph/m01_couplers/auto_cc/inst/gen_clock_conv.gen_async_lite_conv.clock_conv_lite_resp_r/handshake/dest_hsdata_ff_reg[21]/D
  -------------------------------------------------------------------    -------------------

                         (clock clk_pl_0 rise edge)
                                                      0.000     0.000 r  
    PS8_X0Y0             PS8                          0.000     0.000 r  tick2trade_bd_i/zynq_ps/inst/PS8_i/PLCLK[0]
                         net (fo=1, routed)           0.154     0.154    tick2trade_bd_i/zynq_ps/inst/pl_clk_unbuffered[0]
    BUFG_PS_X0Y80        BUFG_PS (Prop_BUFG_PS_I_O)
                                                      0.018     0.172 r  tick2trade_bd_i/zynq_ps/inst/buffer_pl_clk_0.PL_CLK_0_BUFG/O
    X1Y2 (CLOCK_ROOT)    net (fo=2122, routed)        1.106     1.278    tick2trade_bd_i/zynq_ps_axi_periph/m01_couplers/auto_cc/inst/gen_clock_conv.gen_async_lite_conv.clock_conv_lite_resp_r/handshake/dest_clk
    SLICE_X54Y221        FDRE                                         r  tick2trade_bd_i/zynq_ps_axi_periph/m01_couplers/auto_cc/inst/gen_clock_conv.gen_async_lite_conv.clock_conv_lite_resp_r/handshake/dest_hsdata_ff_reg[21]/C





--------------------------------------------------------------------------------------
Path Group:  (none)
From Clock:  
  To Clock:  clk_pl_1

Max Delay             1 Endpoint
Min Delay             1 Endpoint
--------------------------------------------------------------------------------------


Max Delay Paths
--------------------------------------------------------------------------------------
Slack:                    inf
  Source:                 tick2trade_bd_i/zynq_ps/inst/PS8_i/EMIOGPIOO[95]
                            (internal pin)
  Destination:            tick2trade_bd_i/rst_core_250M/U0/EXT_LPF/ACTIVE_LOW_EXT.ACT_LO_EXT/GENERATE_LEVEL_P_S_CDC.SINGLE_BIT.CROSS_PLEVEL_IN2SCNDRY_IN_cdc_to/D
                            (rising edge-triggered cell FDRE clocked by clk_pl_1  {rise@0.000ns fall@2.083ns period=4.166ns})
  Path Group:             (none)
  Path Type:              Setup (Max at Slow Process Corner)
  Data Path Delay:        2.659ns  (logic 0.099ns (3.723%)  route 2.560ns (96.277%))
  Logic Levels:           1  (LUT1=1)
  Clock Uncertainty:      0.084ns  ((TSJ^2 + DJ^2)^1/2) / 2 + PE
    Total System Jitter     (TSJ):    0.050ns
    Discrete Jitter          (DJ):    0.160ns
    Phase Error              (PE):    0.000ns
  Clock Net Delay (Destination): 1.673ns (routing 0.593ns, distribution 1.080ns)
  Timing Exception:       False Path

    Location             Delay type                Incr(ns)  Path(ns)    Netlist Resource(s)
  -------------------------------------------------------------------    -------------------
    PS8_X0Y0             PS8                          0.000     0.000 f  tick2trade_bd_i/zynq_ps/inst/PS8_i/EMIOGPIOO[95]
                         net (fo=2, routed)           2.122     2.122    tick2trade_bd_i/rst_core_250M/U0/EXT_LPF/ACTIVE_LOW_EXT.ACT_LO_EXT/ext_reset_in
    SLICE_X61Y9          LUT1 (Prop_C5LUT_SLICEM_I0_O)
                                                      0.099     2.221 r  tick2trade_bd_i/rst_core_250M/U0/EXT_LPF/ACTIVE_LOW_EXT.ACT_LO_EXT/GENERATE_LEVEL_P_S_CDC.SINGLE_BIT.CROSS_PLEVEL_IN2SCNDRY_IN_cdc_to_i_1/O
                         net (fo=1, routed)           0.438     2.659    tick2trade_bd_i/rst_core_250M/U0/EXT_LPF/ACTIVE_LOW_EXT.ACT_LO_EXT/exr_d1
    SLICE_X62Y9          FDRE                                         r  tick2trade_bd_i/rst_core_250M/U0/EXT_LPF/ACTIVE_LOW_EXT.ACT_LO_EXT/GENERATE_LEVEL_P_S_CDC.SINGLE_BIT.CROSS_PLEVEL_IN2SCNDRY_IN_cdc_to/D
  -------------------------------------------------------------------    -------------------

                         (clock clk_pl_1 rise edge)
                                                      0.000     0.000 r  
    PS8_X0Y0             PS8                          0.000     0.000 r  tick2trade_bd_i/zynq_ps/inst/PS8_i/PLCLK[1]
                         net (fo=1, routed)           0.143     0.143    tick2trade_bd_i/zynq_ps/inst/pl_clk_unbuffered[1]
    BUFG_PS_X0Y92        BUFG_PS (Prop_BUFG_PS_I_O)
                                                      0.025     0.168 r  tick2trade_bd_i/zynq_ps/inst/buffer_pl_clk_1.PL_CLK_1_BUFG/O
    X1Y2 (CLOCK_ROOT)    net (fo=19641, routed)       1.673     1.841    tick2trade_bd_i/rst_core_250M/U0/EXT_LPF/ACTIVE_LOW_EXT.ACT_LO_EXT/slowest_sync_clk
    SLICE_X62Y9          FDRE                                         r  tick2trade_bd_i/rst_core_250M/U0/EXT_LPF/ACTIVE_LOW_EXT.ACT_LO_EXT/GENERATE_LEVEL_P_S_CDC.SINGLE_BIT.CROSS_PLEVEL_IN2SCNDRY_IN_cdc_to/C





Min Delay Paths
--------------------------------------------------------------------------------------
Slack:                    inf
  Source:                 tick2trade_bd_i/zynq_ps/inst/PS8_i/EMIOGPIOO[95]
                            (internal pin)
  Destination:            tick2trade_bd_i/rst_core_250M/U0/EXT_LPF/ACTIVE_LOW_EXT.ACT_LO_EXT/GENERATE_LEVEL_P_S_CDC.SINGLE_BIT.CROSS_PLEVEL_IN2SCNDRY_IN_cdc_to/D
                            (rising edge-triggered cell FDRE clocked by clk_pl_1  {rise@0.000ns fall@2.083ns period=4.166ns})
  Path Group:             (none)
  Path Type:              Hold (Min at Fast Process Corner)
  Data Path Delay:        1.314ns  (logic 0.036ns (2.740%)  route 1.278ns (97.260%))
  Logic Levels:           1  (LUT1=1)
  Clock Uncertainty:      0.084ns  ((TSJ^2 + DJ^2)^1/2) / 2 + PE
    Total System Jitter     (TSJ):    0.050ns
    Discrete Jitter          (DJ):    0.160ns
    Phase Error              (PE):    0.000ns
  Clock Net Delay (Destination): 1.180ns (routing 0.404ns, distribution 0.776ns)
  Timing Exception:       False Path

    Location             Delay type                Incr(ns)  Path(ns)    Netlist Resource(s)
  -------------------------------------------------------------------    -------------------
    PS8_X0Y0             PS8                          0.000     0.000 f  tick2trade_bd_i/zynq_ps/inst/PS8_i/EMIOGPIOO[95]
                         net (fo=2, routed)           1.099     1.099    tick2trade_bd_i/rst_core_250M/U0/EXT_LPF/ACTIVE_LOW_EXT.ACT_LO_EXT/ext_reset_in
    SLICE_X61Y9          LUT1 (Prop_C5LUT_SLICEM_I0_O)
                                                      0.036     1.135 r  tick2trade_bd_i/rst_core_250M/U0/EXT_LPF/ACTIVE_LOW_EXT.ACT_LO_EXT/GENERATE_LEVEL_P_S_CDC.SINGLE_BIT.CROSS_PLEVEL_IN2SCNDRY_IN_cdc_to_i_1/O
                         net (fo=1, routed)           0.179     1.314    tick2trade_bd_i/rst_core_250M/U0/EXT_LPF/ACTIVE_LOW_EXT.ACT_LO_EXT/exr_d1
    SLICE_X62Y9          FDRE                                         r  tick2trade_bd_i/rst_core_250M/U0/EXT_LPF/ACTIVE_LOW_EXT.ACT_LO_EXT/GENERATE_LEVEL_P_S_CDC.SINGLE_BIT.CROSS_PLEVEL_IN2SCNDRY_IN_cdc_to/D
  -------------------------------------------------------------------    -------------------

                         (clock clk_pl_1 rise edge)
                                                      0.000     0.000 r  
    PS8_X0Y0             PS8                          0.000     0.000 r  tick2trade_bd_i/zynq_ps/inst/PS8_i/PLCLK[1]
                         net (fo=1, routed)           0.154     0.154    tick2trade_bd_i/zynq_ps/inst/pl_clk_unbuffered[1]
    BUFG_PS_X0Y92        BUFG_PS (Prop_BUFG_PS_I_O)
                                                      0.018     0.172 r  tick2trade_bd_i/zynq_ps/inst/buffer_pl_clk_1.PL_CLK_1_BUFG/O
    X1Y2 (CLOCK_ROOT)    net (fo=19641, routed)       1.180     1.352    tick2trade_bd_i/rst_core_250M/U0/EXT_LPF/ACTIVE_LOW_EXT.ACT_LO_EXT/slowest_sync_clk
    SLICE_X62Y9          FDRE                                         r  tick2trade_bd_i/rst_core_250M/U0/EXT_LPF/ACTIVE_LOW_EXT.ACT_LO_EXT/GENERATE_LEVEL_P_S_CDC.SINGLE_BIT.CROSS_PLEVEL_IN2SCNDRY_IN_cdc_to/C





--------------------------------------------------------------------------------------
Path Group:  (none)
From Clock:  clk_pl_0
  To Clock:  clk_pl_1

Max Delay           151 Endpoints
Min Delay           151 Endpoints
--------------------------------------------------------------------------------------


Max Delay Paths
--------------------------------------------------------------------------------------
Slack:                    inf
  Source:                 tick2trade_bd_i/zynq_ps_axi_periph/m01_couplers/auto_cc/inst/gen_clock_conv.gen_async_lite_conv.clock_conv_lite_fwd_ar/handshake/src_sendd_ff_reg/C
                            (rising edge-triggered cell FDRE clocked by clk_pl_0  {rise@0.000ns fall@5.000ns period=10.000ns})
  Destination:            tick2trade_bd_i/zynq_ps_axi_periph/m01_couplers/auto_cc/inst/gen_clock_conv.gen_async_lite_conv.clock_conv_lite_fwd_ar/handshake/xpm_cdc_single_src2dest_inst/syncstages_ff_reg[0]/D
                            (rising edge-triggered cell FDRE clocked by clk_pl_1  {rise@0.000ns fall@2.083ns period=4.166ns})
  Path Group:             (none)
  Path Type:              Setup (Max at Slow Process Corner)
  Data Path Delay:        0.512ns  (logic 0.079ns (15.443%)  route 0.433ns (84.557%))
  Logic Levels:           0  
  Clock Path Skew:        -0.133ns (DCD - SCD + CPR)
    Destination Clock Delay (DCD):    1.858ns
    Source Clock Delay      (SCD):    1.991ns
    Clock Pessimism Removal (CPR):    0.000ns
  Clock Uncertainty:      0.130ns  ((TSJ^2 + DJ^2)^1/2) / 2 + PE
    Total System Jitter     (TSJ):    0.071ns
    Discrete Jitter          (DJ):    0.250ns
    Phase Error              (PE):    0.000ns
  Clock Net Delay (Source):      1.783ns (routing 0.569ns, distribution 1.214ns)
  Clock Net Delay (Destination): 1.690ns (routing 0.593ns, distribution 1.097ns)
  Timing Exception:       Asynchronous Clock Groups

    Location             Delay type                Incr(ns)  Path(ns)    Netlist Resource(s)
  -------------------------------------------------------------------    -------------------
                         (clock clk_pl_0 rise edge)
                                                      0.000     0.000 r  
    PS8_X0Y0             PS8                          0.000     0.000 r  tick2trade_bd_i/zynq_ps/inst/PS8_i/PLCLK[0]
                         net (fo=1, routed)           0.180     0.180    tick2trade_bd_i/zynq_ps/inst/pl_clk_unbuffered[0]
    BUFG_PS_X0Y80        BUFG_PS (Prop_BUFG_PS_I_O)
                                                      0.028     0.208 r  tick2trade_bd_i/zynq_ps/inst/buffer_pl_clk_0.PL_CLK_0_BUFG/O
    X1Y2 (CLOCK_ROOT)    net (fo=2122, routed)        1.783     1.991    tick2trade_bd_i/zynq_ps_axi_periph/m01_couplers/auto_cc/inst/gen_clock_conv.gen_async_lite_conv.clock_conv_lite_fwd_ar/handshake/src_clk
    SLICE_X52Y233        FDRE                                         r  tick2trade_bd_i/zynq_ps_axi_periph/m01_couplers/auto_cc/inst/gen_clock_conv.gen_async_lite_conv.clock_conv_lite_fwd_ar/handshake/src_sendd_ff_reg/C
  -------------------------------------------------------------------    -------------------
    SLICE_X52Y233        FDRE (Prop_EFF_SLICEL_C_Q)
                                                      0.079     2.070 r  tick2trade_bd_i/zynq_ps_axi_periph/m01_couplers/auto_cc/inst/gen_clock_conv.gen_async_lite_conv.clock_conv_lite_fwd_ar/handshake/src_sendd_ff_reg/Q
                         net (fo=2, routed)           0.433     2.503    tick2trade_bd_i/zynq_ps_axi_periph/m01_couplers/auto_cc/inst/gen_clock_conv.gen_async_lite_conv.clock_conv_lite_fwd_ar/handshake/xpm_cdc_single_src2dest_inst/src_in
    SLICE_X54Y234        FDRE                                         r  tick2trade_bd_i/zynq_ps_axi_periph/m01_couplers/auto_cc/inst/gen_clock_conv.gen_async_lite_conv.clock_conv_lite_fwd_ar/handshake/xpm_cdc_single_src2dest_inst/syncstages_ff_reg[0]/D
  -------------------------------------------------------------------    -------------------

                         (clock clk_pl_1 rise edge)
                                                      0.000     0.000 r  
    PS8_X0Y0             PS8                          0.000     0.000 r  tick2trade_bd_i/zynq_ps/inst/PS8_i/PLCLK[1]
                         net (fo=1, routed)           0.143     0.143    tick2trade_bd_i/zynq_ps/inst/pl_clk_unbuffered[1]
    BUFG_PS_X0Y92        BUFG_PS (Prop_BUFG_PS_I_O)
                                                      0.025     0.168 r  tick2trade_bd_i/zynq_ps/inst/buffer_pl_clk_1.PL_CLK_1_BUFG/O
    X1Y2 (CLOCK_ROOT)    net (fo=19641, routed)       1.690     1.858    tick2trade_bd_i/zynq_ps_axi_periph/m01_couplers/auto_cc/inst/gen_clock_conv.gen_async_lite_conv.clock_conv_lite_fwd_ar/handshake/xpm_cdc_single_src2dest_inst/dest_clk
    SLICE_X54Y234        FDRE                                         r  tick2trade_bd_i/zynq_ps_axi_periph/m01_couplers/auto_cc/inst/gen_clock_conv.gen_async_lite_conv.clock_conv_lite_fwd_ar/handshake/xpm_cdc_single_src2dest_inst/syncstages_ff_reg[0]/C

Slack:                    inf
  Source:                 tick2trade_bd_i/zynq_ps_axi_periph/m01_couplers/auto_cc/inst/gen_clock_conv.gen_async_lite_conv.clock_conv_lite_fwd_w/handshake/src_sendd_ff_reg/C
                            (rising edge-triggered cell FDRE clocked by clk_pl_0  {rise@0.000ns fall@5.000ns period=10.000ns})
  Destination:            tick2trade_bd_i/zynq_ps_axi_periph/m01_couplers/auto_cc/inst/gen_clock_conv.gen_async_lite_conv.clock_conv_lite_fwd_w/handshake/xpm_cdc_single_src2dest_inst/syncstages_ff_reg[0]/D
                            (rising edge-triggered cell FDRE clocked by clk_pl_1  {rise@0.000ns fall@2.083ns period=4.166ns})
  Path Group:             (none)
  Path Type:              Setup (Max at Slow Process Corner)
  Data Path Delay:        0.506ns  (logic 0.081ns (16.010%)  route 0.425ns (83.990%))
  Logic Levels:           0  
  Clock Path Skew:        -0.134ns (DCD - SCD + CPR)
    Destination Clock Delay (DCD):    1.858ns
    Source Clock Delay      (SCD):    1.992ns
    Clock Pessimism Removal (CPR):    0.000ns
  Clock Uncertainty:      0.130ns  ((TSJ^2 + DJ^2)^1/2) / 2 + PE
    Total System Jitter     (TSJ):    0.071ns
    Discrete Jitter          (DJ):    0.250ns
    Phase Error              (PE):    0.000ns
  Clock Net Delay (Source):      1.784ns (routing 0.569ns, distribution 1.215ns)
  Clock Net Delay (Destination): 1.690ns (routing 0.593ns, distribution 1.097ns)
  Timing Exception:       Asynchronous Clock Groups

    Location             Delay type                Incr(ns)  Path(ns)    Netlist Resource(s)
  -------------------------------------------------------------------    -------------------
                         (clock clk_pl_0 rise edge)
                                                      0.000     0.000 r  
    PS8_X0Y0             PS8                          0.000     0.000 r  tick2trade_bd_i/zynq_ps/inst/PS8_i/PLCLK[0]
                         net (fo=1, routed)           0.180     0.180    tick2trade_bd_i/zynq_ps/inst/pl_clk_unbuffered[0]
    BUFG_PS_X0Y80        BUFG_PS (Prop_BUFG_PS_I_O)
                                                      0.028     0.208 r  tick2trade_bd_i/zynq_ps/inst/buffer_pl_clk_0.PL_CLK_0_BUFG/O
    X1Y2 (CLOCK_ROOT)    net (fo=2122, routed)        1.784     1.992    tick2trade_bd_i/zynq_ps_axi_periph/m01_couplers/auto_cc/inst/gen_clock_conv.gen_async_lite_conv.clock_conv_lite_fwd_w/handshake/src_clk
    SLICE_X52Y237        FDRE                                         r  tick2trade_bd_i/zynq_ps_axi_periph/m01_couplers/auto_cc/inst/gen_clock_conv.gen_async_lite_conv.clock_conv_lite_fwd_w/handshake/src_sendd_ff_reg/C
  -------------------------------------------------------------------    -------------------
    SLICE_X52Y237        FDRE (Prop_EFF2_SLICEL_C_Q)
                                                      0.081     2.073 r  tick2trade_bd_i/zynq_ps_axi_periph/m01_couplers/auto_cc/inst/gen_clock_conv.gen_async_lite_conv.clock_conv_lite_fwd_w/handshake/src_sendd_ff_reg/Q
                         net (fo=2, routed)           0.425     2.498    tick2trade_bd_i/zynq_ps_axi_periph/m01_couplers/auto_cc/inst/gen_clock_conv.gen_async_lite_conv.clock_conv_lite_fwd_w/handshake/xpm_cdc_single_src2dest_inst/src_in
    SLICE_X54Y236        FDRE                                         r  tick2trade_bd_i/zynq_ps_axi_periph/m01_couplers/auto_cc/inst/gen_clock_conv.gen_async_lite_conv.clock_conv_lite_fwd_w/handshake/xpm_cdc_single_src2dest_inst/syncstages_ff_reg[0]/D
  -------------------------------------------------------------------    -------------------

                         (clock clk_pl_1 rise edge)
                                                      0.000     0.000 r  
    PS8_X0Y0             PS8                          0.000     0.000 r  tick2trade_bd_i/zynq_ps/inst/PS8_i/PLCLK[1]
                         net (fo=1, routed)           0.143     0.143    tick2trade_bd_i/zynq_ps/inst/pl_clk_unbuffered[1]
    BUFG_PS_X0Y92        BUFG_PS (Prop_BUFG_PS_I_O)
                                                      0.025     0.168 r  tick2trade_bd_i/zynq_ps/inst/buffer_pl_clk_1.PL_CLK_1_BUFG/O
    X1Y2 (CLOCK_ROOT)    net (fo=19641, routed)       1.690     1.858    tick2trade_bd_i/zynq_ps_axi_periph/m01_couplers/auto_cc/inst/gen_clock_conv.gen_async_lite_conv.clock_conv_lite_fwd_w/handshake/xpm_cdc_single_src2dest_inst/dest_clk
    SLICE_X54Y236        FDRE                                         r  tick2trade_bd_i/zynq_ps_axi_periph/m01_couplers/auto_cc/inst/gen_clock_conv.gen_async_lite_conv.clock_conv_lite_fwd_w/handshake/xpm_cdc_single_src2dest_inst/syncstages_ff_reg[0]/C

Slack:                    inf
  Source:                 tick2trade_bd_i/zynq_ps_axi_periph/m01_couplers/auto_cc/inst/gen_clock_conv.gen_async_lite_conv.clock_conv_lite_fwd_aw/handshake/src_sendd_ff_reg/C
                            (rising edge-triggered cell FDRE clocked by clk_pl_0  {rise@0.000ns fall@5.000ns period=10.000ns})
  Destination:            tick2trade_bd_i/zynq_ps_axi_periph/m01_couplers/auto_cc/inst/gen_clock_conv.gen_async_lite_conv.clock_conv_lite_fwd_aw/handshake/xpm_cdc_single_src2dest_inst/syncstages_ff_reg[0]/D
                            (rising edge-triggered cell FDRE clocked by clk_pl_1  {rise@0.000ns fall@2.083ns period=4.166ns})
  Path Group:             (none)
  Path Type:              Setup (Max at Slow Process Corner)
  Data Path Delay:        0.356ns  (logic 0.079ns (22.219%)  route 0.277ns (77.781%))
  Logic Levels:           0  
  Clock Path Skew:        -0.135ns (DCD - SCD + CPR)
    Destination Clock Delay (DCD):    1.857ns
    Source Clock Delay      (SCD):    1.992ns
    Clock Pessimism Removal (CPR):    0.000ns
  Clock Uncertainty:      0.130ns  ((TSJ^2 + DJ^2)^1/2) / 2 + PE
    Total System Jitter     (TSJ):    0.071ns
    Discrete Jitter          (DJ):    0.250ns
    Phase Error              (PE):    0.000ns
  Clock Net Delay (Source):      1.784ns (routing 0.569ns, distribution 1.215ns)
  Clock Net Delay (Destination): 1.689ns (routing 0.593ns, distribution 1.096ns)
  Timing Exception:       Asynchronous Clock Groups

    Location             Delay type                Incr(ns)  Path(ns)    Netlist Resource(s)
  -------------------------------------------------------------------    -------------------
                         (clock clk_pl_0 rise edge)
                                                      0.000     0.000 r  
    PS8_X0Y0             PS8                          0.000     0.000 r  tick2trade_bd_i/zynq_ps/inst/PS8_i/PLCLK[0]
                         net (fo=1, routed)           0.180     0.180    tick2trade_bd_i/zynq_ps/inst/pl_clk_unbuffered[0]
    BUFG_PS_X0Y80        BUFG_PS (Prop_BUFG_PS_I_O)
                                                      0.028     0.208 r  tick2trade_bd_i/zynq_ps/inst/buffer_pl_clk_0.PL_CLK_0_BUFG/O
    X1Y2 (CLOCK_ROOT)    net (fo=2122, routed)        1.784     1.992    tick2trade_bd_i/zynq_ps_axi_periph/m01_couplers/auto_cc/inst/gen_clock_conv.gen_async_lite_conv.clock_conv_lite_fwd_aw/handshake/src_clk
    SLICE_X52Y237        FDRE                                         r  tick2trade_bd_i/zynq_ps_axi_periph/m01_couplers/auto_cc/inst/gen_clock_conv.gen_async_lite_conv.clock_conv_lite_fwd_aw/handshake/src_sendd_ff_reg/C
  -------------------------------------------------------------------    -------------------
    SLICE_X52Y237        FDRE (Prop_EFF_SLICEL_C_Q)
                                                      0.079     2.071 r  tick2trade_bd_i/zynq_ps_axi_periph/m01_couplers/auto_cc/inst/gen_clock_conv.gen_async_lite_conv.clock_conv_lite_fwd_aw/handshake/src_sendd_ff_reg/Q
                         net (fo=2, routed)           0.277     2.348    tick2trade_bd_i/zynq_ps_axi_periph/m01_couplers/auto_cc/inst/gen_clock_conv.gen_async_lite_conv.clock_conv_lite_fwd_aw/handshake/xpm_cdc_single_src2dest_inst/src_in
    SLICE_X54Y236        FDRE                                         r  tick2trade_bd_i/zynq_ps_axi_periph/m01_couplers/auto_cc/inst/gen_clock_conv.gen_async_lite_conv.clock_conv_lite_fwd_aw/handshake/xpm_cdc_single_src2dest_inst/syncstages_ff_reg[0]/D
  -------------------------------------------------------------------    -------------------

                         (clock clk_pl_1 rise edge)
                                                      0.000     0.000 r  
    PS8_X0Y0             PS8                          0.000     0.000 r  tick2trade_bd_i/zynq_ps/inst/PS8_i/PLCLK[1]
                         net (fo=1, routed)           0.143     0.143    tick2trade_bd_i/zynq_ps/inst/pl_clk_unbuffered[1]
    BUFG_PS_X0Y92        BUFG_PS (Prop_BUFG_PS_I_O)
                                                      0.025     0.168 r  tick2trade_bd_i/zynq_ps/inst/buffer_pl_clk_1.PL_CLK_1_BUFG/O
    X1Y2 (CLOCK_ROOT)    net (fo=19641, routed)       1.689     1.857    tick2trade_bd_i/zynq_ps_axi_periph/m01_couplers/auto_cc/inst/gen_clock_conv.gen_async_lite_conv.clock_conv_lite_fwd_aw/handshake/xpm_cdc_single_src2dest_inst/dest_clk
    SLICE_X54Y236        FDRE                                         r  tick2trade_bd_i/zynq_ps_axi_periph/m01_couplers/auto_cc/inst/gen_clock_conv.gen_async_lite_conv.clock_conv_lite_fwd_aw/handshake/xpm_cdc_single_src2dest_inst/syncstages_ff_reg[0]/C

Slack:                    inf
  Source:                 tick2trade_bd_i/zynq_ps_axi_periph/m01_couplers/auto_cc/inst/gen_clock_conv.gen_async_lite_conv.clock_conv_lite_resp_b/dest_ack_reg/C
                            (rising edge-triggered cell FDRE clocked by clk_pl_0  {rise@0.000ns fall@5.000ns period=10.000ns})
  Destination:            tick2trade_bd_i/zynq_ps_axi_periph/m01_couplers/auto_cc/inst/gen_clock_conv.gen_async_lite_conv.clock_conv_lite_resp_b/handshake/xpm_cdc_single_dest2src_inst/syncstages_ff_reg[0]/D
                            (rising edge-triggered cell FDRE clocked by clk_pl_1  {rise@0.000ns fall@2.083ns period=4.166ns})
  Path Group:             (none)
  Path Type:              Setup (Max at Slow Process Corner)
  Data Path Delay:        0.285ns  (logic 0.079ns (27.691%)  route 0.206ns (72.309%))
  Logic Levels:           0  
  Clock Path Skew:        -0.144ns (DCD - SCD + CPR)
    Destination Clock Delay (DCD):    1.842ns
    Source Clock Delay      (SCD):    1.986ns
    Clock Pessimism Removal (CPR):    0.000ns
  Clock Uncertainty:      0.130ns  ((TSJ^2 + DJ^2)^1/2) / 2 + PE
    Total System Jitter     (TSJ):    0.071ns
    Discrete Jitter          (DJ):    0.250ns
    Phase Error              (PE):    0.000ns
  Clock Net Delay (Source):      1.778ns (routing 0.569ns, distribution 1.209ns)
  Clock Net Delay (Destination): 1.674ns (routing 0.593ns, distribution 1.081ns)
  Timing Exception:       Asynchronous Clock Groups

    Location             Delay type                Incr(ns)  Path(ns)    Netlist Resource(s)
  -------------------------------------------------------------------    -------------------
                         (clock clk_pl_0 rise edge)
                                                      0.000     0.000 r  
    PS8_X0Y0             PS8                          0.000     0.000 r  tick2trade_bd_i/zynq_ps/inst/PS8_i/PLCLK[0]
                         net (fo=1, routed)           0.180     0.180    tick2trade_bd_i/zynq_ps/inst/pl_clk_unbuffered[0]
    BUFG_PS_X0Y80        BUFG_PS (Prop_BUFG_PS_I_O)
                                                      0.028     0.208 r  tick2trade_bd_i/zynq_ps/inst/buffer_pl_clk_0.PL_CLK_0_BUFG/O
    X1Y2 (CLOCK_ROOT)    net (fo=2122, routed)        1.778     1.986    tick2trade_bd_i/zynq_ps_axi_periph/m01_couplers/auto_cc/inst/gen_clock_conv.gen_async_lite_conv.clock_conv_lite_resp_b/m_valid_i_reg_1
    SLICE_X52Y235        FDRE                                         r  tick2trade_bd_i/zynq_ps_axi_periph/m01_couplers/auto_cc/inst/gen_clock_conv.gen_async_lite_conv.clock_conv_lite_resp_b/dest_ack_reg/C
  -------------------------------------------------------------------    -------------------
    SLICE_X52Y235        FDRE (Prop_DFF_SLICEL_C_Q)
                                                      0.079     2.065 r  tick2trade_bd_i/zynq_ps_axi_periph/m01_couplers/auto_cc/inst/gen_clock_conv.gen_async_lite_conv.clock_conv_lite_resp_b/dest_ack_reg/Q
                         net (fo=2, routed)           0.206     2.271    tick2trade_bd_i/zynq_ps_axi_periph/m01_couplers/auto_cc/inst/gen_clock_conv.gen_async_lite_conv.clock_conv_lite_resp_b/handshake/xpm_cdc_single_dest2src_inst/src_in
    SLICE_X52Y238        FDRE                                         r  tick2trade_bd_i/zynq_ps_axi_periph/m01_couplers/auto_cc/inst/gen_clock_conv.gen_async_lite_conv.clock_conv_lite_resp_b/handshake/xpm_cdc_single_dest2src_inst/syncstages_ff_reg[0]/D
  -------------------------------------------------------------------    -------------------

                         (clock clk_pl_1 rise edge)
                                                      0.000     0.000 r  
    PS8_X0Y0             PS8                          0.000     0.000 r  tick2trade_bd_i/zynq_ps/inst/PS8_i/PLCLK[1]
                         net (fo=1, routed)           0.143     0.143    tick2trade_bd_i/zynq_ps/inst/pl_clk_unbuffered[1]
    BUFG_PS_X0Y92        BUFG_PS (Prop_BUFG_PS_I_O)
                                                      0.025     0.168 r  tick2trade_bd_i/zynq_ps/inst/buffer_pl_clk_1.PL_CLK_1_BUFG/O
    X1Y2 (CLOCK_ROOT)    net (fo=19641, routed)       1.674     1.842    tick2trade_bd_i/zynq_ps_axi_periph/m01_couplers/auto_cc/inst/gen_clock_conv.gen_async_lite_conv.clock_conv_lite_resp_b/handshake/xpm_cdc_single_dest2src_inst/dest_clk
    SLICE_X52Y238        FDRE                                         r  tick2trade_bd_i/zynq_ps_axi_periph/m01_couplers/auto_cc/inst/gen_clock_conv.gen_async_lite_conv.clock_conv_lite_resp_b/handshake/xpm_cdc_single_dest2src_inst/syncstages_ff_reg[0]/C

Slack:                    inf
  Source:                 tick2trade_bd_i/zynq_ps_axi_periph/m01_couplers/auto_cc/inst/gen_clock_conv.gen_async_lite_conv.clock_conv_lite_resp_r/dest_ack_reg/C
                            (rising edge-triggered cell FDRE clocked by clk_pl_0  {rise@0.000ns fall@5.000ns period=10.000ns})
  Destination:            tick2trade_bd_i/zynq_ps_axi_periph/m01_couplers/auto_cc/inst/gen_clock_conv.gen_async_lite_conv.clock_conv_lite_resp_r/handshake/xpm_cdc_single_dest2src_inst/syncstages_ff_reg[0]/D
                            (rising edge-triggered cell FDRE clocked by clk_pl_1  {rise@0.000ns fall@2.083ns period=4.166ns})
  Path Group:             (none)
  Path Type:              Setup (Max at Slow Process Corner)
  Data Path Delay:        0.281ns  (logic 0.079ns (28.085%)  route 0.202ns (71.915%))
  Logic Levels:           0  
  Clock Path Skew:        -0.131ns (DCD - SCD + CPR)
    Destination Clock Delay (DCD):    1.844ns
    Source Clock Delay      (SCD):    1.975ns
    Clock Pessimism Removal (CPR):    0.000ns
  Clock Uncertainty:      0.130ns  ((TSJ^2 + DJ^2)^1/2) / 2 + PE
    Total System Jitter     (TSJ):    0.071ns
    Discrete Jitter          (DJ):    0.250ns
    Phase Error              (PE):    0.000ns
  Clock Net Delay (Source):      1.767ns (routing 0.569ns, distribution 1.198ns)
  Clock Net Delay (Destination): 1.676ns (routing 0.593ns, distribution 1.083ns)
  Timing Exception:       Asynchronous Clock Groups

    Location             Delay type                Incr(ns)  Path(ns)    Netlist Resource(s)
  -------------------------------------------------------------------    -------------------
                         (clock clk_pl_0 rise edge)
                                                      0.000     0.000 r  
    PS8_X0Y0             PS8                          0.000     0.000 r  tick2trade_bd_i/zynq_ps/inst/PS8_i/PLCLK[0]
                         net (fo=1, routed)           0.180     0.180    tick2trade_bd_i/zynq_ps/inst/pl_clk_unbuffered[0]
    BUFG_PS_X0Y80        BUFG_PS (Prop_BUFG_PS_I_O)
                                                      0.028     0.208 r  tick2trade_bd_i/zynq_ps/inst/buffer_pl_clk_0.PL_CLK_0_BUFG/O
    X1Y2 (CLOCK_ROOT)    net (fo=2122, routed)        1.767     1.975    tick2trade_bd_i/zynq_ps_axi_periph/m01_couplers/auto_cc/inst/gen_clock_conv.gen_async_lite_conv.clock_conv_lite_resp_r/dest_ack_reg_0
    SLICE_X52Y234        FDRE                                         r  tick2trade_bd_i/zynq_ps_axi_periph/m01_couplers/auto_cc/inst/gen_clock_conv.gen_async_lite_conv.clock_conv_lite_resp_r/dest_ack_reg/C
  -------------------------------------------------------------------    -------------------
    SLICE_X52Y234        FDRE (Prop_DFF_SLICEL_C_Q)
                                                      0.079     2.054 r  tick2trade_bd_i/zynq_ps_axi_periph/m01_couplers/auto_cc/inst/gen_clock_conv.gen_async_lite_conv.clock_conv_lite_resp_r/dest_ack_reg/Q
                         net (fo=2, routed)           0.202     2.256    tick2trade_bd_i/zynq_ps_axi_periph/m01_couplers/auto_cc/inst/gen_clock_conv.gen_async_lite_conv.clock_conv_lite_resp_r/handshake/xpm_cdc_single_dest2src_inst/src_in
    SLICE_X52Y234        FDRE                                         r  tick2trade_bd_i/zynq_ps_axi_periph/m01_couplers/auto_cc/inst/gen_clock_conv.gen_async_lite_conv.clock_conv_lite_resp_r/handshake/xpm_cdc_single_dest2src_inst/syncstages_ff_reg[0]/D
  -------------------------------------------------------------------    -------------------

                         (clock clk_pl_1 rise edge)
                                                      0.000     0.000 r  
    PS8_X0Y0             PS8                          0.000     0.000 r  tick2trade_bd_i/zynq_ps/inst/PS8_i/PLCLK[1]
                         net (fo=1, routed)           0.143     0.143    tick2trade_bd_i/zynq_ps/inst/pl_clk_unbuffered[1]
    BUFG_PS_X0Y92        BUFG_PS (Prop_BUFG_PS_I_O)
                                                      0.025     0.168 r  tick2trade_bd_i/zynq_ps/inst/buffer_pl_clk_1.PL_CLK_1_BUFG/O
    X1Y2 (CLOCK_ROOT)    net (fo=19641, routed)       1.676     1.844    tick2trade_bd_i/zynq_ps_axi_periph/m01_couplers/auto_cc/inst/gen_clock_conv.gen_async_lite_conv.clock_conv_lite_resp_r/handshake/xpm_cdc_single_dest2src_inst/dest_clk
    SLICE_X52Y234        FDRE                                         r  tick2trade_bd_i/zynq_ps_axi_periph/m01_couplers/auto_cc/inst/gen_clock_conv.gen_async_lite_conv.clock_conv_lite_resp_r/handshake/xpm_cdc_single_dest2src_inst/syncstages_ff_reg[0]/C

Slack:                    inf
  Source:                 tick2trade_bd_i/tick2trade/inst/u_fifo/mem_reg_0_15_0_8/RAMB_D1/CLK
                            (rising edge-triggered cell RAMD32 clocked by clk_pl_0  {rise@0.000ns fall@5.000ns period=10.000ns})
  Destination:            tick2trade_bd_i/tick2trade/inst/u_deframer/expected_sequence_reg[63]/D
                            (rising edge-triggered cell FDRE clocked by clk_pl_1  {rise@0.000ns fall@2.083ns period=4.166ns})
  Path Group:             (none)
  Path Type:              Setup (Max at Slow Process Corner)
  Data Path Delay:        1.728ns  (logic 0.813ns (47.060%)  route 0.915ns (52.939%))
  Logic Levels:           9  (CARRY8=8 LUT2=1)
  Clock Path Skew:        -0.151ns (DCD - SCD + CPR)
    Destination Clock Delay (DCD):    1.850ns
    Source Clock Delay      (SCD):    2.001ns
    Clock Pessimism Removal (CPR):    0.000ns
  Clock Uncertainty:      0.130ns  ((TSJ^2 + DJ^2)^1/2) / 2 + PE
    Total System Jitter     (TSJ):    0.071ns
    Discrete Jitter          (DJ):    0.250ns
    Phase Error              (PE):    0.000ns
  Clock Net Delay (Source):      1.793ns (routing 0.569ns, distribution 1.224ns)
  Clock Net Delay (Destination): 1.682ns (routing 0.593ns, distribution 1.089ns)
  Timing Exception:       Asynchronous Clock Groups

    Location             Delay type                Incr(ns)  Path(ns)    Netlist Resource(s)
  -------------------------------------------------------------------    -------------------
                         (clock clk_pl_0 rise edge)
                                                      0.000     0.000 r  
    PS8_X0Y0             PS8                          0.000     0.000 r  tick2trade_bd_i/zynq_ps/inst/PS8_i/PLCLK[0]
                         net (fo=1, routed)           0.180     0.180    tick2trade_bd_i/zynq_ps/inst/pl_clk_unbuffered[0]
    BUFG_PS_X0Y80        BUFG_PS (Prop_BUFG_PS_I_O)
                                                      0.028     0.208 r  tick2trade_bd_i/zynq_ps/inst/buffer_pl_clk_0.PL_CLK_0_BUFG/O
    X1Y2 (CLOCK_ROOT)    net (fo=2122, routed)        1.793     2.001    tick2trade_bd_i/tick2trade/inst/u_fifo/mem_reg_0_15_0_8/WCLK
    SLICE_X50Y213        RAMD32                                       r  tick2trade_bd_i/tick2trade/inst/u_fifo/mem_reg_0_15_0_8/RAMB_D1/CLK
  -------------------------------------------------------------------    -------------------
    SLICE_X50Y213        RAMD32 (Prop_B6LUT_SLICEM_CLK_O)
                                                      0.307     2.308 r  tick2trade_bd_i/tick2trade/inst/u_fifo/mem_reg_0_15_0_8/RAMB_D1/O
                         net (fo=5, routed)           0.698     3.006    tick2trade_bd_i/tick2trade/inst/u_deframer/fifo_data[3]
    SLICE_X59Y191        LUT2 (Prop_D6LUT_SLICEL_I1_O)
                                                      0.146     3.152 r  tick2trade_bd_i/tick2trade/inst/u_deframer/expected_sequence[7]_i_6/O
                         net (fo=1, routed)           0.009     3.161    tick2trade_bd_i/tick2trade/inst/u_deframer/expected_sequence[7]_i_6_n_0
    SLICE_X59Y191        CARRY8 (Prop_CARRY8_SLICEL_S[3]_CO[7])
                                                      0.154     3.315 r  tick2trade_bd_i/tick2trade/inst/u_deframer/expected_sequence_reg[7]_i_1/CO[7]
                         net (fo=1, routed)           0.026     3.341    tick2trade_bd_i/tick2trade/inst/u_deframer/expected_sequence_reg[7]_i_1_n_0
    SLICE_X59Y192        CARRY8 (Prop_CARRY8_SLICEL_CI_CO[7])
                                                      0.015     3.356 r  tick2trade_bd_i/tick2trade/inst/u_deframer/expected_sequence_reg[15]_i_1/CO[7]
                         net (fo=1, routed)           0.026     3.382    tick2trade_bd_i/tick2trade/inst/u_deframer/expected_sequence_reg[15]_i_1_n_0
    SLICE_X59Y193        CARRY8 (Prop_CARRY8_SLICEL_CI_CO[7])
                                                      0.015     3.397 r  tick2trade_bd_i/tick2trade/inst/u_deframer/expected_sequence_reg[23]_i_1/CO[7]
                         net (fo=1, routed)           0.026     3.423    tick2trade_bd_i/tick2trade/inst/u_deframer/expected_sequence_reg[23]_i_1_n_0
    SLICE_X59Y194        CARRY8 (Prop_CARRY8_SLICEL_CI_CO[7])
                                                      0.015     3.438 r  tick2trade_bd_i/tick2trade/inst/u_deframer/expected_sequence_reg[31]_i_1/CO[7]
                         net (fo=1, routed)           0.026     3.464    tick2trade_bd_i/tick2trade/inst/u_deframer/expected_sequence_reg[31]_i_1_n_0
    SLICE_X59Y195        CARRY8 (Prop_CARRY8_SLICEL_CI_CO[7])
                                                      0.015     3.479 r  tick2trade_bd_i/tick2trade/inst/u_deframer/expected_sequence_reg[39]_i_1/CO[7]
                         net (fo=1, routed)           0.026     3.505    tick2trade_bd_i/tick2trade/inst/u_deframer/expected_sequence_reg[39]_i_1_n_0
    SLICE_X59Y196        CARRY8 (Prop_CARRY8_SLICEL_CI_CO[7])
                                                      0.015     3.520 r  tick2trade_bd_i/tick2trade/inst/u_deframer/expected_sequence_reg[47]_i_1/CO[7]
                         net (fo=1, routed)           0.026     3.546    tick2trade_bd_i/tick2trade/inst/u_deframer/expected_sequence_reg[47]_i_1_n_0
    SLICE_X59Y197        CARRY8 (Prop_CARRY8_SLICEL_CI_CO[7])
                                                      0.015     3.561 r  tick2trade_bd_i/tick2trade/inst/u_deframer/expected_sequence_reg[55]_i_1/CO[7]
                         net (fo=1, routed)           0.026     3.587    tick2trade_bd_i/tick2trade/inst/u_deframer/expected_sequence_reg[55]_i_1_n_0
    SLICE_X59Y198        CARRY8 (Prop_CARRY8_SLICEL_CI_O[7])
                                                      0.116     3.703 r  tick2trade_bd_i/tick2trade/inst/u_deframer/expected_sequence_reg[63]_i_2/O[7]
                         net (fo=1, routed)           0.026     3.729    tick2trade_bd_i/tick2trade/inst/u_deframer/expected_sequence_reg[63]_i_2_n_8
    SLICE_X59Y198        FDRE                                         r  tick2trade_bd_i/tick2trade/inst/u_deframer/expected_sequence_reg[63]/D
  -------------------------------------------------------------------    -------------------

                         (clock clk_pl_1 rise edge)
                                                      0.000     0.000 r  
    PS8_X0Y0             PS8                          0.000     0.000 r  tick2trade_bd_i/zynq_ps/inst/PS8_i/PLCLK[1]
                         net (fo=1, routed)           0.143     0.143    tick2trade_bd_i/zynq_ps/inst/pl_clk_unbuffered[1]
    BUFG_PS_X0Y92        BUFG_PS (Prop_BUFG_PS_I_O)
                                                      0.025     0.168 r  tick2trade_bd_i/zynq_ps/inst/buffer_pl_clk_1.PL_CLK_1_BUFG/O
    X1Y2 (CLOCK_ROOT)    net (fo=19641, routed)       1.682     1.850    tick2trade_bd_i/tick2trade/inst/u_deframer/core_clk
    SLICE_X59Y198        FDRE                                         r  tick2trade_bd_i/tick2trade/inst/u_deframer/expected_sequence_reg[63]/C

Slack:                    inf
  Source:                 tick2trade_bd_i/tick2trade/inst/u_fifo/mem_reg_0_15_0_8/RAMB_D1/CLK
                            (rising edge-triggered cell RAMD32 clocked by clk_pl_0  {rise@0.000ns fall@5.000ns period=10.000ns})
  Destination:            tick2trade_bd_i/tick2trade/inst/u_deframer/expected_sequence_reg[61]/D
                            (rising edge-triggered cell FDRE clocked by clk_pl_1  {rise@0.000ns fall@2.083ns period=4.166ns})
  Path Group:             (none)
  Path Type:              Setup (Max at Slow Process Corner)
  Data Path Delay:        1.727ns  (logic 0.813ns (47.088%)  route 0.914ns (52.912%))
  Logic Levels:           9  (CARRY8=8 LUT2=1)
  Clock Path Skew:        -0.151ns (DCD - SCD + CPR)
    Destination Clock Delay (DCD):    1.850ns
    Source Clock Delay      (SCD):    2.001ns
    Clock Pessimism Removal (CPR):    0.000ns
  Clock Uncertainty:      0.130ns  ((TSJ^2 + DJ^2)^1/2) / 2 + PE
    Total System Jitter     (TSJ):    0.071ns
    Discrete Jitter          (DJ):    0.250ns
    Phase Error              (PE):    0.000ns
  Clock Net Delay (Source):      1.793ns (routing 0.569ns, distribution 1.224ns)
  Clock Net Delay (Destination): 1.682ns (routing 0.593ns, distribution 1.089ns)
  Timing Exception:       Asynchronous Clock Groups

    Location             Delay type                Incr(ns)  Path(ns)    Netlist Resource(s)
  -------------------------------------------------------------------    -------------------
                         (clock clk_pl_0 rise edge)
                                                      0.000     0.000 r  
    PS8_X0Y0             PS8                          0.000     0.000 r  tick2trade_bd_i/zynq_ps/inst/PS8_i/PLCLK[0]
                         net (fo=1, routed)           0.180     0.180    tick2trade_bd_i/zynq_ps/inst/pl_clk_unbuffered[0]
    BUFG_PS_X0Y80        BUFG_PS (Prop_BUFG_PS_I_O)
                                                      0.028     0.208 r  tick2trade_bd_i/zynq_ps/inst/buffer_pl_clk_0.PL_CLK_0_BUFG/O
    X1Y2 (CLOCK_ROOT)    net (fo=2122, routed)        1.793     2.001    tick2trade_bd_i/tick2trade/inst/u_fifo/mem_reg_0_15_0_8/WCLK
    SLICE_X50Y213        RAMD32                                       r  tick2trade_bd_i/tick2trade/inst/u_fifo/mem_reg_0_15_0_8/RAMB_D1/CLK
  -------------------------------------------------------------------    -------------------
    SLICE_X50Y213        RAMD32 (Prop_B6LUT_SLICEM_CLK_O)
                                                      0.307     2.308 r  tick2trade_bd_i/tick2trade/inst/u_fifo/mem_reg_0_15_0_8/RAMB_D1/O
                         net (fo=5, routed)           0.698     3.006    tick2trade_bd_i/tick2trade/inst/u_deframer/fifo_data[3]
    SLICE_X59Y191        LUT2 (Prop_D6LUT_SLICEL_I1_O)
                                                      0.146     3.152 r  tick2trade_bd_i/tick2trade/inst/u_deframer/expected_sequence[7]_i_6/O
                         net (fo=1, routed)           0.009     3.161    tick2trade_bd_i/tick2trade/inst/u_deframer/expected_sequence[7]_i_6_n_0
    SLICE_X59Y191        CARRY8 (Prop_CARRY8_SLICEL_S[3]_CO[7])
                                                      0.154     3.315 r  tick2trade_bd_i/tick2trade/inst/u_deframer/expected_sequence_reg[7]_i_1/CO[7]
                         net (fo=1, routed)           0.026     3.341    tick2trade_bd_i/tick2trade/inst/u_deframer/expected_sequence_reg[7]_i_1_n_0
    SLICE_X59Y192        CARRY8 (Prop_CARRY8_SLICEL_CI_CO[7])
                                                      0.015     3.356 r  tick2trade_bd_i/tick2trade/inst/u_deframer/expected_sequence_reg[15]_i_1/CO[7]
                         net (fo=1, routed)           0.026     3.382    tick2trade_bd_i/tick2trade/inst/u_deframer/expected_sequence_reg[15]_i_1_n_0
    SLICE_X59Y193        CARRY8 (Prop_CARRY8_SLICEL_CI_CO[7])
                                                      0.015     3.397 r  tick2trade_bd_i/tick2trade/inst/u_deframer/expected_sequence_reg[23]_i_1/CO[7]
                         net (fo=1, routed)           0.026     3.423    tick2trade_bd_i/tick2trade/inst/u_deframer/expected_sequence_reg[23]_i_1_n_0
    SLICE_X59Y194        CARRY8 (Prop_CARRY8_SLICEL_CI_CO[7])
                                                      0.015     3.438 r  tick2trade_bd_i/tick2trade/inst/u_deframer/expected_sequence_reg[31]_i_1/CO[7]
                         net (fo=1, routed)           0.026     3.464    tick2trade_bd_i/tick2trade/inst/u_deframer/expected_sequence_reg[31]_i_1_n_0
    SLICE_X59Y195        CARRY8 (Prop_CARRY8_SLICEL_CI_CO[7])
                                                      0.015     3.479 r  tick2trade_bd_i/tick2trade/inst/u_deframer/expected_sequence_reg[39]_i_1/CO[7]
                         net (fo=1, routed)           0.026     3.505    tick2trade_bd_i/tick2trade/inst/u_deframer/expected_sequence_reg[39]_i_1_n_0
    SLICE_X59Y196        CARRY8 (Prop_CARRY8_SLICEL_CI_CO[7])
                                                      0.015     3.520 r  tick2trade_bd_i/tick2trade/inst/u_deframer/expected_sequence_reg[47]_i_1/CO[7]
                         net (fo=1, routed)           0.026     3.546    tick2trade_bd_i/tick2trade/inst/u_deframer/expected_sequence_reg[47]_i_1_n_0
    SLICE_X59Y197        CARRY8 (Prop_CARRY8_SLICEL_CI_CO[7])
                                                      0.015     3.561 r  tick2trade_bd_i/tick2trade/inst/u_deframer/expected_sequence_reg[55]_i_1/CO[7]
                         net (fo=1, routed)           0.026     3.587    tick2trade_bd_i/tick2trade/inst/u_deframer/expected_sequence_reg[55]_i_1_n_0
    SLICE_X59Y198        CARRY8 (Prop_CARRY8_SLICEL_CI_O[5])
                                                      0.116     3.703 r  tick2trade_bd_i/tick2trade/inst/u_deframer/expected_sequence_reg[63]_i_2/O[5]
                         net (fo=1, routed)           0.025     3.728    tick2trade_bd_i/tick2trade/inst/u_deframer/expected_sequence_reg[63]_i_2_n_10
    SLICE_X59Y198        FDRE                                         r  tick2trade_bd_i/tick2trade/inst/u_deframer/expected_sequence_reg[61]/D
  -------------------------------------------------------------------    -------------------

                         (clock clk_pl_1 rise edge)
                                                      0.000     0.000 r  
    PS8_X0Y0             PS8                          0.000     0.000 r  tick2trade_bd_i/zynq_ps/inst/PS8_i/PLCLK[1]
                         net (fo=1, routed)           0.143     0.143    tick2trade_bd_i/zynq_ps/inst/pl_clk_unbuffered[1]
    BUFG_PS_X0Y92        BUFG_PS (Prop_BUFG_PS_I_O)
                                                      0.025     0.168 r  tick2trade_bd_i/zynq_ps/inst/buffer_pl_clk_1.PL_CLK_1_BUFG/O
    X1Y2 (CLOCK_ROOT)    net (fo=19641, routed)       1.682     1.850    tick2trade_bd_i/tick2trade/inst/u_deframer/core_clk
    SLICE_X59Y198        FDRE                                         r  tick2trade_bd_i/tick2trade/inst/u_deframer/expected_sequence_reg[61]/C

Slack:                    inf
  Source:                 tick2trade_bd_i/tick2trade/inst/u_fifo/mem_reg_0_15_0_8/RAMB_D1/CLK
                            (rising edge-triggered cell RAMD32 clocked by clk_pl_0  {rise@0.000ns fall@5.000ns period=10.000ns})
  Destination:            tick2trade_bd_i/tick2trade/inst/u_deframer/expected_sequence_reg[62]/D
                            (rising edge-triggered cell FDRE clocked by clk_pl_1  {rise@0.000ns fall@2.083ns period=4.166ns})
  Path Group:             (none)
  Path Type:              Setup (Max at Slow Process Corner)
  Data Path Delay:        1.715ns  (logic 0.800ns (46.659%)  route 0.915ns (53.341%))
  Logic Levels:           9  (CARRY8=8 LUT2=1)
  Clock Path Skew:        -0.151ns (DCD - SCD + CPR)
    Destination Clock Delay (DCD):    1.850ns
    Source Clock Delay      (SCD):    2.001ns
    Clock Pessimism Removal (CPR):    0.000ns
  Clock Uncertainty:      0.130ns  ((TSJ^2 + DJ^2)^1/2) / 2 + PE
    Total System Jitter     (TSJ):    0.071ns
    Discrete Jitter          (DJ):    0.250ns
    Phase Error              (PE):    0.000ns
  Clock Net Delay (Source):      1.793ns (routing 0.569ns, distribution 1.224ns)
  Clock Net Delay (Destination): 1.682ns (routing 0.593ns, distribution 1.089ns)
  Timing Exception:       Asynchronous Clock Groups

    Location             Delay type                Incr(ns)  Path(ns)    Netlist Resource(s)
  -------------------------------------------------------------------    -------------------
                         (clock clk_pl_0 rise edge)
                                                      0.000     0.000 r  
    PS8_X0Y0             PS8                          0.000     0.000 r  tick2trade_bd_i/zynq_ps/inst/PS8_i/PLCLK[0]
                         net (fo=1, routed)           0.180     0.180    tick2trade_bd_i/zynq_ps/inst/pl_clk_unbuffered[0]
    BUFG_PS_X0Y80        BUFG_PS (Prop_BUFG_PS_I_O)
                                                      0.028     0.208 r  tick2trade_bd_i/zynq_ps/inst/buffer_pl_clk_0.PL_CLK_0_BUFG/O
    X1Y2 (CLOCK_ROOT)    net (fo=2122, routed)        1.793     2.001    tick2trade_bd_i/tick2trade/inst/u_fifo/mem_reg_0_15_0_8/WCLK
    SLICE_X50Y213        RAMD32                                       r  tick2trade_bd_i/tick2trade/inst/u_fifo/mem_reg_0_15_0_8/RAMB_D1/CLK
  -------------------------------------------------------------------    -------------------
    SLICE_X50Y213        RAMD32 (Prop_B6LUT_SLICEM_CLK_O)
                                                      0.307     2.308 r  tick2trade_bd_i/tick2trade/inst/u_fifo/mem_reg_0_15_0_8/RAMB_D1/O
                         net (fo=5, routed)           0.698     3.006    tick2trade_bd_i/tick2trade/inst/u_deframer/fifo_data[3]
    SLICE_X59Y191        LUT2 (Prop_D6LUT_SLICEL_I1_O)
                                                      0.146     3.152 r  tick2trade_bd_i/tick2trade/inst/u_deframer/expected_sequence[7]_i_6/O
                         net (fo=1, routed)           0.009     3.161    tick2trade_bd_i/tick2trade/inst/u_deframer/expected_sequence[7]_i_6_n_0
    SLICE_X59Y191        CARRY8 (Prop_CARRY8_SLICEL_S[3]_CO[7])
                                                      0.154     3.315 r  tick2trade_bd_i/tick2trade/inst/u_deframer/expected_sequence_reg[7]_i_1/CO[7]
                         net (fo=1, routed)           0.026     3.341    tick2trade_bd_i/tick2trade/inst/u_deframer/expected_sequence_reg[7]_i_1_n_0
    SLICE_X59Y192        CARRY8 (Prop_CARRY8_SLICEL_CI_CO[7])
                                                      0.015     3.356 r  tick2trade_bd_i/tick2trade/inst/u_deframer/expected_sequence_reg[15]_i_1/CO[7]
                         net (fo=1, routed)           0.026     3.382    tick2trade_bd_i/tick2trade/inst/u_deframer/expected_sequence_reg[15]_i_1_n_0
    SLICE_X59Y193        CARRY8 (Prop_CARRY8_SLICEL_CI_CO[7])
                                                      0.015     3.397 r  tick2trade_bd_i/tick2trade/inst/u_deframer/expected_sequence_reg[23]_i_1/CO[7]
                         net (fo=1, routed)           0.026     3.423    tick2trade_bd_i/tick2trade/inst/u_deframer/expected_sequence_reg[23]_i_1_n_0
    SLICE_X59Y194        CARRY8 (Prop_CARRY8_SLICEL_CI_CO[7])
                                                      0.015     3.438 r  tick2trade_bd_i/tick2trade/inst/u_deframer/expected_sequence_reg[31]_i_1/CO[7]
                         net (fo=1, routed)           0.026     3.464    tick2trade_bd_i/tick2trade/inst/u_deframer/expected_sequence_reg[31]_i_1_n_0
    SLICE_X59Y195        CARRY8 (Prop_CARRY8_SLICEL_CI_CO[7])
                                                      0.015     3.479 r  tick2trade_bd_i/tick2trade/inst/u_deframer/expected_sequence_reg[39]_i_1/CO[7]
                         net (fo=1, routed)           0.026     3.505    tick2trade_bd_i/tick2trade/inst/u_deframer/expected_sequence_reg[39]_i_1_n_0
    SLICE_X59Y196        CARRY8 (Prop_CARRY8_SLICEL_CI_CO[7])
                                                      0.015     3.520 r  tick2trade_bd_i/tick2trade/inst/u_deframer/expected_sequence_reg[47]_i_1/CO[7]
                         net (fo=1, routed)           0.026     3.546    tick2trade_bd_i/tick2trade/inst/u_deframer/expected_sequence_reg[47]_i_1_n_0
    SLICE_X59Y197        CARRY8 (Prop_CARRY8_SLICEL_CI_CO[7])
                                                      0.015     3.561 r  tick2trade_bd_i/tick2trade/inst/u_deframer/expected_sequence_reg[55]_i_1/CO[7]
                         net (fo=1, routed)           0.026     3.587    tick2trade_bd_i/tick2trade/inst/u_deframer/expected_sequence_reg[55]_i_1_n_0
    SLICE_X59Y198        CARRY8 (Prop_CARRY8_SLICEL_CI_O[6])
                                                      0.103     3.690 r  tick2trade_bd_i/tick2trade/inst/u_deframer/expected_sequence_reg[63]_i_2/O[6]
                         net (fo=1, routed)           0.026     3.716    tick2trade_bd_i/tick2trade/inst/u_deframer/expected_sequence_reg[63]_i_2_n_9
    SLICE_X59Y198        FDRE                                         r  tick2trade_bd_i/tick2trade/inst/u_deframer/expected_sequence_reg[62]/D
  -------------------------------------------------------------------    -------------------

                         (clock clk_pl_1 rise edge)
                                                      0.000     0.000 r  
    PS8_X0Y0             PS8                          0.000     0.000 r  tick2trade_bd_i/zynq_ps/inst/PS8_i/PLCLK[1]
                         net (fo=1, routed)           0.143     0.143    tick2trade_bd_i/zynq_ps/inst/pl_clk_unbuffered[1]
    BUFG_PS_X0Y92        BUFG_PS (Prop_BUFG_PS_I_O)
                                                      0.025     0.168 r  tick2trade_bd_i/zynq_ps/inst/buffer_pl_clk_1.PL_CLK_1_BUFG/O
    X1Y2 (CLOCK_ROOT)    net (fo=19641, routed)       1.682     1.850    tick2trade_bd_i/tick2trade/inst/u_deframer/core_clk
    SLICE_X59Y198        FDRE                                         r  tick2trade_bd_i/tick2trade/inst/u_deframer/expected_sequence_reg[62]/C

Slack:                    inf
  Source:                 tick2trade_bd_i/tick2trade/inst/u_fifo/mem_reg_0_15_0_8/RAMB_D1/CLK
                            (rising edge-triggered cell RAMD32 clocked by clk_pl_0  {rise@0.000ns fall@5.000ns period=10.000ns})
  Destination:            tick2trade_bd_i/tick2trade/inst/u_deframer/expected_sequence_reg[60]/D
                            (rising edge-triggered cell FDRE clocked by clk_pl_1  {rise@0.000ns fall@2.083ns period=4.166ns})
  Path Group:             (none)
  Path Type:              Setup (Max at Slow Process Corner)
  Data Path Delay:        1.697ns  (logic 0.783ns (46.152%)  route 0.914ns (53.848%))
  Logic Levels:           9  (CARRY8=8 LUT2=1)
  Clock Path Skew:        -0.151ns (DCD - SCD + CPR)
    Destination Clock Delay (DCD):    1.850ns
    Source Clock Delay      (SCD):    2.001ns
    Clock Pessimism Removal (CPR):    0.000ns
  Clock Uncertainty:      0.130ns  ((TSJ^2 + DJ^2)^1/2) / 2 + PE
    Total System Jitter     (TSJ):    0.071ns
    Discrete Jitter          (DJ):    0.250ns
    Phase Error              (PE):    0.000ns
  Clock Net Delay (Source):      1.793ns (routing 0.569ns, distribution 1.224ns)
  Clock Net Delay (Destination): 1.682ns (routing 0.593ns, distribution 1.089ns)
  Timing Exception:       Asynchronous Clock Groups

    Location             Delay type                Incr(ns)  Path(ns)    Netlist Resource(s)
  -------------------------------------------------------------------    -------------------
                         (clock clk_pl_0 rise edge)
                                                      0.000     0.000 r  
    PS8_X0Y0             PS8                          0.000     0.000 r  tick2trade_bd_i/zynq_ps/inst/PS8_i/PLCLK[0]
                         net (fo=1, routed)           0.180     0.180    tick2trade_bd_i/zynq_ps/inst/pl_clk_unbuffered[0]
    BUFG_PS_X0Y80        BUFG_PS (Prop_BUFG_PS_I_O)
                                                      0.028     0.208 r  tick2trade_bd_i/zynq_ps/inst/buffer_pl_clk_0.PL_CLK_0_BUFG/O
    X1Y2 (CLOCK_ROOT)    net (fo=2122, routed)        1.793     2.001    tick2trade_bd_i/tick2trade/inst/u_fifo/mem_reg_0_15_0_8/WCLK
    SLICE_X50Y213        RAMD32                                       r  tick2trade_bd_i/tick2trade/inst/u_fifo/mem_reg_0_15_0_8/RAMB_D1/CLK
  -------------------------------------------------------------------    -------------------
    SLICE_X50Y213        RAMD32 (Prop_B6LUT_SLICEM_CLK_O)
                                                      0.307     2.308 r  tick2trade_bd_i/tick2trade/inst/u_fifo/mem_reg_0_15_0_8/RAMB_D1/O
                         net (fo=5, routed)           0.698     3.006    tick2trade_bd_i/tick2trade/inst/u_deframer/fifo_data[3]
    SLICE_X59Y191        LUT2 (Prop_D6LUT_SLICEL_I1_O)
                                                      0.146     3.152 r  tick2trade_bd_i/tick2trade/inst/u_deframer/expected_sequence[7]_i_6/O
                         net (fo=1, routed)           0.009     3.161    tick2trade_bd_i/tick2trade/inst/u_deframer/expected_sequence[7]_i_6_n_0
    SLICE_X59Y191        CARRY8 (Prop_CARRY8_SLICEL_S[3]_CO[7])
                                                      0.154     3.315 r  tick2trade_bd_i/tick2trade/inst/u_deframer/expected_sequence_reg[7]_i_1/CO[7]
                         net (fo=1, routed)           0.026     3.341    tick2trade_bd_i/tick2trade/inst/u_deframer/expected_sequence_reg[7]_i_1_n_0
    SLICE_X59Y192        CARRY8 (Prop_CARRY8_SLICEL_CI_CO[7])
                                                      0.015     3.356 r  tick2trade_bd_i/tick2trade/inst/u_deframer/expected_sequence_reg[15]_i_1/CO[7]
                         net (fo=1, routed)           0.026     3.382    tick2trade_bd_i/tick2trade/inst/u_deframer/expected_sequence_reg[15]_i_1_n_0
    SLICE_X59Y193        CARRY8 (Prop_CARRY8_SLICEL_CI_CO[7])
                                                      0.015     3.397 r  tick2trade_bd_i/tick2trade/inst/u_deframer/expected_sequence_reg[23]_i_1/CO[7]
                         net (fo=1, routed)           0.026     3.423    tick2trade_bd_i/tick2trade/inst/u_deframer/expected_sequence_reg[23]_i_1_n_0
    SLICE_X59Y194        CARRY8 (Prop_CARRY8_SLICEL_CI_CO[7])
                                                      0.015     3.438 r  tick2trade_bd_i/tick2trade/inst/u_deframer/expected_sequence_reg[31]_i_1/CO[7]
                         net (fo=1, routed)           0.026     3.464    tick2trade_bd_i/tick2trade/inst/u_deframer/expected_sequence_reg[31]_i_1_n_0
    SLICE_X59Y195        CARRY8 (Prop_CARRY8_SLICEL_CI_CO[7])
                                                      0.015     3.479 r  tick2trade_bd_i/tick2trade/inst/u_deframer/expected_sequence_reg[39]_i_1/CO[7]
                         net (fo=1, routed)           0.026     3.505    tick2trade_bd_i/tick2trade/inst/u_deframer/expected_sequence_reg[39]_i_1_n_0
    SLICE_X59Y196        CARRY8 (Prop_CARRY8_SLICEL_CI_CO[7])
                                                      0.015     3.520 r  tick2trade_bd_i/tick2trade/inst/u_deframer/expected_sequence_reg[47]_i_1/CO[7]
                         net (fo=1, routed)           0.026     3.546    tick2trade_bd_i/tick2trade/inst/u_deframer/expected_sequence_reg[47]_i_1_n_0
    SLICE_X59Y197        CARRY8 (Prop_CARRY8_SLICEL_CI_CO[7])
                                                      0.015     3.561 r  tick2trade_bd_i/tick2trade/inst/u_deframer/expected_sequence_reg[55]_i_1/CO[7]
                         net (fo=1, routed)           0.026     3.587    tick2trade_bd_i/tick2trade/inst/u_deframer/expected_sequence_reg[55]_i_1_n_0
    SLICE_X59Y198        CARRY8 (Prop_CARRY8_SLICEL_CI_O[4])
                                                      0.086     3.673 r  tick2trade_bd_i/tick2trade/inst/u_deframer/expected_sequence_reg[63]_i_2/O[4]
                         net (fo=1, routed)           0.025     3.698    tick2trade_bd_i/tick2trade/inst/u_deframer/expected_sequence_reg[63]_i_2_n_11
    SLICE_X59Y198        FDRE                                         r  tick2trade_bd_i/tick2trade/inst/u_deframer/expected_sequence_reg[60]/D
  -------------------------------------------------------------------    -------------------

                         (clock clk_pl_1 rise edge)
                                                      0.000     0.000 r  
    PS8_X0Y0             PS8                          0.000     0.000 r  tick2trade_bd_i/zynq_ps/inst/PS8_i/PLCLK[1]
                         net (fo=1, routed)           0.143     0.143    tick2trade_bd_i/zynq_ps/inst/pl_clk_unbuffered[1]
    BUFG_PS_X0Y92        BUFG_PS (Prop_BUFG_PS_I_O)
                                                      0.025     0.168 r  tick2trade_bd_i/zynq_ps/inst/buffer_pl_clk_1.PL_CLK_1_BUFG/O
    X1Y2 (CLOCK_ROOT)    net (fo=19641, routed)       1.682     1.850    tick2trade_bd_i/tick2trade/inst/u_deframer/core_clk
    SLICE_X59Y198        FDRE                                         r  tick2trade_bd_i/tick2trade/inst/u_deframer/expected_sequence_reg[60]/C

Slack:                    inf
  Source:                 tick2trade_bd_i/tick2trade/inst/u_fifo/mem_reg_0_15_0_8/RAMB_D1/CLK
                            (rising edge-triggered cell RAMD32 clocked by clk_pl_0  {rise@0.000ns fall@5.000ns period=10.000ns})
  Destination:            tick2trade_bd_i/tick2trade/inst/u_deframer/expected_sequence_reg[59]/D
                            (rising edge-triggered cell FDRE clocked by clk_pl_1  {rise@0.000ns fall@2.083ns period=4.166ns})
  Path Group:             (none)
  Path Type:              Setup (Max at Slow Process Corner)
  Data Path Delay:        1.694ns  (logic 0.779ns (45.998%)  route 0.915ns (54.002%))
  Logic Levels:           9  (CARRY8=8 LUT2=1)
  Clock Path Skew:        -0.153ns (DCD - SCD + CPR)
    Destination Clock Delay (DCD):    1.848ns
    Source Clock Delay      (SCD):    2.001ns
    Clock Pessimism Removal (CPR):    0.000ns
  Clock Uncertainty:      0.130ns  ((TSJ^2 + DJ^2)^1/2) / 2 + PE
    Total System Jitter     (TSJ):    0.071ns
    Discrete Jitter          (DJ):    0.250ns
    Phase Error              (PE):    0.000ns
  Clock Net Delay (Source):      1.793ns (routing 0.569ns, distribution 1.224ns)
  Clock Net Delay (Destination): 1.680ns (routing 0.593ns, distribution 1.087ns)
  Timing Exception:       Asynchronous Clock Groups

    Location             Delay type                Incr(ns)  Path(ns)    Netlist Resource(s)
  -------------------------------------------------------------------    -------------------
                         (clock clk_pl_0 rise edge)
                                                      0.000     0.000 r  
    PS8_X0Y0             PS8                          0.000     0.000 r  tick2trade_bd_i/zynq_ps/inst/PS8_i/PLCLK[0]
                         net (fo=1, routed)           0.180     0.180    tick2trade_bd_i/zynq_ps/inst/pl_clk_unbuffered[0]
    BUFG_PS_X0Y80        BUFG_PS (Prop_BUFG_PS_I_O)
                                                      0.028     0.208 r  tick2trade_bd_i/zynq_ps/inst/buffer_pl_clk_0.PL_CLK_0_BUFG/O
    X1Y2 (CLOCK_ROOT)    net (fo=2122, routed)        1.793     2.001    tick2trade_bd_i/tick2trade/inst/u_fifo/mem_reg_0_15_0_8/WCLK
    SLICE_X50Y213        RAMD32                                       r  tick2trade_bd_i/tick2trade/inst/u_fifo/mem_reg_0_15_0_8/RAMB_D1/CLK
  -------------------------------------------------------------------    -------------------
    SLICE_X50Y213        RAMD32 (Prop_B6LUT_SLICEM_CLK_O)
                                                      0.307     2.308 r  tick2trade_bd_i/tick2trade/inst/u_fifo/mem_reg_0_15_0_8/RAMB_D1/O
                         net (fo=5, routed)           0.698     3.006    tick2trade_bd_i/tick2trade/inst/u_deframer/fifo_data[3]
    SLICE_X59Y191        LUT2 (Prop_D6LUT_SLICEL_I1_O)
                                                      0.146     3.152 r  tick2trade_bd_i/tick2trade/inst/u_deframer/expected_sequence[7]_i_6/O
                         net (fo=1, routed)           0.009     3.161    tick2trade_bd_i/tick2trade/inst/u_deframer/expected_sequence[7]_i_6_n_0
    SLICE_X59Y191        CARRY8 (Prop_CARRY8_SLICEL_S[3]_CO[7])
                                                      0.154     3.315 r  tick2trade_bd_i/tick2trade/inst/u_deframer/expected_sequence_reg[7]_i_1/CO[7]
                         net (fo=1, routed)           0.026     3.341    tick2trade_bd_i/tick2trade/inst/u_deframer/expected_sequence_reg[7]_i_1_n_0
    SLICE_X59Y192        CARRY8 (Prop_CARRY8_SLICEL_CI_CO[7])
                                                      0.015     3.356 r  tick2trade_bd_i/tick2trade/inst/u_deframer/expected_sequence_reg[15]_i_1/CO[7]
                         net (fo=1, routed)           0.026     3.382    tick2trade_bd_i/tick2trade/inst/u_deframer/expected_sequence_reg[15]_i_1_n_0
    SLICE_X59Y193        CARRY8 (Prop_CARRY8_SLICEL_CI_CO[7])
                                                      0.015     3.397 r  tick2trade_bd_i/tick2trade/inst/u_deframer/expected_sequence_reg[23]_i_1/CO[7]
                         net (fo=1, routed)           0.026     3.423    tick2trade_bd_i/tick2trade/inst/u_deframer/expected_sequence_reg[23]_i_1_n_0
    SLICE_X59Y194        CARRY8 (Prop_CARRY8_SLICEL_CI_CO[7])
                                                      0.015     3.438 r  tick2trade_bd_i/tick2trade/inst/u_deframer/expected_sequence_reg[31]_i_1/CO[7]
                         net (fo=1, routed)           0.026     3.464    tick2trade_bd_i/tick2trade/inst/u_deframer/expected_sequence_reg[31]_i_1_n_0
    SLICE_X59Y195        CARRY8 (Prop_CARRY8_SLICEL_CI_CO[7])
                                                      0.015     3.479 r  tick2trade_bd_i/tick2trade/inst/u_deframer/expected_sequence_reg[39]_i_1/CO[7]
                         net (fo=1, routed)           0.026     3.505    tick2trade_bd_i/tick2trade/inst/u_deframer/expected_sequence_reg[39]_i_1_n_0
    SLICE_X59Y196        CARRY8 (Prop_CARRY8_SLICEL_CI_CO[7])
                                                      0.015     3.520 r  tick2trade_bd_i/tick2trade/inst/u_deframer/expected_sequence_reg[47]_i_1/CO[7]
                         net (fo=1, routed)           0.026     3.546    tick2trade_bd_i/tick2trade/inst/u_deframer/expected_sequence_reg[47]_i_1_n_0
    SLICE_X59Y197        CARRY8 (Prop_CARRY8_SLICEL_CI_CO[7])
                                                      0.015     3.561 r  tick2trade_bd_i/tick2trade/inst/u_deframer/expected_sequence_reg[55]_i_1/CO[7]
                         net (fo=1, routed)           0.026     3.587    tick2trade_bd_i/tick2trade/inst/u_deframer/expected_sequence_reg[55]_i_1_n_0
    SLICE_X59Y198        CARRY8 (Prop_CARRY8_SLICEL_CI_O[3])
                                                      0.082     3.669 r  tick2trade_bd_i/tick2trade/inst/u_deframer/expected_sequence_reg[63]_i_2/O[3]
                         net (fo=1, routed)           0.026     3.695    tick2trade_bd_i/tick2trade/inst/u_deframer/expected_sequence_reg[63]_i_2_n_12
    SLICE_X59Y198        FDRE                                         r  tick2trade_bd_i/tick2trade/inst/u_deframer/expected_sequence_reg[59]/D
  -------------------------------------------------------------------    -------------------

                         (clock clk_pl_1 rise edge)
                                                      0.000     0.000 r  
    PS8_X0Y0             PS8                          0.000     0.000 r  tick2trade_bd_i/zynq_ps/inst/PS8_i/PLCLK[1]
                         net (fo=1, routed)           0.143     0.143    tick2trade_bd_i/zynq_ps/inst/pl_clk_unbuffered[1]
    BUFG_PS_X0Y92        BUFG_PS (Prop_BUFG_PS_I_O)
                                                      0.025     0.168 r  tick2trade_bd_i/zynq_ps/inst/buffer_pl_clk_1.PL_CLK_1_BUFG/O
    X1Y2 (CLOCK_ROOT)    net (fo=19641, routed)       1.680     1.848    tick2trade_bd_i/tick2trade/inst/u_deframer/core_clk
    SLICE_X59Y198        FDRE                                         r  tick2trade_bd_i/tick2trade/inst/u_deframer/expected_sequence_reg[59]/C





Min Delay Paths
--------------------------------------------------------------------------------------
Slack:                    inf
  Source:                 tick2trade_bd_i/zynq_ps_axi_periph/m01_couplers/auto_cc/inst/gen_clock_conv.gen_async_lite_conv.clock_conv_lite_fwd_w/handshake/src_hsdata_ff_reg[17]/C
                            (rising edge-triggered cell FDRE clocked by clk_pl_0  {rise@0.000ns fall@5.000ns period=10.000ns})
  Destination:            tick2trade_bd_i/zynq_ps_axi_periph/m01_couplers/auto_cc/inst/gen_clock_conv.gen_async_lite_conv.clock_conv_lite_fwd_w/handshake/dest_hsdata_ff_reg[17]/D
                            (rising edge-triggered cell FDRE clocked by clk_pl_1  {rise@0.000ns fall@2.083ns period=4.166ns})
  Path Group:             (none)
  Path Type:              Hold (Min at Fast Process Corner)
  Data Path Delay:        0.097ns  (logic 0.040ns (41.237%)  route 0.057ns (58.763%))
  Logic Levels:           0  
  Clock Path Skew:        0.213ns (DCD - SCD - CPR)
    Destination Clock Delay (DCD):    1.331ns
    Source Clock Delay      (SCD):    1.118ns
    Clock Pessimism Removal (CPR):    -0.000ns
  Clock Uncertainty:      0.130ns  ((TSJ^2 + DJ^2)^1/2) / 2 + PE
    Total System Jitter     (TSJ):    0.071ns
    Discrete Jitter          (DJ):    0.250ns
    Phase Error              (PE):    0.000ns
  Clock Net Delay (Source):      0.979ns (routing 0.311ns, distribution 0.668ns)
  Clock Net Delay (Destination): 1.159ns (routing 0.404ns, distribution 0.755ns)
  Timing Exception:       Asynchronous Clock Groups

    Location             Delay type                Incr(ns)  Path(ns)    Netlist Resource(s)
  -------------------------------------------------------------------    -------------------
                         (clock clk_pl_0 rise edge)
                                                      0.000     0.000 r  
    PS8_X0Y0             PS8                          0.000     0.000 r  tick2trade_bd_i/zynq_ps/inst/PS8_i/PLCLK[0]
                         net (fo=1, routed)           0.122     0.122    tick2trade_bd_i/zynq_ps/inst/pl_clk_unbuffered[0]
    BUFG_PS_X0Y80        BUFG_PS (Prop_BUFG_PS_I_O)
                                                      0.017     0.139 r  tick2trade_bd_i/zynq_ps/inst/buffer_pl_clk_0.PL_CLK_0_BUFG/O
    X1Y2 (CLOCK_ROOT)    net (fo=2122, routed)        0.979     1.118    tick2trade_bd_i/zynq_ps_axi_periph/m01_couplers/auto_cc/inst/gen_clock_conv.gen_async_lite_conv.clock_conv_lite_fwd_w/handshake/src_clk
    SLICE_X58Y216        FDRE                                         r  tick2trade_bd_i/zynq_ps_axi_periph/m01_couplers/auto_cc/inst/gen_clock_conv.gen_async_lite_conv.clock_conv_lite_fwd_w/handshake/src_hsdata_ff_reg[17]/C
  -------------------------------------------------------------------    -------------------
    SLICE_X58Y216        FDRE (Prop_EFF2_SLICEL_C_Q)
                                                      0.040     1.158 r  tick2trade_bd_i/zynq_ps_axi_periph/m01_couplers/auto_cc/inst/gen_clock_conv.gen_async_lite_conv.clock_conv_lite_fwd_w/handshake/src_hsdata_ff_reg[17]/Q
                         net (fo=1, routed)           0.057     1.215    tick2trade_bd_i/zynq_ps_axi_periph/m01_couplers/auto_cc/inst/gen_clock_conv.gen_async_lite_conv.clock_conv_lite_fwd_w/handshake/src_hsdata_ff[17]
    SLICE_X59Y216        FDRE                                         r  tick2trade_bd_i/zynq_ps_axi_periph/m01_couplers/auto_cc/inst/gen_clock_conv.gen_async_lite_conv.clock_conv_lite_fwd_w/handshake/dest_hsdata_ff_reg[17]/D
  -------------------------------------------------------------------    -------------------

                         (clock clk_pl_1 rise edge)
                                                      0.000     0.000 r  
    PS8_X0Y0             PS8                          0.000     0.000 r  tick2trade_bd_i/zynq_ps/inst/PS8_i/PLCLK[1]
                         net (fo=1, routed)           0.154     0.154    tick2trade_bd_i/zynq_ps/inst/pl_clk_unbuffered[1]
    BUFG_PS_X0Y92        BUFG_PS (Prop_BUFG_PS_I_O)
                                                      0.018     0.172 r  tick2trade_bd_i/zynq_ps/inst/buffer_pl_clk_1.PL_CLK_1_BUFG/O
    X1Y2 (CLOCK_ROOT)    net (fo=19641, routed)       1.159     1.331    tick2trade_bd_i/zynq_ps_axi_periph/m01_couplers/auto_cc/inst/gen_clock_conv.gen_async_lite_conv.clock_conv_lite_fwd_w/handshake/dest_clk
    SLICE_X59Y216        FDRE                                         r  tick2trade_bd_i/zynq_ps_axi_periph/m01_couplers/auto_cc/inst/gen_clock_conv.gen_async_lite_conv.clock_conv_lite_fwd_w/handshake/dest_hsdata_ff_reg[17]/C

Slack:                    inf
  Source:                 tick2trade_bd_i/zynq_ps_axi_periph/m01_couplers/auto_cc/inst/gen_clock_conv.gen_async_lite_conv.clock_conv_lite_fwd_w/handshake/src_hsdata_ff_reg[31]/C
                            (rising edge-triggered cell FDRE clocked by clk_pl_0  {rise@0.000ns fall@5.000ns period=10.000ns})
  Destination:            tick2trade_bd_i/zynq_ps_axi_periph/m01_couplers/auto_cc/inst/gen_clock_conv.gen_async_lite_conv.clock_conv_lite_fwd_w/handshake/dest_hsdata_ff_reg[31]/D
                            (rising edge-triggered cell FDRE clocked by clk_pl_1  {rise@0.000ns fall@2.083ns period=4.166ns})
  Path Group:             (none)
  Path Type:              Hold (Min at Fast Process Corner)
  Data Path Delay:        0.097ns  (logic 0.040ns (41.237%)  route 0.057ns (58.763%))
  Logic Levels:           0  
  Clock Path Skew:        0.213ns (DCD - SCD - CPR)
    Destination Clock Delay (DCD):    1.331ns
    Source Clock Delay      (SCD):    1.118ns
    Clock Pessimism Removal (CPR):    -0.000ns
  Clock Uncertainty:      0.130ns  ((TSJ^2 + DJ^2)^1/2) / 2 + PE
    Total System Jitter     (TSJ):    0.071ns
    Discrete Jitter          (DJ):    0.250ns
    Phase Error              (PE):    0.000ns
  Clock Net Delay (Source):      0.979ns (routing 0.311ns, distribution 0.668ns)
  Clock Net Delay (Destination): 1.159ns (routing 0.404ns, distribution 0.755ns)
  Timing Exception:       Asynchronous Clock Groups

    Location             Delay type                Incr(ns)  Path(ns)    Netlist Resource(s)
  -------------------------------------------------------------------    -------------------
                         (clock clk_pl_0 rise edge)
                                                      0.000     0.000 r  
    PS8_X0Y0             PS8                          0.000     0.000 r  tick2trade_bd_i/zynq_ps/inst/PS8_i/PLCLK[0]
                         net (fo=1, routed)           0.122     0.122    tick2trade_bd_i/zynq_ps/inst/pl_clk_unbuffered[0]
    BUFG_PS_X0Y80        BUFG_PS (Prop_BUFG_PS_I_O)
                                                      0.017     0.139 r  tick2trade_bd_i/zynq_ps/inst/buffer_pl_clk_0.PL_CLK_0_BUFG/O
    X1Y2 (CLOCK_ROOT)    net (fo=2122, routed)        0.979     1.118    tick2trade_bd_i/zynq_ps_axi_periph/m01_couplers/auto_cc/inst/gen_clock_conv.gen_async_lite_conv.clock_conv_lite_fwd_w/handshake/src_clk
    SLICE_X58Y216        FDRE                                         r  tick2trade_bd_i/zynq_ps_axi_periph/m01_couplers/auto_cc/inst/gen_clock_conv.gen_async_lite_conv.clock_conv_lite_fwd_w/handshake/src_hsdata_ff_reg[31]/C
  -------------------------------------------------------------------    -------------------
    SLICE_X58Y216        FDRE (Prop_FFF2_SLICEL_C_Q)
                                                      0.040     1.158 r  tick2trade_bd_i/zynq_ps_axi_periph/m01_couplers/auto_cc/inst/gen_clock_conv.gen_async_lite_conv.clock_conv_lite_fwd_w/handshake/src_hsdata_ff_reg[31]/Q
                         net (fo=1, routed)           0.057     1.215    tick2trade_bd_i/zynq_ps_axi_periph/m01_couplers/auto_cc/inst/gen_clock_conv.gen_async_lite_conv.clock_conv_lite_fwd_w/handshake/src_hsdata_ff[31]
    SLICE_X59Y216        FDRE                                         r  tick2trade_bd_i/zynq_ps_axi_periph/m01_couplers/auto_cc/inst/gen_clock_conv.gen_async_lite_conv.clock_conv_lite_fwd_w/handshake/dest_hsdata_ff_reg[31]/D
  -------------------------------------------------------------------    -------------------

                         (clock clk_pl_1 rise edge)
                                                      0.000     0.000 r  
    PS8_X0Y0             PS8                          0.000     0.000 r  tick2trade_bd_i/zynq_ps/inst/PS8_i/PLCLK[1]
                         net (fo=1, routed)           0.154     0.154    tick2trade_bd_i/zynq_ps/inst/pl_clk_unbuffered[1]
    BUFG_PS_X0Y92        BUFG_PS (Prop_BUFG_PS_I_O)
                                                      0.018     0.172 r  tick2trade_bd_i/zynq_ps/inst/buffer_pl_clk_1.PL_CLK_1_BUFG/O
    X1Y2 (CLOCK_ROOT)    net (fo=19641, routed)       1.159     1.331    tick2trade_bd_i/zynq_ps_axi_periph/m01_couplers/auto_cc/inst/gen_clock_conv.gen_async_lite_conv.clock_conv_lite_fwd_w/handshake/dest_clk
    SLICE_X59Y216        FDRE                                         r  tick2trade_bd_i/zynq_ps_axi_periph/m01_couplers/auto_cc/inst/gen_clock_conv.gen_async_lite_conv.clock_conv_lite_fwd_w/handshake/dest_hsdata_ff_reg[31]/C

Slack:                    inf
  Source:                 tick2trade_bd_i/zynq_ps_axi_periph/m01_couplers/auto_cc/inst/gen_clock_conv.gen_async_lite_conv.clock_conv_lite_fwd_w/handshake/src_hsdata_ff_reg[16]/C
                            (rising edge-triggered cell FDRE clocked by clk_pl_0  {rise@0.000ns fall@5.000ns period=10.000ns})
  Destination:            tick2trade_bd_i/zynq_ps_axi_periph/m01_couplers/auto_cc/inst/gen_clock_conv.gen_async_lite_conv.clock_conv_lite_fwd_w/handshake/dest_hsdata_ff_reg[16]/D
                            (rising edge-triggered cell FDRE clocked by clk_pl_1  {rise@0.000ns fall@2.083ns period=4.166ns})
  Path Group:             (none)
  Path Type:              Hold (Min at Fast Process Corner)
  Data Path Delay:        0.101ns  (logic 0.039ns (38.614%)  route 0.062ns (61.386%))
  Logic Levels:           0  
  Clock Path Skew:        0.213ns (DCD - SCD - CPR)
    Destination Clock Delay (DCD):    1.328ns
    Source Clock Delay      (SCD):    1.115ns
    Clock Pessimism Removal (CPR):    -0.000ns
  Clock Uncertainty:      0.130ns  ((TSJ^2 + DJ^2)^1/2) / 2 + PE
    Total System Jitter     (TSJ):    0.071ns
    Discrete Jitter          (DJ):    0.250ns
    Phase Error              (PE):    0.000ns
  Clock Net Delay (Source):      0.976ns (routing 0.311ns, distribution 0.665ns)
  Clock Net Delay (Destination): 1.156ns (routing 0.404ns, distribution 0.752ns)
  Timing Exception:       Asynchronous Clock Groups

    Location             Delay type                Incr(ns)  Path(ns)    Netlist Resource(s)
  -------------------------------------------------------------------    -------------------
                         (clock clk_pl_0 rise edge)
                                                      0.000     0.000 r  
    PS8_X0Y0             PS8                          0.000     0.000 r  tick2trade_bd_i/zynq_ps/inst/PS8_i/PLCLK[0]
                         net (fo=1, routed)           0.122     0.122    tick2trade_bd_i/zynq_ps/inst/pl_clk_unbuffered[0]
    BUFG_PS_X0Y80        BUFG_PS (Prop_BUFG_PS_I_O)
                                                      0.017     0.139 r  tick2trade_bd_i/zynq_ps/inst/buffer_pl_clk_0.PL_CLK_0_BUFG/O
    X1Y2 (CLOCK_ROOT)    net (fo=2122, routed)        0.976     1.115    tick2trade_bd_i/zynq_ps_axi_periph/m01_couplers/auto_cc/inst/gen_clock_conv.gen_async_lite_conv.clock_conv_lite_fwd_w/handshake/src_clk
    SLICE_X57Y212        FDRE                                         r  tick2trade_bd_i/zynq_ps_axi_periph/m01_couplers/auto_cc/inst/gen_clock_conv.gen_async_lite_conv.clock_conv_lite_fwd_w/handshake/src_hsdata_ff_reg[16]/C
  -------------------------------------------------------------------    -------------------
    SLICE_X57Y212        FDRE (Prop_EFF2_SLICEM_C_Q)
                                                      0.039     1.154 r  tick2trade_bd_i/zynq_ps_axi_periph/m01_couplers/auto_cc/inst/gen_clock_conv.gen_async_lite_conv.clock_conv_lite_fwd_w/handshake/src_hsdata_ff_reg[16]/Q
                         net (fo=1, routed)           0.062     1.216    tick2trade_bd_i/zynq_ps_axi_periph/m01_couplers/auto_cc/inst/gen_clock_conv.gen_async_lite_conv.clock_conv_lite_fwd_w/handshake/src_hsdata_ff[16]
    SLICE_X59Y212        FDRE                                         r  tick2trade_bd_i/zynq_ps_axi_periph/m01_couplers/auto_cc/inst/gen_clock_conv.gen_async_lite_conv.clock_conv_lite_fwd_w/handshake/dest_hsdata_ff_reg[16]/D
  -------------------------------------------------------------------    -------------------

                         (clock clk_pl_1 rise edge)
                                                      0.000     0.000 r  
    PS8_X0Y0             PS8                          0.000     0.000 r  tick2trade_bd_i/zynq_ps/inst/PS8_i/PLCLK[1]
                         net (fo=1, routed)           0.154     0.154    tick2trade_bd_i/zynq_ps/inst/pl_clk_unbuffered[1]
    BUFG_PS_X0Y92        BUFG_PS (Prop_BUFG_PS_I_O)
                                                      0.018     0.172 r  tick2trade_bd_i/zynq_ps/inst/buffer_pl_clk_1.PL_CLK_1_BUFG/O
    X1Y2 (CLOCK_ROOT)    net (fo=19641, routed)       1.156     1.328    tick2trade_bd_i/zynq_ps_axi_periph/m01_couplers/auto_cc/inst/gen_clock_conv.gen_async_lite_conv.clock_conv_lite_fwd_w/handshake/dest_clk
    SLICE_X59Y212        FDRE                                         r  tick2trade_bd_i/zynq_ps_axi_periph/m01_couplers/auto_cc/inst/gen_clock_conv.gen_async_lite_conv.clock_conv_lite_fwd_w/handshake/dest_hsdata_ff_reg[16]/C

Slack:                    inf
  Source:                 tick2trade_bd_i/zynq_ps_axi_periph/m01_couplers/auto_cc/inst/gen_clock_conv.gen_async_lite_conv.clock_conv_lite_fwd_w/handshake/src_hsdata_ff_reg[13]/C
                            (rising edge-triggered cell FDRE clocked by clk_pl_0  {rise@0.000ns fall@5.000ns period=10.000ns})
  Destination:            tick2trade_bd_i/zynq_ps_axi_periph/m01_couplers/auto_cc/inst/gen_clock_conv.gen_async_lite_conv.clock_conv_lite_fwd_w/handshake/dest_hsdata_ff_reg[13]/D
                            (rising edge-triggered cell FDRE clocked by clk_pl_1  {rise@0.000ns fall@2.083ns period=4.166ns})
  Path Group:             (none)
  Path Type:              Hold (Min at Fast Process Corner)
  Data Path Delay:        0.104ns  (logic 0.039ns (37.500%)  route 0.065ns (62.500%))
  Logic Levels:           0  
  Clock Path Skew:        0.212ns (DCD - SCD - CPR)
    Destination Clock Delay (DCD):    1.333ns
    Source Clock Delay      (SCD):    1.122ns
    Clock Pessimism Removal (CPR):    -0.000ns
  Clock Uncertainty:      0.130ns  ((TSJ^2 + DJ^2)^1/2) / 2 + PE
    Total System Jitter     (TSJ):    0.071ns
    Discrete Jitter          (DJ):    0.250ns
    Phase Error              (PE):    0.000ns
  Clock Net Delay (Source):      0.983ns (routing 0.311ns, distribution 0.672ns)
  Clock Net Delay (Destination): 1.161ns (routing 0.404ns, distribution 0.757ns)
  Timing Exception:       Asynchronous Clock Groups

    Location             Delay type                Incr(ns)  Path(ns)    Netlist Resource(s)
  -------------------------------------------------------------------    -------------------
                         (clock clk_pl_0 rise edge)
                                                      0.000     0.000 r  
    PS8_X0Y0             PS8                          0.000     0.000 r  tick2trade_bd_i/zynq_ps/inst/PS8_i/PLCLK[0]
                         net (fo=1, routed)           0.122     0.122    tick2trade_bd_i/zynq_ps/inst/pl_clk_unbuffered[0]
    BUFG_PS_X0Y80        BUFG_PS (Prop_BUFG_PS_I_O)
                                                      0.017     0.139 r  tick2trade_bd_i/zynq_ps/inst/buffer_pl_clk_0.PL_CLK_0_BUFG/O
    X1Y2 (CLOCK_ROOT)    net (fo=2122, routed)        0.983     1.122    tick2trade_bd_i/zynq_ps_axi_periph/m01_couplers/auto_cc/inst/gen_clock_conv.gen_async_lite_conv.clock_conv_lite_fwd_w/handshake/src_clk
    SLICE_X55Y212        FDRE                                         r  tick2trade_bd_i/zynq_ps_axi_periph/m01_couplers/auto_cc/inst/gen_clock_conv.gen_async_lite_conv.clock_conv_lite_fwd_w/handshake/src_hsdata_ff_reg[13]/C
  -------------------------------------------------------------------    -------------------
    SLICE_X55Y212        FDRE (Prop_GFF_SLICEL_C_Q)
                                                      0.039     1.161 r  tick2trade_bd_i/zynq_ps_axi_periph/m01_couplers/auto_cc/inst/gen_clock_conv.gen_async_lite_conv.clock_conv_lite_fwd_w/handshake/src_hsdata_ff_reg[13]/Q
                         net (fo=1, routed)           0.065     1.226    tick2trade_bd_i/zynq_ps_axi_periph/m01_couplers/auto_cc/inst/gen_clock_conv.gen_async_lite_conv.clock_conv_lite_fwd_w/handshake/src_hsdata_ff[13]
    SLICE_X56Y212        FDRE                                         r  tick2trade_bd_i/zynq_ps_axi_periph/m01_couplers/auto_cc/inst/gen_clock_conv.gen_async_lite_conv.clock_conv_lite_fwd_w/handshake/dest_hsdata_ff_reg[13]/D
  -------------------------------------------------------------------    -------------------

                         (clock clk_pl_1 rise edge)
                                                      0.000     0.000 r  
    PS8_X0Y0             PS8                          0.000     0.000 r  tick2trade_bd_i/zynq_ps/inst/PS8_i/PLCLK[1]
                         net (fo=1, routed)           0.154     0.154    tick2trade_bd_i/zynq_ps/inst/pl_clk_unbuffered[1]
    BUFG_PS_X0Y92        BUFG_PS (Prop_BUFG_PS_I_O)
                                                      0.018     0.172 r  tick2trade_bd_i/zynq_ps/inst/buffer_pl_clk_1.PL_CLK_1_BUFG/O
    X1Y2 (CLOCK_ROOT)    net (fo=19641, routed)       1.161     1.333    tick2trade_bd_i/zynq_ps_axi_periph/m01_couplers/auto_cc/inst/gen_clock_conv.gen_async_lite_conv.clock_conv_lite_fwd_w/handshake/dest_clk
    SLICE_X56Y212        FDRE                                         r  tick2trade_bd_i/zynq_ps_axi_periph/m01_couplers/auto_cc/inst/gen_clock_conv.gen_async_lite_conv.clock_conv_lite_fwd_w/handshake/dest_hsdata_ff_reg[13]/C

Slack:                    inf
  Source:                 tick2trade_bd_i/zynq_ps_axi_periph/m01_couplers/auto_cc/inst/gen_clock_conv.gen_async_lite_conv.clock_conv_lite_fwd_w/handshake/src_hsdata_ff_reg[19]/C
                            (rising edge-triggered cell FDRE clocked by clk_pl_0  {rise@0.000ns fall@5.000ns period=10.000ns})
  Destination:            tick2trade_bd_i/zynq_ps_axi_periph/m01_couplers/auto_cc/inst/gen_clock_conv.gen_async_lite_conv.clock_conv_lite_fwd_w/handshake/dest_hsdata_ff_reg[19]/D
                            (rising edge-triggered cell FDRE clocked by clk_pl_1  {rise@0.000ns fall@2.083ns period=4.166ns})
  Path Group:             (none)
  Path Type:              Hold (Min at Fast Process Corner)
  Data Path Delay:        0.112ns  (logic 0.040ns (35.714%)  route 0.072ns (64.286%))
  Logic Levels:           0  
  Clock Path Skew:        0.213ns (DCD - SCD - CPR)
    Destination Clock Delay (DCD):    1.328ns
    Source Clock Delay      (SCD):    1.115ns
    Clock Pessimism Removal (CPR):    -0.000ns
  Clock Uncertainty:      0.130ns  ((TSJ^2 + DJ^2)^1/2) / 2 + PE
    Total System Jitter     (TSJ):    0.071ns
    Discrete Jitter          (DJ):    0.250ns
    Phase Error              (PE):    0.000ns
  Clock Net Delay (Source):      0.976ns (routing 0.311ns, distribution 0.665ns)
  Clock Net Delay (Destination): 1.156ns (routing 0.404ns, distribution 0.752ns)
  Timing Exception:       Asynchronous Clock Groups

    Location             Delay type                Incr(ns)  Path(ns)    Netlist Resource(s)
  -------------------------------------------------------------------    -------------------
                         (clock clk_pl_0 rise edge)
                                                      0.000     0.000 r  
    PS8_X0Y0             PS8                          0.000     0.000 r  tick2trade_bd_i/zynq_ps/inst/PS8_i/PLCLK[0]
                         net (fo=1, routed)           0.122     0.122    tick2trade_bd_i/zynq_ps/inst/pl_clk_unbuffered[0]
    BUFG_PS_X0Y80        BUFG_PS (Prop_BUFG_PS_I_O)
                                                      0.017     0.139 r  tick2trade_bd_i/zynq_ps/inst/buffer_pl_clk_0.PL_CLK_0_BUFG/O
    X1Y2 (CLOCK_ROOT)    net (fo=2122, routed)        0.976     1.115    tick2trade_bd_i/zynq_ps_axi_periph/m01_couplers/auto_cc/inst/gen_clock_conv.gen_async_lite_conv.clock_conv_lite_fwd_w/handshake/src_clk
    SLICE_X57Y212        FDRE                                         r  tick2trade_bd_i/zynq_ps_axi_periph/m01_couplers/auto_cc/inst/gen_clock_conv.gen_async_lite_conv.clock_conv_lite_fwd_w/handshake/src_hsdata_ff_reg[19]/C
  -------------------------------------------------------------------    -------------------
    SLICE_X57Y212        FDRE (Prop_FFF2_SLICEM_C_Q)
                                                      0.040     1.155 r  tick2trade_bd_i/zynq_ps_axi_periph/m01_couplers/auto_cc/inst/gen_clock_conv.gen_async_lite_conv.clock_conv_lite_fwd_w/handshake/src_hsdata_ff_reg[19]/Q
                         net (fo=1, routed)           0.072     1.227    tick2trade_bd_i/zynq_ps_axi_periph/m01_couplers/auto_cc/inst/gen_clock_conv.gen_async_lite_conv.clock_conv_lite_fwd_w/handshake/src_hsdata_ff[19]
    SLICE_X59Y212        FDRE                                         r  tick2trade_bd_i/zynq_ps_axi_periph/m01_couplers/auto_cc/inst/gen_clock_conv.gen_async_lite_conv.clock_conv_lite_fwd_w/handshake/dest_hsdata_ff_reg[19]/D
  -------------------------------------------------------------------    -------------------

                         (clock clk_pl_1 rise edge)
                                                      0.000     0.000 r  
    PS8_X0Y0             PS8                          0.000     0.000 r  tick2trade_bd_i/zynq_ps/inst/PS8_i/PLCLK[1]
                         net (fo=1, routed)           0.154     0.154    tick2trade_bd_i/zynq_ps/inst/pl_clk_unbuffered[1]
    BUFG_PS_X0Y92        BUFG_PS (Prop_BUFG_PS_I_O)
                                                      0.018     0.172 r  tick2trade_bd_i/zynq_ps/inst/buffer_pl_clk_1.PL_CLK_1_BUFG/O
    X1Y2 (CLOCK_ROOT)    net (fo=19641, routed)       1.156     1.328    tick2trade_bd_i/zynq_ps_axi_periph/m01_couplers/auto_cc/inst/gen_clock_conv.gen_async_lite_conv.clock_conv_lite_fwd_w/handshake/dest_clk
    SLICE_X59Y212        FDRE                                         r  tick2trade_bd_i/zynq_ps_axi_periph/m01_couplers/auto_cc/inst/gen_clock_conv.gen_async_lite_conv.clock_conv_lite_fwd_w/handshake/dest_hsdata_ff_reg[19]/C

Slack:                    inf
  Source:                 tick2trade_bd_i/zynq_ps_axi_periph/m01_couplers/auto_cc/inst/gen_clock_conv.gen_async_lite_conv.clock_conv_lite_fwd_w/handshake/src_hsdata_ff_reg[23]/C
                            (rising edge-triggered cell FDRE clocked by clk_pl_0  {rise@0.000ns fall@5.000ns period=10.000ns})
  Destination:            tick2trade_bd_i/zynq_ps_axi_periph/m01_couplers/auto_cc/inst/gen_clock_conv.gen_async_lite_conv.clock_conv_lite_fwd_w/handshake/dest_hsdata_ff_reg[23]/D
                            (rising edge-triggered cell FDRE clocked by clk_pl_1  {rise@0.000ns fall@2.083ns period=4.166ns})
  Path Group:             (none)
  Path Type:              Hold (Min at Fast Process Corner)
  Data Path Delay:        0.106ns  (logic 0.039ns (36.792%)  route 0.067ns (63.208%))
  Logic Levels:           0  
  Clock Path Skew:        0.212ns (DCD - SCD - CPR)
    Destination Clock Delay (DCD):    1.333ns
    Source Clock Delay      (SCD):    1.122ns
    Clock Pessimism Removal (CPR):    -0.000ns
  Clock Uncertainty:      0.130ns  ((TSJ^2 + DJ^2)^1/2) / 2 + PE
    Total System Jitter     (TSJ):    0.071ns
    Discrete Jitter          (DJ):    0.250ns
    Phase Error              (PE):    0.000ns
  Clock Net Delay (Source):      0.983ns (routing 0.311ns, distribution 0.672ns)
  Clock Net Delay (Destination): 1.161ns (routing 0.404ns, distribution 0.757ns)
  Timing Exception:       Asynchronous Clock Groups

    Location             Delay type                Incr(ns)  Path(ns)    Netlist Resource(s)
  -------------------------------------------------------------------    -------------------
                         (clock clk_pl_0 rise edge)
                                                      0.000     0.000 r  
    PS8_X0Y0             PS8                          0.000     0.000 r  tick2trade_bd_i/zynq_ps/inst/PS8_i/PLCLK[0]
                         net (fo=1, routed)           0.122     0.122    tick2trade_bd_i/zynq_ps/inst/pl_clk_unbuffered[0]
    BUFG_PS_X0Y80        BUFG_PS (Prop_BUFG_PS_I_O)
                                                      0.017     0.139 r  tick2trade_bd_i/zynq_ps/inst/buffer_pl_clk_0.PL_CLK_0_BUFG/O
    X1Y2 (CLOCK_ROOT)    net (fo=2122, routed)        0.983     1.122    tick2trade_bd_i/zynq_ps_axi_periph/m01_couplers/auto_cc/inst/gen_clock_conv.gen_async_lite_conv.clock_conv_lite_fwd_w/handshake/src_clk
    SLICE_X55Y212        FDRE                                         r  tick2trade_bd_i/zynq_ps_axi_periph/m01_couplers/auto_cc/inst/gen_clock_conv.gen_async_lite_conv.clock_conv_lite_fwd_w/handshake/src_hsdata_ff_reg[23]/C
  -------------------------------------------------------------------    -------------------
    SLICE_X55Y212        FDRE (Prop_FFF_SLICEL_C_Q)
                                                      0.039     1.161 r  tick2trade_bd_i/zynq_ps_axi_periph/m01_couplers/auto_cc/inst/gen_clock_conv.gen_async_lite_conv.clock_conv_lite_fwd_w/handshake/src_hsdata_ff_reg[23]/Q
                         net (fo=1, routed)           0.067     1.228    tick2trade_bd_i/zynq_ps_axi_periph/m01_couplers/auto_cc/inst/gen_clock_conv.gen_async_lite_conv.clock_conv_lite_fwd_w/handshake/src_hsdata_ff[23]
    SLICE_X56Y212        FDRE                                         r  tick2trade_bd_i/zynq_ps_axi_periph/m01_couplers/auto_cc/inst/gen_clock_conv.gen_async_lite_conv.clock_conv_lite_fwd_w/handshake/dest_hsdata_ff_reg[23]/D
  -------------------------------------------------------------------    -------------------

                         (clock clk_pl_1 rise edge)
                                                      0.000     0.000 r  
    PS8_X0Y0             PS8                          0.000     0.000 r  tick2trade_bd_i/zynq_ps/inst/PS8_i/PLCLK[1]
                         net (fo=1, routed)           0.154     0.154    tick2trade_bd_i/zynq_ps/inst/pl_clk_unbuffered[1]
    BUFG_PS_X0Y92        BUFG_PS (Prop_BUFG_PS_I_O)
                                                      0.018     0.172 r  tick2trade_bd_i/zynq_ps/inst/buffer_pl_clk_1.PL_CLK_1_BUFG/O
    X1Y2 (CLOCK_ROOT)    net (fo=19641, routed)       1.161     1.333    tick2trade_bd_i/zynq_ps_axi_periph/m01_couplers/auto_cc/inst/gen_clock_conv.gen_async_lite_conv.clock_conv_lite_fwd_w/handshake/dest_clk
    SLICE_X56Y212        FDRE                                         r  tick2trade_bd_i/zynq_ps_axi_periph/m01_couplers/auto_cc/inst/gen_clock_conv.gen_async_lite_conv.clock_conv_lite_fwd_w/handshake/dest_hsdata_ff_reg[23]/C

Slack:                    inf
  Source:                 tick2trade_bd_i/zynq_ps_axi_periph/m01_couplers/auto_cc/inst/gen_clock_conv.gen_async_lite_conv.clock_conv_lite_resp_r/dest_ack_reg/C
                            (rising edge-triggered cell FDRE clocked by clk_pl_0  {rise@0.000ns fall@5.000ns period=10.000ns})
  Destination:            tick2trade_bd_i/zynq_ps_axi_periph/m01_couplers/auto_cc/inst/gen_clock_conv.gen_async_lite_conv.clock_conv_lite_resp_r/handshake/xpm_cdc_single_dest2src_inst/syncstages_ff_reg[0]/D
                            (rising edge-triggered cell FDRE clocked by clk_pl_1  {rise@0.000ns fall@2.083ns period=4.166ns})
  Path Group:             (none)
  Path Type:              Hold (Min at Fast Process Corner)
  Data Path Delay:        0.115ns  (logic 0.039ns (33.886%)  route 0.076ns (66.114%))
  Logic Levels:           0  
  Clock Path Skew:        0.229ns (DCD - SCD - CPR)
    Destination Clock Delay (DCD):    1.343ns
    Source Clock Delay      (SCD):    1.114ns
    Clock Pessimism Removal (CPR):    -0.000ns
  Clock Uncertainty:      0.130ns  ((TSJ^2 + DJ^2)^1/2) / 2 + PE
    Total System Jitter     (TSJ):    0.071ns
    Discrete Jitter          (DJ):    0.250ns
    Phase Error              (PE):    0.000ns
  Clock Net Delay (Source):      0.975ns (routing 0.311ns, distribution 0.664ns)
  Clock Net Delay (Destination): 1.171ns (routing 0.404ns, distribution 0.767ns)
  Timing Exception:       Asynchronous Clock Groups

    Location             Delay type                Incr(ns)  Path(ns)    Netlist Resource(s)
  -------------------------------------------------------------------    -------------------
                         (clock clk_pl_0 rise edge)
                                                      0.000     0.000 r  
    PS8_X0Y0             PS8                          0.000     0.000 r  tick2trade_bd_i/zynq_ps/inst/PS8_i/PLCLK[0]
                         net (fo=1, routed)           0.122     0.122    tick2trade_bd_i/zynq_ps/inst/pl_clk_unbuffered[0]
    BUFG_PS_X0Y80        BUFG_PS (Prop_BUFG_PS_I_O)
                                                      0.017     0.139 r  tick2trade_bd_i/zynq_ps/inst/buffer_pl_clk_0.PL_CLK_0_BUFG/O
    X1Y2 (CLOCK_ROOT)    net (fo=2122, routed)        0.975     1.114    tick2trade_bd_i/zynq_ps_axi_periph/m01_couplers/auto_cc/inst/gen_clock_conv.gen_async_lite_conv.clock_conv_lite_resp_r/dest_ack_reg_0
    SLICE_X52Y234        FDRE                                         r  tick2trade_bd_i/zynq_ps_axi_periph/m01_couplers/auto_cc/inst/gen_clock_conv.gen_async_lite_conv.clock_conv_lite_resp_r/dest_ack_reg/C
  -------------------------------------------------------------------    -------------------
    SLICE_X52Y234        FDRE (Prop_DFF_SLICEL_C_Q)
                                                      0.039     1.153 r  tick2trade_bd_i/zynq_ps_axi_periph/m01_couplers/auto_cc/inst/gen_clock_conv.gen_async_lite_conv.clock_conv_lite_resp_r/dest_ack_reg/Q
                         net (fo=2, routed)           0.076     1.229    tick2trade_bd_i/zynq_ps_axi_periph/m01_couplers/auto_cc/inst/gen_clock_conv.gen_async_lite_conv.clock_conv_lite_resp_r/handshake/xpm_cdc_single_dest2src_inst/src_in
    SLICE_X52Y234        FDRE                                         r  tick2trade_bd_i/zynq_ps_axi_periph/m01_couplers/auto_cc/inst/gen_clock_conv.gen_async_lite_conv.clock_conv_lite_resp_r/handshake/xpm_cdc_single_dest2src_inst/syncstages_ff_reg[0]/D
  -------------------------------------------------------------------    -------------------

                         (clock clk_pl_1 rise edge)
                                                      0.000     0.000 r  
    PS8_X0Y0             PS8                          0.000     0.000 r  tick2trade_bd_i/zynq_ps/inst/PS8_i/PLCLK[1]
                         net (fo=1, routed)           0.154     0.154    tick2trade_bd_i/zynq_ps/inst/pl_clk_unbuffered[1]
    BUFG_PS_X0Y92        BUFG_PS (Prop_BUFG_PS_I_O)
                                                      0.018     0.172 r  tick2trade_bd_i/zynq_ps/inst/buffer_pl_clk_1.PL_CLK_1_BUFG/O
    X1Y2 (CLOCK_ROOT)    net (fo=19641, routed)       1.171     1.343    tick2trade_bd_i/zynq_ps_axi_periph/m01_couplers/auto_cc/inst/gen_clock_conv.gen_async_lite_conv.clock_conv_lite_resp_r/handshake/xpm_cdc_single_dest2src_inst/dest_clk
    SLICE_X52Y234        FDRE                                         r  tick2trade_bd_i/zynq_ps_axi_periph/m01_couplers/auto_cc/inst/gen_clock_conv.gen_async_lite_conv.clock_conv_lite_resp_r/handshake/xpm_cdc_single_dest2src_inst/syncstages_ff_reg[0]/C

Slack:                    inf
  Source:                 tick2trade_bd_i/zynq_ps_axi_periph/m01_couplers/auto_cc/inst/gen_clock_conv.gen_async_lite_conv.clock_conv_lite_fwd_ar/handshake/src_hsdata_ff_reg[7]/C
                            (rising edge-triggered cell FDRE clocked by clk_pl_0  {rise@0.000ns fall@5.000ns period=10.000ns})
  Destination:            tick2trade_bd_i/zynq_ps_axi_periph/m01_couplers/auto_cc/inst/gen_clock_conv.gen_async_lite_conv.clock_conv_lite_fwd_ar/handshake/dest_hsdata_ff_reg[7]/D
                            (rising edge-triggered cell FDRE clocked by clk_pl_1  {rise@0.000ns fall@2.083ns period=4.166ns})
  Path Group:             (none)
  Path Type:              Hold (Min at Fast Process Corner)
  Data Path Delay:        0.118ns  (logic 0.040ns (33.898%)  route 0.078ns (66.102%))
  Logic Levels:           0  
  Clock Path Skew:        0.224ns (DCD - SCD - CPR)
    Destination Clock Delay (DCD):    1.341ns
    Source Clock Delay      (SCD):    1.117ns
    Clock Pessimism Removal (CPR):    -0.000ns
  Clock Uncertainty:      0.130ns  ((TSJ^2 + DJ^2)^1/2) / 2 + PE
    Total System Jitter     (TSJ):    0.071ns
    Discrete Jitter          (DJ):    0.250ns
    Phase Error              (PE):    0.000ns
  Clock Net Delay (Source):      0.978ns (routing 0.311ns, distribution 0.667ns)
  Clock Net Delay (Destination): 1.169ns (routing 0.404ns, distribution 0.765ns)
  Timing Exception:       Asynchronous Clock Groups

    Location             Delay type                Incr(ns)  Path(ns)    Netlist Resource(s)
  -------------------------------------------------------------------    -------------------
                         (clock clk_pl_0 rise edge)
                                                      0.000     0.000 r  
    PS8_X0Y0             PS8                          0.000     0.000 r  tick2trade_bd_i/zynq_ps/inst/PS8_i/PLCLK[0]
                         net (fo=1, routed)           0.122     0.122    tick2trade_bd_i/zynq_ps/inst/pl_clk_unbuffered[0]
    BUFG_PS_X0Y80        BUFG_PS (Prop_BUFG_PS_I_O)
                                                      0.017     0.139 r  tick2trade_bd_i/zynq_ps/inst/buffer_pl_clk_0.PL_CLK_0_BUFG/O
    X1Y2 (CLOCK_ROOT)    net (fo=2122, routed)        0.978     1.117    tick2trade_bd_i/zynq_ps_axi_periph/m01_couplers/auto_cc/inst/gen_clock_conv.gen_async_lite_conv.clock_conv_lite_fwd_ar/handshake/src_clk
    SLICE_X55Y233        FDRE                                         r  tick2trade_bd_i/zynq_ps_axi_periph/m01_couplers/auto_cc/inst/gen_clock_conv.gen_async_lite_conv.clock_conv_lite_fwd_ar/handshake/src_hsdata_ff_reg[7]/C
  -------------------------------------------------------------------    -------------------
    SLICE_X55Y233        FDRE (Prop_AFF2_SLICEL_C_Q)
                                                      0.040     1.157 r  tick2trade_bd_i/zynq_ps_axi_periph/m01_couplers/auto_cc/inst/gen_clock_conv.gen_async_lite_conv.clock_conv_lite_fwd_ar/handshake/src_hsdata_ff_reg[7]/Q
                         net (fo=1, routed)           0.078     1.235    tick2trade_bd_i/zynq_ps_axi_periph/m01_couplers/auto_cc/inst/gen_clock_conv.gen_async_lite_conv.clock_conv_lite_fwd_ar/handshake/src_hsdata_ff[7]
    SLICE_X55Y233        FDRE                                         r  tick2trade_bd_i/zynq_ps_axi_periph/m01_couplers/auto_cc/inst/gen_clock_conv.gen_async_lite_conv.clock_conv_lite_fwd_ar/handshake/dest_hsdata_ff_reg[7]/D
  -------------------------------------------------------------------    -------------------

                         (clock clk_pl_1 rise edge)
                                                      0.000     0.000 r  
    PS8_X0Y0             PS8                          0.000     0.000 r  tick2trade_bd_i/zynq_ps/inst/PS8_i/PLCLK[1]
                         net (fo=1, routed)           0.154     0.154    tick2trade_bd_i/zynq_ps/inst/pl_clk_unbuffered[1]
    BUFG_PS_X0Y92        BUFG_PS (Prop_BUFG_PS_I_O)
                                                      0.018     0.172 r  tick2trade_bd_i/zynq_ps/inst/buffer_pl_clk_1.PL_CLK_1_BUFG/O
    X1Y2 (CLOCK_ROOT)    net (fo=19641, routed)       1.169     1.341    tick2trade_bd_i/zynq_ps_axi_periph/m01_couplers/auto_cc/inst/gen_clock_conv.gen_async_lite_conv.clock_conv_lite_fwd_ar/handshake/dest_clk
    SLICE_X55Y233        FDRE                                         r  tick2trade_bd_i/zynq_ps_axi_periph/m01_couplers/auto_cc/inst/gen_clock_conv.gen_async_lite_conv.clock_conv_lite_fwd_ar/handshake/dest_hsdata_ff_reg[7]/C

Slack:                    inf
  Source:                 tick2trade_bd_i/zynq_ps_axi_periph/m01_couplers/auto_cc/inst/gen_clock_conv.gen_async_lite_conv.clock_conv_lite_fwd_w/handshake/src_hsdata_ff_reg[20]/C
                            (rising edge-triggered cell FDRE clocked by clk_pl_0  {rise@0.000ns fall@5.000ns period=10.000ns})
  Destination:            tick2trade_bd_i/zynq_ps_axi_periph/m01_couplers/auto_cc/inst/gen_clock_conv.gen_async_lite_conv.clock_conv_lite_fwd_w/handshake/dest_hsdata_ff_reg[20]/D
                            (rising edge-triggered cell FDRE clocked by clk_pl_1  {rise@0.000ns fall@2.083ns period=4.166ns})
  Path Group:             (none)
  Path Type:              Hold (Min at Fast Process Corner)
  Data Path Delay:        0.118ns  (logic 0.040ns (33.898%)  route 0.078ns (66.102%))
  Logic Levels:           0  
  Clock Path Skew:        0.217ns (DCD - SCD - CPR)
    Destination Clock Delay (DCD):    1.335ns
    Source Clock Delay      (SCD):    1.118ns
    Clock Pessimism Removal (CPR):    -0.000ns
  Clock Uncertainty:      0.130ns  ((TSJ^2 + DJ^2)^1/2) / 2 + PE
    Total System Jitter     (TSJ):    0.071ns
    Discrete Jitter          (DJ):    0.250ns
    Phase Error              (PE):    0.000ns
  Clock Net Delay (Source):      0.979ns (routing 0.311ns, distribution 0.668ns)
  Clock Net Delay (Destination): 1.163ns (routing 0.404ns, distribution 0.759ns)
  Timing Exception:       Asynchronous Clock Groups

    Location             Delay type                Incr(ns)  Path(ns)    Netlist Resource(s)
  -------------------------------------------------------------------    -------------------
                         (clock clk_pl_0 rise edge)
                                                      0.000     0.000 r  
    PS8_X0Y0             PS8                          0.000     0.000 r  tick2trade_bd_i/zynq_ps/inst/PS8_i/PLCLK[0]
                         net (fo=1, routed)           0.122     0.122    tick2trade_bd_i/zynq_ps/inst/pl_clk_unbuffered[0]
    BUFG_PS_X0Y80        BUFG_PS (Prop_BUFG_PS_I_O)
                                                      0.017     0.139 r  tick2trade_bd_i/zynq_ps/inst/buffer_pl_clk_0.PL_CLK_0_BUFG/O
    X1Y2 (CLOCK_ROOT)    net (fo=2122, routed)        0.979     1.118    tick2trade_bd_i/zynq_ps_axi_periph/m01_couplers/auto_cc/inst/gen_clock_conv.gen_async_lite_conv.clock_conv_lite_fwd_w/handshake/src_clk
    SLICE_X58Y221        FDRE                                         r  tick2trade_bd_i/zynq_ps_axi_periph/m01_couplers/auto_cc/inst/gen_clock_conv.gen_async_lite_conv.clock_conv_lite_fwd_w/handshake/src_hsdata_ff_reg[20]/C
  -------------------------------------------------------------------    -------------------
    SLICE_X58Y221        FDRE (Prop_AFF2_SLICEL_C_Q)
                                                      0.040     1.158 r  tick2trade_bd_i/zynq_ps_axi_periph/m01_couplers/auto_cc/inst/gen_clock_conv.gen_async_lite_conv.clock_conv_lite_fwd_w/handshake/src_hsdata_ff_reg[20]/Q
                         net (fo=1, routed)           0.078     1.236    tick2trade_bd_i/zynq_ps_axi_periph/m01_couplers/auto_cc/inst/gen_clock_conv.gen_async_lite_conv.clock_conv_lite_fwd_w/handshake/src_hsdata_ff[20]
    SLICE_X58Y221        FDRE                                         r  tick2trade_bd_i/zynq_ps_axi_periph/m01_couplers/auto_cc/inst/gen_clock_conv.gen_async_lite_conv.clock_conv_lite_fwd_w/handshake/dest_hsdata_ff_reg[20]/D
  -------------------------------------------------------------------    -------------------

                         (clock clk_pl_1 rise edge)
                                                      0.000     0.000 r  
    PS8_X0Y0             PS8                          0.000     0.000 r  tick2trade_bd_i/zynq_ps/inst/PS8_i/PLCLK[1]
                         net (fo=1, routed)           0.154     0.154    tick2trade_bd_i/zynq_ps/inst/pl_clk_unbuffered[1]
    BUFG_PS_X0Y92        BUFG_PS (Prop_BUFG_PS_I_O)
                                                      0.018     0.172 r  tick2trade_bd_i/zynq_ps/inst/buffer_pl_clk_1.PL_CLK_1_BUFG/O
    X1Y2 (CLOCK_ROOT)    net (fo=19641, routed)       1.163     1.335    tick2trade_bd_i/zynq_ps_axi_periph/m01_couplers/auto_cc/inst/gen_clock_conv.gen_async_lite_conv.clock_conv_lite_fwd_w/handshake/dest_clk
    SLICE_X58Y221        FDRE                                         r  tick2trade_bd_i/zynq_ps_axi_periph/m01_couplers/auto_cc/inst/gen_clock_conv.gen_async_lite_conv.clock_conv_lite_fwd_w/handshake/dest_hsdata_ff_reg[20]/C

Slack:                    inf
  Source:                 tick2trade_bd_i/zynq_ps_axi_periph/m01_couplers/auto_cc/inst/gen_clock_conv.gen_async_lite_conv.clock_conv_lite_fwd_w/handshake/src_hsdata_ff_reg[7]/C
                            (rising edge-triggered cell FDRE clocked by clk_pl_0  {rise@0.000ns fall@5.000ns period=10.000ns})
  Destination:            tick2trade_bd_i/zynq_ps_axi_periph/m01_couplers/auto_cc/inst/gen_clock_conv.gen_async_lite_conv.clock_conv_lite_fwd_w/handshake/dest_hsdata_ff_reg[7]/D
                            (rising edge-triggered cell FDRE clocked by clk_pl_1  {rise@0.000ns fall@2.083ns period=4.166ns})
  Path Group:             (none)
  Path Type:              Hold (Min at Fast Process Corner)
  Data Path Delay:        0.122ns  (logic 0.039ns (31.967%)  route 0.083ns (68.033%))
  Logic Levels:           0  
  Clock Path Skew:        0.220ns (DCD - SCD - CPR)
    Destination Clock Delay (DCD):    1.335ns
    Source Clock Delay      (SCD):    1.115ns
    Clock Pessimism Removal (CPR):    -0.000ns
  Clock Uncertainty:      0.130ns  ((TSJ^2 + DJ^2)^1/2) / 2 + PE
    Total System Jitter     (TSJ):    0.071ns
    Discrete Jitter          (DJ):    0.250ns
    Phase Error              (PE):    0.000ns
  Clock Net Delay (Source):      0.976ns (routing 0.311ns, distribution 0.665ns)
  Clock Net Delay (Destination): 1.163ns (routing 0.404ns, distribution 0.759ns)
  Timing Exception:       Asynchronous Clock Groups

    Location             Delay type                Incr(ns)  Path(ns)    Netlist Resource(s)
  -------------------------------------------------------------------    -------------------
                         (clock clk_pl_0 rise edge)
                                                      0.000     0.000 r  
    PS8_X0Y0             PS8                          0.000     0.000 r  tick2trade_bd_i/zynq_ps/inst/PS8_i/PLCLK[0]
                         net (fo=1, routed)           0.122     0.122    tick2trade_bd_i/zynq_ps/inst/pl_clk_unbuffered[0]
    BUFG_PS_X0Y80        BUFG_PS (Prop_BUFG_PS_I_O)
                                                      0.017     0.139 r  tick2trade_bd_i/zynq_ps/inst/buffer_pl_clk_0.PL_CLK_0_BUFG/O
    X1Y2 (CLOCK_ROOT)    net (fo=2122, routed)        0.976     1.115    tick2trade_bd_i/zynq_ps_axi_periph/m01_couplers/auto_cc/inst/gen_clock_conv.gen_async_lite_conv.clock_conv_lite_fwd_w/handshake/src_clk
    SLICE_X58Y215        FDRE                                         r  tick2trade_bd_i/zynq_ps_axi_periph/m01_couplers/auto_cc/inst/gen_clock_conv.gen_async_lite_conv.clock_conv_lite_fwd_w/handshake/src_hsdata_ff_reg[7]/C
  -------------------------------------------------------------------    -------------------
    SLICE_X58Y215        FDRE (Prop_BFF_SLICEL_C_Q)
                                                      0.039     1.154 r  tick2trade_bd_i/zynq_ps_axi_periph/m01_couplers/auto_cc/inst/gen_clock_conv.gen_async_lite_conv.clock_conv_lite_fwd_w/handshake/src_hsdata_ff_reg[7]/Q
                         net (fo=1, routed)           0.083     1.237    tick2trade_bd_i/zynq_ps_axi_periph/m01_couplers/auto_cc/inst/gen_clock_conv.gen_async_lite_conv.clock_conv_lite_fwd_w/handshake/src_hsdata_ff[7]
    SLICE_X58Y215        FDRE                                         r  tick2trade_bd_i/zynq_ps_axi_periph/m01_couplers/auto_cc/inst/gen_clock_conv.gen_async_lite_conv.clock_conv_lite_fwd_w/handshake/dest_hsdata_ff_reg[7]/D
  -------------------------------------------------------------------    -------------------

                         (clock clk_pl_1 rise edge)
                                                      0.000     0.000 r  
    PS8_X0Y0             PS8                          0.000     0.000 r  tick2trade_bd_i/zynq_ps/inst/PS8_i/PLCLK[1]
                         net (fo=1, routed)           0.154     0.154    tick2trade_bd_i/zynq_ps/inst/pl_clk_unbuffered[1]
    BUFG_PS_X0Y92        BUFG_PS (Prop_BUFG_PS_I_O)
                                                      0.018     0.172 r  tick2trade_bd_i/zynq_ps/inst/buffer_pl_clk_1.PL_CLK_1_BUFG/O
    X1Y2 (CLOCK_ROOT)    net (fo=19641, routed)       1.163     1.335    tick2trade_bd_i/zynq_ps_axi_periph/m01_couplers/auto_cc/inst/gen_clock_conv.gen_async_lite_conv.clock_conv_lite_fwd_w/handshake/dest_clk
    SLICE_X58Y215        FDRE                                         r  tick2trade_bd_i/zynq_ps_axi_periph/m01_couplers/auto_cc/inst/gen_clock_conv.gen_async_lite_conv.clock_conv_lite_fwd_w/handshake/dest_hsdata_ff_reg[7]/C





